sample_index,jid,target,split,y_true,y_pred
6400,JVASP-119938,formation_energy_peratom,val,-0.30048,0.19416000722222207
6401,JVASP-109013,formation_energy_peratom,val,-2.07496,-1.3095039343650787
6402,JVASP-50021,formation_energy_peratom,val,-1.12853,-0.02897665277777779
6403,JVASP-154862,formation_energy_peratom,val,-1.5121,-2.1410062383333326
6404,JVASP-69252,formation_energy_peratom,val,0.48176,-0.19405383222222214
6405,JVASP-132218,formation_energy_peratom,val,0.14997,-0.3579775416666665
6406,JVASP-116604,formation_energy_peratom,val,-0.72949,-0.7588128377777781
6407,JVASP-189761,formation_energy_peratom,val,-0.87753,-1.484563572777778
6408,JVASP-107516,formation_energy_peratom,val,-0.31809,-0.263927745
6409,JVASP-163733,formation_energy_peratom,val,-2.23754,-1.948166289999998
6410,JVASP-102302,formation_energy_peratom,val,-0.62699,-0.8155424822222217
6411,JVASP-118605,formation_energy_peratom,val,0.27335,-0.24333405499999983
6412,JVASP-71580,formation_energy_peratom,val,-0.13258,-0.28235514722222227
6413,JVASP-157065,formation_energy_peratom,val,-0.65838,-0.44354651388888916
6414,JVASP-46014,formation_energy_peratom,val,-2.83714,-1.3323919911111113
6415,JVASP-173476,formation_energy_peratom,val,-1.75314,-1.2223080966666673
6416,JVASP-94238,formation_energy_peratom,val,0.22978,0.18732718944444496
6417,JVASP-133137,formation_energy_peratom,val,-1.20723,-0.892452476666667
6418,JVASP-155038,formation_energy_peratom,val,-1.77731,-1.6899953097222222
6419,JVASP-29137,formation_energy_peratom,val,-0.24665,-0.4330643377777775
6420,JVASP-15340,formation_energy_peratom,val,-0.41582,-0.6013346399999997
6421,JVASP-113012,formation_energy_peratom,val,-0.61703,-0.8729517572222221
6422,JVASP-35848,formation_energy_peratom,val,-0.56247,-0.5879530811111104
6423,JVASP-115103,formation_energy_peratom,val,-0.78132,-0.49010993
6424,JVASP-154084,formation_energy_peratom,val,-1.61903,-1.4533640897619091
6425,JVASP-155308,formation_energy_peratom,val,-1.03069,-0.6921308061111116
6426,JVASP-101873,formation_energy_peratom,val,-0.38983,-0.44746663492063427
6427,JVASP-179392,formation_energy_peratom,val,-0.85897,-0.8864566833333335
6428,JVASP-58253,formation_energy_peratom,val,-3.40633,-2.486600178015875
6429,JVASP-193316,formation_energy_peratom,val,-0.02036,-0.07459050833333336
6430,JVASP-116187,formation_energy_peratom,val,-0.03877,-0.8025584000000001
6431,JVASP-10651,formation_energy_peratom,val,-2.55867,-2.4977393766666665
6432,JVASP-57702,formation_energy_peratom,val,-0.88024,-0.8841090083333315
6433,JVASP-137115,formation_energy_peratom,val,-0.79892,-0.23825496500000004
6434,JVASP-71974,formation_energy_peratom,val,0.0198,-0.1401955655555555
6435,JVASP-73555,formation_energy_peratom,val,0.09781,-0.0878321644444444
6436,JVASP-9991,formation_energy_peratom,val,-0.44714,-1.061004855555556
6437,JVASP-92221,formation_energy_peratom,val,-1.92481,-0.7719948966666664
6438,JVASP-164344,formation_energy_peratom,val,-3.6741,-3.0407549314285696
6439,JVASP-37666,formation_energy_peratom,val,-2.16642,-2.7546121205555614
6440,JVASP-18525,formation_energy_peratom,val,-1.14395,-0.7876568355555565
6441,JVASP-109952,formation_energy_peratom,val,-0.86068,-0.6974465977777784
6442,JVASP-192079,formation_energy_peratom,val,-0.38319,-0.46485460555555574
6443,JVASP-76788,formation_energy_peratom,val,0.08544,-0.7907310777777785
6444,JVASP-155005,formation_energy_peratom,val,-2.65447,-2.6368321916666657
6445,JVASP-27531,formation_energy_peratom,val,-0.8694,-1.1304670666666656
6446,JVASP-42559,formation_energy_peratom,val,-1.52519,-2.019658055555554
6447,JVASP-67748,formation_energy_peratom,val,-0.02652,-0.25949734277777786
6448,JVASP-150823,formation_energy_peratom,val,-2.6732,-2.575297822222223
6449,JVASP-134494,formation_energy_peratom,val,-0.84504,-1.1694902994444456
6450,JVASP-156422,formation_energy_peratom,val,-0.3771,-0.16408019722222214
6451,JVASP-65044,formation_energy_peratom,val,1.07013,0.1483219311111112
6452,JVASP-187932,formation_energy_peratom,val,-0.04952,-0.25031860515873
6453,JVASP-171573,formation_energy_peratom,val,-0.76938,-0.8234631477777778
6454,JVASP-137750,formation_energy_peratom,val,-2.48297,-2.4473149461111117
6455,JVASP-17640,formation_energy_peratom,val,-0.71708,-0.593952137777778
6456,JVASP-126647,formation_energy_peratom,val,0.84299,-0.000508881666666663
6457,JVASP-176745,formation_energy_peratom,val,-0.4816,-0.20587743666666664
6458,JVASP-143186,formation_energy_peratom,val,-0.45884,-0.7067821055555548
6459,JVASP-18447,formation_energy_peratom,val,-0.09904,-0.3117657416666667
6460,JVASP-51607,formation_energy_peratom,val,-0.39682,-0.7901280961111113
6461,JVASP-49888,formation_energy_peratom,val,-1.90467,-2.4438059727777763
6462,JVASP-143194,formation_energy_peratom,val,-0.36143,-1.199405523888888
6463,JVASP-20843,formation_energy_peratom,val,-0.72506,-0.4969801305555558
6464,JVASP-36032,formation_energy_peratom,val,-0.73888,-0.24211057000000002
6465,JVASP-115416,formation_energy_peratom,val,-0.36846,-0.33792013722222247
6466,JVASP-162027,formation_energy_peratom,val,-1.12581,-0.7183610049999994
6467,JVASP-102615,formation_energy_peratom,val,-2.09219,-1.4059204444444442
6468,JVASP-94918,formation_energy_peratom,val,-2.34049,-1.821973331111112
6469,JVASP-178683,formation_energy_peratom,val,-0.04099,0.051305095555555576
6470,JVASP-101449,formation_energy_peratom,val,-0.14916,-0.25574522499999985
6471,JVASP-105985,formation_energy_peratom,val,-0.47623,-0.49111673111111126
6472,JVASP-185729,formation_energy_peratom,val,-2.64233,-0.7872771255555554
6473,JVASP-179548,formation_energy_peratom,val,-0.65366,-0.4350449861111109
6474,JVASP-180167,formation_energy_peratom,val,-0.21157,-0.4346128874074077
6475,JVASP-141395,formation_energy_peratom,val,-2.85965,-2.4003697944444444
6476,JVASP-66042,formation_energy_peratom,val,1.2364,1.0351110661111103
6477,JVASP-168855,formation_energy_peratom,val,-2.61316,-2.3822317250000005
6478,JVASP-178299,formation_energy_peratom,val,-0.23941,-0.5611046905555555
6479,JVASP-81731,formation_energy_peratom,val,-0.08084,-0.4726388994949497
6480,JVASP-128429,formation_energy_peratom,val,-0.1879,-0.2098269577777777
6481,JVASP-19083,formation_energy_peratom,val,-3.57585,-2.236344471666664
6482,JVASP-129552,formation_energy_peratom,val,-0.33578,0.16372532277777785
6483,JVASP-134808,formation_energy_peratom,val,-2.31282,-1.7865297316666677
6484,JVASP-175925,formation_energy_peratom,val,-1.91247,-2.088775768888889
6485,JVASP-12909,formation_energy_peratom,val,-0.5147,-0.5013975500000005
6486,JVASP-28644,formation_energy_peratom,val,-0.65065,-0.6889961777777776
6487,JVASP-175941,formation_energy_peratom,val,-2.54124,-2.2793501468253963
6488,JVASP-104971,formation_energy_peratom,val,-1.93387,-1.0623497305555551
6489,JVASP-21450,formation_energy_peratom,val,-0.50496,-0.7309929938888888
6490,JVASP-64266,formation_energy_peratom,val,0.74548,0.4682471205555563
6491,JVASP-5326,formation_energy_peratom,val,-0.62856,-0.6985545155555561
6492,JVASP-66852,formation_energy_peratom,val,0.01018,0.08282331999999995
6493,JVASP-42982,formation_energy_peratom,val,-1.85797,-1.9141267988888906
6494,JVASP-184923,formation_energy_peratom,val,-1.84711,-0.5946378250000001
6495,JVASP-80012,formation_energy_peratom,val,-0.41011,-0.68293315484127
6496,JVASP-66111,formation_energy_peratom,val,0.72609,0.9700482066666666
6497,JVASP-182389,formation_energy_peratom,val,-1.59381,0.23087167111111156
6498,JVASP-39122,formation_energy_peratom,val,-0.13479,-0.20206720277777757
6499,JVASP-80357,formation_energy_peratom,val,0.54948,-0.35210241
6500,JVASP-15859,formation_energy_peratom,val,-0.55168,-0.8489499550000003
6501,JVASP-127411,formation_energy_peratom,val,0.06545,-0.31292536722222214
6502,JVASP-163440,formation_energy_peratom,val,-0.72391,-1.0032201155555556
6503,JVASP-16768,formation_energy_peratom,val,-0.47735,-0.4633228994444447
6504,JVASP-97609,formation_energy_peratom,val,-0.27598,-0.6283612655555557
6505,JVASP-91729,formation_energy_peratom,val,-1.83763,-1.9772433033333352
6506,JVASP-106527,formation_energy_peratom,val,-0.62063,-0.5571064448412691
6507,JVASP-126880,formation_energy_peratom,val,-0.4795,-0.19435521777777748
6508,JVASP-44403,formation_energy_peratom,val,-2.15321,-2.408108319722221
6509,JVASP-71123,formation_energy_peratom,val,-0.15697,-0.017279870833333332
6510,JVASP-11416,formation_energy_peratom,val,-1.14767,-1.1700154177777782
6511,JVASP-120154,formation_energy_peratom,val,-2.25707,-2.265450281428572
6512,JVASP-149229,formation_energy_peratom,val,-0.982,-0.9599232311111109
6513,JVASP-54898,formation_energy_peratom,val,-0.63573,-0.5069798355555557
6514,JVASP-117604,formation_energy_peratom,val,-0.51566,-0.388916803888889
6515,JVASP-41504,formation_energy_peratom,val,-0.55104,-0.5366885600000001
6516,JVASP-16429,formation_energy_peratom,val,-0.21592,0.031125725555555567
6517,JVASP-8382,formation_energy_peratom,val,-3.29586,-3.016084778809525
6518,JVASP-78753,formation_energy_peratom,val,0.2033,-0.11147872277777782
6519,JVASP-165541,formation_energy_peratom,val,-0.40463,-0.4345068305555556
6520,JVASP-12357,formation_energy_peratom,val,-1.56444,-2.0189616588888892
6521,JVASP-112894,formation_energy_peratom,val,-0.58008,-1.265167696111112
6522,JVASP-107679,formation_energy_peratom,val,0.2777,-0.32227642888888897
6523,JVASP-135764,formation_energy_peratom,val,0.60265,-0.7870916000000004
6524,JVASP-121297,formation_energy_peratom,val,-1.70069,-1.797593629444446
6525,JVASP-98438,formation_energy_peratom,val,-0.69247,-0.7464232954761907
6526,JVASP-134803,formation_energy_peratom,val,0.61499,1.0314646777777772
6527,JVASP-109892,formation_energy_peratom,val,-1.64739,-1.5079827072222218
6528,JVASP-37465,formation_energy_peratom,val,-0.25398,-0.363664668095238
6529,JVASP-101033,formation_energy_peratom,val,-3.25415,-0.4178192805555557
6530,JVASP-97854,formation_energy_peratom,val,-0.10368,-1.0137191666666667
6531,JVASP-86987,formation_energy_peratom,val,-0.59651,-0.8025432377777781
6532,JVASP-149342,formation_energy_peratom,val,-0.46744,-0.43290080333333386
6533,JVASP-134050,formation_energy_peratom,val,0.55579,0.2777774833272281
6534,JVASP-190906,formation_energy_peratom,val,-0.3822,-0.20504041055555558
6535,JVASP-166068,formation_energy_peratom,val,-1.76475,-1.35499286
6536,JVASP-127724,formation_energy_peratom,val,1.35307,0.2891280694444445
6537,JVASP-127368,formation_energy_peratom,val,0.06323,0.10050085055555542
6538,JVASP-55230,formation_energy_peratom,val,-0.63789,-0.6190976738888899
6539,JVASP-38911,formation_energy_peratom,val,-0.63426,-0.7910126016666666
6540,JVASP-46198,formation_energy_peratom,val,-2.01902,-2.128346866666666
6541,JVASP-36261,formation_energy_peratom,val,-0.2189,0.2352112611111114
6542,JVASP-80462,formation_energy_peratom,val,-0.27088,-0.3303201572222222
6543,JVASP-189325,formation_energy_peratom,val,-0.12406,-0.1474622194444445
6544,JVASP-103366,formation_energy_peratom,val,-0.62892,-0.6921945888888886
6545,JVASP-184027,formation_energy_peratom,val,-0.26804,-1.1286432727777782
6546,JVASP-182951,formation_energy_peratom,val,-0.17826,-0.22018655833333345
6547,JVASP-141555,formation_energy_peratom,val,-1.0458,-1.3748585555555564
6548,JVASP-52866,formation_energy_peratom,val,-0.05383,0.19991967888888879
6549,JVASP-190888,formation_energy_peratom,val,-0.95011,-0.7848841588888894
6550,JVASP-179597,formation_energy_peratom,val,-0.25288,-0.2527182994444444
6551,JVASP-45730,formation_energy_peratom,val,-1.88373,-1.9724313194444456
6552,JVASP-37371,formation_energy_peratom,val,0.04098,0.009853572222222232
6553,JVASP-28447,formation_energy_peratom,val,-0.58943,-0.1962483305555554
6554,JVASP-11233,formation_energy_peratom,val,-2.6832,-2.6305998677777773
6555,JVASP-95,formation_energy_peratom,val,-0.67015,-0.23454502277777778
6556,JVASP-165620,formation_energy_peratom,val,-1.47386,-1.2825857183333338
6557,JVASP-66157,formation_energy_peratom,val,1.45541,1.163509971666667
6558,JVASP-137358,formation_energy_peratom,val,-1.72597,-0.9642450338888883
6559,JVASP-51219,formation_energy_peratom,val,0.77979,0.2845169299999997
6560,JVASP-124759,formation_energy_peratom,val,0.00655,-0.02817897555555555
6561,JVASP-100661,formation_energy_peratom,val,-0.2082,-0.6296468216666666
6562,JVASP-138679,formation_energy_peratom,val,-2.36421,-1.744898618333336
6563,JVASP-67657,formation_energy_peratom,val,0.38434,0.27960461555555566
6564,JVASP-145488,formation_energy_peratom,val,-0.14426,-0.8766373711111112
6565,JVASP-100898,formation_energy_peratom,val,-0.65703,-0.8841855555555558
6566,JVASP-121273,formation_energy_peratom,val,0.50641,-0.19870671277777788
6567,JVASP-112997,formation_energy_peratom,val,-1.33549,-1.0393714611111116
6568,JVASP-69740,formation_energy_peratom,val,-0.02652,0.07725921611111103
6569,JVASP-110745,formation_energy_peratom,val,0.08208,-0.17185353333333317
6570,JVASP-139480,formation_energy_peratom,val,-2.12527,-1.3599500196296312
6571,JVASP-50097,formation_energy_peratom,val,-3.78164,-2.2155247988888864
6572,JVASP-119288,formation_energy_peratom,val,-2.20764,-2.217411361111112
6573,JVASP-86723,formation_energy_peratom,val,0.1788,-0.3193812972222222
6574,JVASP-188684,formation_energy_peratom,val,-0.13957,-0.17941525555555551
6575,JVASP-74697,formation_energy_peratom,val,0.22532,0.03764932888888895
6576,JVASP-124873,formation_energy_peratom,val,1.90579,0.3016397972222224
6577,JVASP-145924,formation_energy_peratom,val,-3.28147,-3.0028830533333286
6578,JVASP-39276,formation_energy_peratom,val,-0.09436,-0.20422663000000021
6579,JVASP-58326,formation_energy_peratom,val,-2.97302,-2.467663613888887
6580,JVASP-106993,formation_energy_peratom,val,-0.45752,-0.38988657388888903
6581,JVASP-106760,formation_energy_peratom,val,-0.87376,-0.6888311444444443
6582,JVASP-110466,formation_energy_peratom,val,-0.99276,-0.6646275811111111
6583,JVASP-114606,formation_energy_peratom,val,0.35967,0.3849601422222226
6584,JVASP-104110,formation_energy_peratom,val,-0.05793,-0.31294166047619043
6585,JVASP-141777,formation_energy_peratom,val,-1.55295,-1.4990317144444443
6586,JVASP-146514,formation_energy_peratom,val,0.00424,-0.8580298759259265
6587,JVASP-122509,formation_energy_peratom,val,-0.69306,-1.6834863433333354
6588,JVASP-180418,formation_energy_peratom,val,-0.7913,-0.5463118205555559
6589,JVASP-133069,formation_energy_peratom,val,-2.27454,-2.215334879999999
6590,JVASP-98097,formation_energy_peratom,val,-0.68678,-1.069642591666666
6591,JVASP-93878,formation_energy_peratom,val,-0.40037,-0.45044220388888884
6592,JVASP-72003,formation_energy_peratom,val,0.21171,0.13370392805555548
6593,JVASP-9120,formation_energy_peratom,val,-0.47697,-0.4893448638888889
6594,JVASP-35492,formation_energy_peratom,val,0.32465,-1.5238192244444446
6595,JVASP-66202,formation_energy_peratom,val,1.37705,1.1223549666269843
6596,JVASP-191768,formation_energy_peratom,val,-1.05949,-0.3469879299999997
6597,JVASP-93311,formation_energy_peratom,val,-0.11702,-0.7950827611111114
6598,JVASP-25326,formation_energy_peratom,val,0.06344,0.5705992173015875
6599,JVASP-29398,formation_energy_peratom,val,-2.89253,-2.2715498849999998
6600,JVASP-135884,formation_energy_peratom,val,-1.2149,-0.6666404438888884
6601,JVASP-153264,formation_energy_peratom,val,-2.19274,-2.1180673449999974
6602,JVASP-120201,formation_energy_peratom,val,0.06429,-0.14586845111111113
6603,JVASP-85718,formation_energy_peratom,val,-2.50585,-1.807387280555555
6604,JVASP-175880,formation_energy_peratom,val,-1.16916,-2.0080413483333346
6605,JVASP-180323,formation_energy_peratom,val,-0.54286,-0.3545629957142856
6606,JVASP-159757,formation_energy_peratom,val,-2.04507,-1.9545549127777797
6607,JVASP-53515,formation_energy_peratom,val,0.29856,-0.4376966105555557
6608,JVASP-117297,formation_energy_peratom,val,-2.0311,-2.0402160452777762
6609,JVASP-144347,formation_energy_peratom,val,-0.08641,-0.3287786133333333
6610,JVASP-38910,formation_energy_peratom,val,-0.74591,-0.6464862150505049
6611,JVASP-98372,formation_energy_peratom,val,-1.33783,-1.4119368267676766
6612,JVASP-99822,formation_energy_peratom,val,-0.39761,-0.13297651888888898
6613,JVASP-64362,formation_energy_peratom,val,0.10784,0.5380843983333334
6614,JVASP-136409,formation_energy_peratom,val,0.05445,-0.32658293722222215
6615,JVASP-56537,formation_energy_peratom,val,-0.07294,-0.5673283700000007
6616,JVASP-105559,formation_energy_peratom,val,-1.26473,-1.4624814783333335
6617,JVASP-71654,formation_energy_peratom,val,0.15075,-0.07702572999999993
6618,JVASP-128387,formation_energy_peratom,val,0.2158,0.15148290111111115
6619,JVASP-134231,formation_energy_peratom,val,-1.11989,-1.993891241666668
6620,JVASP-120081,formation_energy_peratom,val,-0.42269,-0.9054371538888881
6621,JVASP-183841,formation_energy_peratom,val,-0.96357,-0.42542979666666675
6622,JVASP-114428,formation_energy_peratom,val,-0.96138,-1.2812532980158724
6623,JVASP-186506,formation_energy_peratom,val,-0.23595,-0.5127899055555553
6624,JVASP-176086,formation_energy_peratom,val,-2.40852,-2.571825456111111
6625,JVASP-1540,formation_energy_peratom,val,-0.58309,-0.37536796527777777
6626,JVASP-180146,formation_energy_peratom,val,-0.99579,-1.1587678527777785
6627,JVASP-63714,formation_energy_peratom,val,-0.66445,-0.6662861697619044
6628,JVASP-15082,formation_energy_peratom,val,-0.37457,0.05957629333333334
6629,JVASP-67935,formation_energy_peratom,val,1.28396,0.04757565555555554
6630,JVASP-88639,formation_energy_peratom,val,-0.57244,-0.5564624661111115
6631,JVASP-154311,formation_energy_peratom,val,-0.5224,-0.29797223888888885
6632,JVASP-164019,formation_energy_peratom,val,-0.87767,-0.8845151472222202
6633,JVASP-179135,formation_energy_peratom,val,-0.43664,-0.6264210055555561
6634,JVASP-43392,formation_energy_peratom,val,-3.64049,-2.059496754444445
6635,JVASP-136243,formation_energy_peratom,val,1.5836,-0.18542449444444453
6636,JVASP-120219,formation_energy_peratom,val,-0.0923,-0.03113303777777776
6637,JVASP-12687,formation_energy_peratom,val,-2.45482,-2.3841212116666672
6638,JVASP-79441,formation_energy_peratom,val,-1.51854,-1.4460854800000011
6639,JVASP-119097,formation_energy_peratom,val,-0.5625,-1.391060491666666
6640,JVASP-69043,formation_energy_peratom,val,0.8247,-0.33478864166666694
6641,JVASP-136360,formation_energy_peratom,val,0.00082,-0.17562930111111125
6642,JVASP-106453,formation_energy_peratom,val,-1.24501,-1.43455606111111
6643,JVASP-127992,formation_energy_peratom,val,-0.73815,-0.0715348561111111
6644,JVASP-36936,formation_energy_peratom,val,-1.41199,-2.0234652611111104
6645,JVASP-117972,formation_energy_peratom,val,0.40654,-0.08672857944444434
6646,JVASP-153534,formation_energy_peratom,val,-1.14595,-0.9071019905555556
6647,JVASP-44621,formation_energy_peratom,val,-2.16312,-1.8824948470634895
6648,JVASP-12128,formation_energy_peratom,val,-2.38774,-2.134135352777778
6649,JVASP-146662,formation_energy_peratom,val,-0.06351,-0.5027714450000002
6650,JVASP-155387,formation_energy_peratom,val,-0.36953,-0.7100191213492064
6651,JVASP-164720,formation_energy_peratom,val,-3.34769,-2.4760589727777784
6652,JVASP-86950,formation_energy_peratom,val,-1.84779,-2.34233539722222
6653,JVASP-183278,formation_energy_peratom,val,-0.24251,-0.20563057944444438
6654,JVASP-176377,formation_energy_peratom,val,-0.68073,-0.44092875222222155
6655,JVASP-142772,formation_energy_peratom,val,-3.41402,-2.6906189033333336
6656,JVASP-150654,formation_energy_peratom,val,-1.90673,-2.2093099727777763
6657,JVASP-71300,formation_energy_peratom,val,0.20878,0.045957613148148155
6658,JVASP-157055,formation_energy_peratom,val,0.21979,-0.5433753483333332
6659,JVASP-158681,formation_energy_peratom,val,-0.77155,-0.3165001477777775
6660,JVASP-129313,formation_energy_peratom,val,0.32982,-0.5923115094444442
6661,JVASP-125496,formation_energy_peratom,val,-0.04842,-0.2605424755555555
6662,JVASP-79453,formation_energy_peratom,val,-0.96109,-0.5312936833333333
6663,JVASP-48922,formation_energy_peratom,val,-2.70704,-2.4559089727777774
6664,JVASP-19101,formation_energy_peratom,val,-3.05098,-2.4410061861111094
6665,JVASP-179432,formation_energy_peratom,val,-0.26187,-0.9776543583333341
6666,JVASP-105349,formation_energy_peratom,val,-0.29588,-0.21572547777777776
6667,JVASP-86270,formation_energy_peratom,val,-0.8848,-0.8326083027777784
6668,JVASP-22976,formation_energy_peratom,val,-2.8127,-2.154451093703704
6669,JVASP-58132,formation_energy_peratom,val,-0.46372,-1.4654759044444443
6670,JVASP-144351,formation_energy_peratom,val,-0.67843,-1.0408914999999994
6671,JVASP-136747,formation_energy_peratom,val,1.20939,0.18923730015873025
6672,JVASP-164442,formation_energy_peratom,val,-0.64378,-0.4850690672222219
6673,JVASP-598,formation_energy_peratom,val,-0.5715,-0.7383886802380949
6674,JVASP-81204,formation_energy_peratom,val,-0.02508,-0.34336740166666646
6675,JVASP-64193,formation_energy_peratom,val,0.39825,0.42517153055555595
6676,JVASP-19612,formation_energy_peratom,val,-0.50448,-0.48623660277777797
6677,JVASP-162998,formation_energy_peratom,val,-0.46315,-0.5362937766666664
6678,JVASP-168986,formation_energy_peratom,val,-1.32008,-1.0324032777777783
6679,JVASP-138619,formation_energy_peratom,val,0.47583,-0.2956098983333335
6680,JVASP-66623,formation_energy_peratom,val,0.07335,0.2130380188888889
6681,JVASP-156881,formation_energy_peratom,val,-0.32768,-0.2299907216666665
6682,JVASP-10923,formation_energy_peratom,val,-1.46943,-1.8605732472222205
6683,JVASP-118316,formation_energy_peratom,val,-2.63659,-1.1092198027777782
6684,JVASP-140884,formation_energy_peratom,val,-0.53699,-0.8424993361111116
6685,JVASP-42989,formation_energy_peratom,val,-2.38702,-2.213436116825398
6686,JVASP-184012,formation_energy_peratom,val,-0.92797,-0.8427538061111105
6687,JVASP-115172,formation_energy_peratom,val,-1.19425,-0.45952495201058213
6688,JVASP-12241,formation_energy_peratom,val,-2.10553,-1.599195388888888
6689,JVASP-100616,formation_energy_peratom,val,-0.5122,-0.3512677559523808
6690,JVASP-140266,formation_energy_peratom,val,-2.57325,-2.5381785083333326
6691,JVASP-71795,formation_energy_peratom,val,0.17639,0.31120286694444466
6692,JVASP-119726,formation_energy_peratom,val,-1.58417,-1.5098946515608465
6693,JVASP-109797,formation_energy_peratom,val,-0.59142,-0.4334220694444447
6694,JVASP-152192,formation_energy_peratom,val,-0.43265,-0.6800558472222223
6695,JVASP-35321,formation_energy_peratom,val,0.02768,-0.4738091250000001
6696,JVASP-11638,formation_energy_peratom,val,-2.55032,-2.4895943133333334
6697,JVASP-105480,formation_energy_peratom,val,-4.02429,-2.2023591438888874
6698,JVASP-97755,formation_energy_peratom,val,-3.30282,-2.8934434516666703
6699,JVASP-185249,formation_energy_peratom,val,-0.18467,-0.2692717538888889
6700,JVASP-29304,formation_energy_peratom,val,-0.45042,-0.8205545249999998
6701,JVASP-191536,formation_energy_peratom,val,-0.39694,-0.22824819722222217
6702,JVASP-179358,formation_energy_peratom,val,-1.5545,-1.65826306579365
6703,JVASP-58384,formation_energy_peratom,val,-3.1539,-2.542235375740742
6704,JVASP-124674,formation_energy_peratom,val,0.1622,-0.23706300555555557
6705,JVASP-99516,formation_energy_peratom,val,-0.20946,-1.2098256588888887
6706,JVASP-188638,formation_energy_peratom,val,-0.06106,-0.01574032833333334
6707,JVASP-117451,formation_energy_peratom,val,-1.5906,-1.5577737377777776
6708,JVASP-176758,formation_energy_peratom,val,-1.00504,-0.7208164600000003
6709,JVASP-154255,formation_energy_peratom,val,-0.44379,-0.49182321722222194
6710,JVASP-136811,formation_energy_peratom,val,-0.24759,0.08453120277777786
6711,JVASP-133968,formation_energy_peratom,val,-0.54976,-0.3761208333333337
6712,JVASP-46291,formation_energy_peratom,val,-2.81626,-2.7539276123809535
6713,JVASP-128122,formation_energy_peratom,val,0.08589,0.016935730833333298
6714,JVASP-85006,formation_energy_peratom,val,-1.89438,-2.05683735277778
6715,JVASP-58259,formation_energy_peratom,val,-0.19564,-0.42917675555555546
6716,JVASP-156072,formation_energy_peratom,val,-0.43734,-0.414909678888889
6717,JVASP-145984,formation_energy_peratom,val,-0.50433,-0.847423617777778
6718,JVASP-24272,formation_energy_peratom,val,-3.18869,-2.7088986633333345
6719,JVASP-129374,formation_energy_peratom,val,-0.60746,0.10909519388888884
6720,JVASP-98350,formation_energy_peratom,val,-2.53007,-2.4733046611111087
6721,JVASP-121607,formation_energy_peratom,val,-3.08852,-2.1996958699999993
6722,JVASP-178766,formation_energy_peratom,val,-1.42775,-1.5055707372222213
6723,JVASP-66298,formation_energy_peratom,val,1.29207,0.2487507975925926
6724,JVASP-111965,formation_energy_peratom,val,-1.35585,-1.623591207777778
6725,JVASP-168544,formation_energy_peratom,val,0.00015,-0.6978039111111118
6726,JVASP-7728,formation_energy_peratom,val,0.31179,-0.4442213094444446
6727,JVASP-116194,formation_energy_peratom,val,-1.5184,-1.4208948083333321
6728,JVASP-185644,formation_energy_peratom,val,-0.39408,-0.19681405000000013
6729,JVASP-44461,formation_energy_peratom,val,-1.9051,-1.8438272211111086
6730,JVASP-79138,formation_energy_peratom,val,0.09133,-0.25762443333333324
6731,JVASP-189986,formation_energy_peratom,val,-0.24452,-0.2951969203703704
6732,JVASP-154301,formation_energy_peratom,val,-0.43806,-0.4455900994444443
6733,JVASP-25064,formation_energy_peratom,val,0.69717,1.6179972270370382
6734,JVASP-72424,formation_energy_peratom,val,-0.2694,0.15065936777777778
6735,JVASP-181217,formation_energy_peratom,val,-1.4347,-1.0767500996031742
6736,JVASP-11047,formation_energy_peratom,val,-0.78301,-0.7593185238888885
6737,JVASP-103920,formation_energy_peratom,val,-0.48551,-0.6082140822222221
6738,JVASP-119496,formation_energy_peratom,val,-2.67661,-2.4852723022222225
6739,JVASP-146109,formation_energy_peratom,val,-1.67859,-1.7802128407142872
6740,JVASP-92904,formation_energy_peratom,val,0.23473,0.13810778833333337
6741,JVASP-81252,formation_energy_peratom,val,2.82504,2.048120487905981
6742,JVASP-98161,formation_energy_peratom,val,-1.31741,-0.8491773532539686
6743,JVASP-155586,formation_energy_peratom,val,-0.31437,-0.5603015472222225
6744,JVASP-70764,formation_energy_peratom,val,0.41169,0.32615694420634905
6745,JVASP-150403,formation_energy_peratom,val,-0.46602,-0.5928643861111115
6746,JVASP-167620,formation_energy_peratom,val,-0.34714,-0.2090674944444444
6747,JVASP-79637,formation_energy_peratom,val,0.39863,0.046969105000000004
6748,JVASP-38450,formation_energy_peratom,val,0.87714,0.27361887444444427
6749,JVASP-116526,formation_energy_peratom,val,-2.04169,-1.3863340666666668
6750,JVASP-67381,formation_energy_peratom,val,-0.22509,-0.0007087094444444453
6751,JVASP-191028,formation_energy_peratom,val,-0.26488,-0.29098107500000003
6752,JVASP-47749,formation_energy_peratom,val,-2.41841,-2.297895858333331
6753,JVASP-12886,formation_energy_peratom,val,-0.85499,-0.5797108722222223
6754,JVASP-64952,formation_energy_peratom,val,0.63063,0.580771486666666
6755,JVASP-137874,formation_energy_peratom,val,-0.94532,-0.35982293166666696
6756,JVASP-105458,formation_energy_peratom,val,-0.72082,-0.4945937607142859
6757,JVASP-155265,formation_energy_peratom,val,-0.29918,-0.3865951888888888
6758,JVASP-36680,formation_energy_peratom,val,-0.89721,-0.9358026472222214
6759,JVASP-14006,formation_energy_peratom,val,-0.7609,-0.754793412222222
6760,JVASP-22794,formation_energy_peratom,val,-0.43997,-0.3311303416666666
6761,JVASP-152201,formation_energy_peratom,val,-0.47604,-0.32353669777777794
6762,JVASP-145137,formation_energy_peratom,val,-2.04171,-1.9893780083333328
6763,JVASP-139061,formation_energy_peratom,val,0.3585,0.07863770182539682
6764,JVASP-102847,formation_energy_peratom,val,-1.87886,-1.4089250694444448
6765,JVASP-102995,formation_energy_peratom,val,-0.43153,-0.4332377161111107
6766,JVASP-105944,formation_energy_peratom,val,-0.18612,-0.5052082088888888
6767,JVASP-72332,formation_energy_peratom,val,-0.70871,0.11351712250000001
6768,JVASP-151617,formation_energy_peratom,val,-1.71753,-2.1076836508333323
6769,JVASP-119731,formation_energy_peratom,val,-0.95164,-2.2044240388888885
6770,JVASP-37083,formation_energy_peratom,val,-0.97981,-0.4400172611111113
6771,JVASP-10222,formation_energy_peratom,val,-0.82538,-1.7231325422222232
6772,JVASP-45248,formation_energy_peratom,val,-2.10545,-2.225153922222224
6773,JVASP-64942,formation_energy_peratom,val,0.3587,0.25736835777777783
6774,JVASP-113728,formation_energy_peratom,val,-0.54966,-1.098963015873016
6775,JVASP-105896,formation_energy_peratom,val,-0.67889,-0.511251522222222
6776,JVASP-34173,formation_energy_peratom,val,-2.27962,-2.3142394961111123
6777,JVASP-170438,formation_energy_peratom,val,-1.14269,-1.0451225611111126
6778,JVASP-124303,formation_energy_peratom,val,-2.1051,-0.508132972698413
6779,JVASP-190929,formation_energy_peratom,val,-0.42509,-0.3801018533333333
6780,JVASP-56177,formation_energy_peratom,val,0.122,-1.1239326055555559
6781,JVASP-36141,formation_energy_peratom,val,-1.00513,-0.1304714241666668
6782,JVASP-78742,formation_energy_peratom,val,-0.18805,-0.2831035023809525
6783,JVASP-125400,formation_energy_peratom,val,-0.5817,-0.325011208333333
6784,JVASP-188496,formation_energy_peratom,val,-0.03542,0.35232341333333345
6785,JVASP-129352,formation_energy_peratom,val,2.02675,0.04702698333333332
6786,JVASP-20291,formation_energy_peratom,val,-3.67174,-3.2573474194444416
6787,JVASP-168123,formation_energy_peratom,val,-3.96635,-2.992028151666667
6788,JVASP-167949,formation_energy_peratom,val,-0.85607,-0.730886927222222
6789,JVASP-160869,formation_energy_peratom,val,-0.05679,-0.32731530555555544
6790,JVASP-140925,formation_energy_peratom,val,-2.58354,-2.464604567222224
6791,JVASP-28474,formation_energy_peratom,val,-0.43225,-0.5171399807936511
6792,JVASP-100604,formation_energy_peratom,val,0.03054,-0.17559758000000003
6793,JVASP-12930,formation_energy_peratom,val,-2.78477,-1.5043825044444459
6794,JVASP-122375,formation_energy_peratom,val,-1.55758,-1.4159305511111113
6795,JVASP-85599,formation_energy_peratom,val,-2.8684,-1.9462910722222213
6796,JVASP-169245,formation_energy_peratom,val,-1.01786,-0.8312703527777778
6797,JVASP-37387,formation_energy_peratom,val,0.25005,0.15764618777777778
6798,JVASP-41854,formation_energy_peratom,val,-0.49601,-0.3256616144444443
6799,JVASP-189381,formation_energy_peratom,val,-0.76975,-0.3576960138888893
6800,JVASP-18144,formation_energy_peratom,val,-0.38465,-0.7167866507936506
6801,JVASP-39090,formation_energy_peratom,val,0.03724,-0.424851111666667
6802,JVASP-179631,formation_energy_peratom,val,-0.60365,-0.36442731666666645
6803,JVASP-72570,formation_energy_peratom,val,0.69254,0.2502671313888888
6804,JVASP-79176,formation_energy_peratom,val,-0.05653,-0.1988156744444445
6805,JVASP-62744,formation_energy_peratom,val,-0.37499,-0.4218195861111106
6806,JVASP-65689,formation_energy_peratom,val,-0.43267,-0.670080401111111
6807,JVASP-101802,formation_energy_peratom,val,0.03896,-0.1953190283333331
6808,JVASP-133966,formation_energy_peratom,val,-0.93658,-0.7699844794444438
6809,JVASP-156204,formation_energy_peratom,val,-0.48525,-0.48230027499999956
6810,JVASP-156012,formation_energy_peratom,val,-0.55411,-0.7223299822222218
6811,JVASP-116380,formation_energy_peratom,val,0.43784,-0.07961079722222222
6812,JVASP-71461,formation_energy_peratom,val,-0.17276,-0.2056908083333336
6813,JVASP-109529,formation_energy_peratom,val,-0.74368,-0.47785244611111094
6814,JVASP-133657,formation_energy_peratom,val,-1.57774,-1.6074005269444431
6815,JVASP-117463,formation_energy_peratom,val,0.20849,-0.151878348888889
6816,JVASP-133533,formation_energy_peratom,val,-1.08985,-0.7961839022222221
6817,JVASP-71954,formation_energy_peratom,val,-0.13455,-0.08447572055555566
6818,JVASP-21958,formation_energy_peratom,val,-0.581,-0.9848167794444438
6819,JVASP-136056,formation_energy_peratom,val,0.413,-0.22219116277777773
6820,JVASP-191976,formation_energy_peratom,val,-0.29505,-0.5081095033333335
6821,JVASP-114440,formation_energy_peratom,val,-1.61006,-2.511871325555554
6822,JVASP-37178,formation_energy_peratom,val,0.20065,-0.02326184444444444
6823,JVASP-58262,formation_energy_peratom,val,-0.49855,-0.8789671772222218
6824,JVASP-11584,formation_energy_peratom,val,-2.28441,-2.1739815816666677
6825,JVASP-42484,formation_energy_peratom,val,-2.06223,-2.2201671677777775
6826,JVASP-86903,formation_energy_peratom,val,-0.30552,-0.5985577162698416
6827,JVASP-50846,formation_energy_peratom,val,-2.8748,-2.1537426365873023
6828,JVASP-11442,formation_energy_peratom,val,-0.17615,-0.5391798498412702
6829,JVASP-38033,formation_energy_peratom,val,-1.44863,-2.0368155650000004
6830,JVASP-157292,formation_energy_peratom,val,-0.16901,-0.4982803269191919
6831,JVASP-98260,formation_energy_peratom,val,-2.46805,-2.4783814944444447
6832,JVASP-93869,formation_energy_peratom,val,0.03198,-0.30652018888888927
6833,JVASP-52560,formation_energy_peratom,val,-3.59074,-2.6682753916666644
6834,JVASP-108978,formation_energy_peratom,val,-2.6416,-2.2531653594444454
6835,JVASP-120991,formation_energy_peratom,val,0.16273,-0.21543957777777772
6836,JVASP-61347,formation_energy_peratom,val,-1.20419,-0.7597793188888886
6837,JVASP-90573,formation_energy_peratom,val,-0.07592,-0.030742973888888952
6838,JVASP-118010,formation_energy_peratom,val,-0.47408,-0.5031932786111107
6839,JVASP-188768,formation_energy_peratom,val,-0.45362,-0.42141702222222266
6840,JVASP-113,formation_energy_peratom,val,-3.70068,-1.8015436544444434
6841,JVASP-149890,formation_energy_peratom,val,-1.01875,-0.6778577638888893
6842,JVASP-111414,formation_energy_peratom,val,-0.50093,-0.731231860793651
6843,JVASP-103386,formation_energy_peratom,val,0.09741,0.10588886388888875
6844,JVASP-25349,formation_energy_peratom,val,0.11098,0.01195951492063491
6845,JVASP-127387,formation_energy_peratom,val,0.11247,-0.5845109083333336
6846,JVASP-191209,formation_energy_peratom,val,-0.47941,-0.6202380355555559
6847,JVASP-69912,formation_energy_peratom,val,-0.11136,-0.1227147405555553
6848,JVASP-133529,formation_energy_peratom,val,-1.09727,-1.1233924194444447
6849,JVASP-112021,formation_energy_peratom,val,-0.08974,-0.29076626841269837
6850,JVASP-20447,formation_energy_peratom,val,-0.19821,-0.0019555366666666706
6851,JVASP-18665,formation_energy_peratom,val,-0.19638,-0.0812731094444444
6852,JVASP-42223,formation_energy_peratom,val,-2.65527,-2.324352531111113
6853,JVASP-139387,formation_energy_peratom,val,-0.12079,-0.11065427833333331
6854,JVASP-188848,formation_energy_peratom,val,-0.43443,-0.28998657777777787
6855,JVASP-181502,formation_energy_peratom,val,-0.40201,-0.40849480222222245
6856,JVASP-102504,formation_energy_peratom,val,0.09674,-0.044434934722222215
6857,JVASP-134055,formation_energy_peratom,val,0.113,0.2157012500000001
6858,JVASP-147375,formation_energy_peratom,val,-0.93918,-0.9785120825396838
6859,JVASP-108669,formation_energy_peratom,val,0.13207,-0.7647730305555562
6860,JVASP-156699,formation_energy_peratom,val,0.05494,0.1058707916666666
6861,JVASP-147481,formation_energy_peratom,val,-1.72381,-1.7938527592195752
6862,JVASP-102744,formation_energy_peratom,val,-0.30988,0.28448112555555555
6863,JVASP-78311,formation_energy_peratom,val,-0.03732,-0.13154823962962953
6864,JVASP-152843,formation_energy_peratom,val,-0.51679,-0.6050278050000005
6865,JVASP-119955,formation_energy_peratom,val,-0.32574,-0.4147593405555558
6866,JVASP-106123,formation_energy_peratom,val,-0.40433,-0.1339173944444445
6867,JVASP-139345,formation_energy_peratom,val,-2.25609,-2.0989683255555542
6868,JVASP-109433,formation_energy_peratom,val,-1.42013,-1.5760014251587304
6869,JVASP-157734,formation_energy_peratom,val,0.04885,-0.7973434544444447
6870,JVASP-91660,formation_energy_peratom,val,-0.74576,-0.5450145888888887
6871,JVASP-29682,formation_energy_peratom,val,-0.58095,-0.5183147788888888
6872,JVASP-44801,formation_energy_peratom,val,-1.74308,-1.4697320561111098
6873,JVASP-18471,formation_energy_peratom,val,-1.26607,-0.6024816416666663
6874,JVASP-185477,formation_energy_peratom,val,-0.34653,-0.2468659627777778
6875,JVASP-112407,formation_energy_peratom,val,-0.89234,-0.7514427077777777
6876,JVASP-42104,formation_energy_peratom,val,-0.41787,-0.3033037816666666
6877,JVASP-41278,formation_energy_peratom,val,-0.72524,-0.41898007777777735
6878,JVASP-159594,formation_energy_peratom,val,-0.92466,-0.5978296472222226
6879,JVASP-164634,formation_energy_peratom,val,-2.03252,-1.9573850538888913
6880,JVASP-117439,formation_energy_peratom,val,-2.02637,-2.0439437952777784
6881,JVASP-21026,formation_energy_peratom,val,-3.15988,-2.776000905555554
6882,JVASP-88848,formation_energy_peratom,val,-0.3708,-0.5409167566666672
6883,JVASP-109731,formation_energy_peratom,val,-0.64866,-0.47735818611111097
6884,JVASP-38433,formation_energy_peratom,val,-0.10904,-0.17427727194444428
6885,JVASP-155522,formation_energy_peratom,val,-0.82013,-0.7125155028571429
6886,JVASP-15045,formation_energy_peratom,val,-0.47384,-0.2996905955555554
6887,JVASP-7544,formation_energy_peratom,val,3.7854,1.6237962984656114
6888,JVASP-137204,formation_energy_peratom,val,0.38137,-0.0706544383333333
6889,JVASP-166237,formation_energy_peratom,val,-0.89068,-0.5655715979797974
6890,JVASP-142310,formation_energy_peratom,val,-0.68042,-0.6321097240740741
6891,JVASP-107482,formation_energy_peratom,val,-3.27937,-1.7719136150000012
6892,JVASP-102334,formation_energy_peratom,val,-0.33721,-0.35644739888888893
6893,JVASP-143498,formation_energy_peratom,val,-3.19542,-2.931863999523808
6894,JVASP-134207,formation_energy_peratom,val,-0.53113,-0.9107551240476188
6895,JVASP-179610,formation_energy_peratom,val,-0.29764,0.082562381111111
6896,JVASP-12862,formation_energy_peratom,val,-0.47945,-1.3271633028571426
6897,JVASP-143805,formation_energy_peratom,val,-2.64166,-2.3012417722222227
6898,JVASP-101862,formation_energy_peratom,val,0.00956,-0.5519014796031743
6899,JVASP-59696,formation_energy_peratom,val,-2.37768,-2.7368665811111095
6900,JVASP-130368,formation_energy_peratom,val,-0.09105,-0.2339923916666666
6901,JVASP-122520,formation_energy_peratom,val,-2.38054,-1.878330261666667
6902,JVASP-155732,formation_energy_peratom,val,0.07295,-0.4801195666666669
6903,JVASP-34703,formation_energy_peratom,val,-2.37942,-2.7591290599206335
6904,JVASP-20286,formation_energy_peratom,val,-0.32999,-0.26560104500000004
6905,JVASP-161043,formation_energy_peratom,val,-0.17245,-0.08763720277777777
6906,JVASP-5317,formation_energy_peratom,val,-0.9343,-1.0733335905555554
6907,JVASP-116322,formation_energy_peratom,val,0.64048,1.0144173560317467
6908,JVASP-8056,formation_energy_peratom,val,-2.49322,-2.444779005
6909,JVASP-143778,formation_energy_peratom,val,-3.10384,-2.8763469963492088
6910,JVASP-19828,formation_energy_peratom,val,-0.17209,-0.2862668249999999
6911,JVASP-166514,formation_energy_peratom,val,-0.71381,-1.036401010555556
6912,JVASP-126815,formation_energy_peratom,val,1.51767,0.3719168609523807
6913,JVASP-8012,formation_energy_peratom,val,-0.16067,0.3049994233333332
6914,JVASP-155507,formation_energy_peratom,val,-0.70836,-0.6253132444444442
6915,JVASP-153231,formation_energy_peratom,val,-0.26654,-0.3264719916666668
6916,JVASP-146959,formation_energy_peratom,val,-2.39446,-0.7612518572222222
6917,JVASP-89222,formation_energy_peratom,val,-2.74078,-2.599769173888889
6918,JVASP-172272,formation_energy_peratom,val,-0.46953,-0.5269109849999996
6919,JVASP-135754,formation_energy_peratom,val,3.18857,0.6775929958730165
6920,JVASP-120254,formation_energy_peratom,val,0.19906,-0.46318273796296255
6921,JVASP-55611,formation_energy_peratom,val,-2.75326,-1.826234963333332
6922,JVASP-9272,formation_energy_peratom,val,-1.99639,-2.1602285561111128
6923,JVASP-92705,formation_energy_peratom,val,-0.79731,-0.8335192477777772
6924,JVASP-113672,formation_energy_peratom,val,0.65735,-0.33703344325396806
6925,JVASP-39130,formation_energy_peratom,val,-0.06285,-0.12115195166666663
6926,JVASP-91965,formation_energy_peratom,val,-2.7603,-1.6739189259523812
6927,JVASP-10687,formation_energy_peratom,val,-2.98001,-2.335247581904765
6928,JVASP-18594,formation_energy_peratom,val,-0.3558,-0.4182005566666665
6929,JVASP-29794,formation_energy_peratom,val,-1.83755,-0.6222113161111116
6930,JVASP-1963,formation_energy_peratom,val,-0.36898,-0.26117883777777806
6931,JVASP-91864,formation_energy_peratom,val,-2.28468,-2.005960320555559
6932,JVASP-111754,formation_energy_peratom,val,-2.31518,-2.50317551277778
6933,JVASP-97772,formation_energy_peratom,val,-2.5878,-1.9582608444444447
6934,JVASP-137532,formation_energy_peratom,val,-0.75189,-0.6277751144444443
6935,JVASP-151844,formation_energy_peratom,val,-0.57633,-0.7064110416666676
6936,JVASP-70746,formation_energy_peratom,val,0.36584,0.227315661111111
6937,JVASP-26329,formation_energy_peratom,val,-2.18104,-1.9521870888888868
6938,JVASP-87853,formation_energy_peratom,val,-0.63289,-0.7180762138888892
6939,JVASP-122858,formation_energy_peratom,val,-0.11913,-0.23864511888888862
6940,JVASP-136187,formation_energy_peratom,val,0.83042,1.9565875555555563
6941,JVASP-139503,formation_energy_peratom,val,-0.57801,-0.8745468672222216
6942,JVASP-108766,formation_energy_peratom,val,-0.85527,-0.659060838888889
6943,JVASP-42064,formation_energy_peratom,val,-0.62057,-0.5819355885353537
6944,JVASP-135265,formation_energy_peratom,val,0.76627,1.1364769049206351
6945,JVASP-69407,formation_energy_peratom,val,0.42345,0.10278232944444449
6946,JVASP-94418,formation_energy_peratom,val,0.32587,-0.5411048611111114
6947,JVASP-154064,formation_energy_peratom,val,-0.33235,-0.3796663355555553
6948,JVASP-191479,formation_energy_peratom,val,-0.58907,-0.202032092777778
6949,JVASP-138489,formation_energy_peratom,val,0.1649,-0.03476308333333334
6950,JVASP-99236,formation_energy_peratom,val,-0.87656,-1.391660511666667
6951,JVASP-178160,formation_energy_peratom,val,-0.59009,-0.7347402377777776
6952,JVASP-190197,formation_energy_peratom,val,-0.8551,-0.5757748412698415
6953,JVASP-117189,formation_energy_peratom,val,-2.09678,-2.415237368888889
6954,JVASP-137240,formation_energy_peratom,val,-2.39377,-2.451579622222224
6955,JVASP-144649,formation_energy_peratom,val,-2.55135,-2.423723993055555
6956,JVASP-103582,formation_energy_peratom,val,-0.20634,-1.1027903950793643
6957,JVASP-125562,formation_energy_peratom,val,0.18932,-0.08473358555555553
6958,JVASP-121700,formation_energy_peratom,val,-2.24075,-2.1140807426984134
6959,JVASP-114968,formation_energy_peratom,val,-1.16625,-1.6127547027777758
6960,JVASP-135253,formation_energy_peratom,val,-1.49902,-1.397098457222222
6961,JVASP-141057,formation_energy_peratom,val,-2.0111,-2.0512213313888887
6962,JVASP-88588,formation_energy_peratom,val,-1.35568,-1.926555057380953
6963,JVASP-112384,formation_energy_peratom,val,-0.50024,-0.7835536477777777
6964,JVASP-28372,formation_energy_peratom,val,0.02467,-0.16857804888888897
6965,JVASP-14511,formation_energy_peratom,val,-2.31555,-1.4360784705555578
6966,JVASP-124038,formation_energy_peratom,val,-1.35649,-0.509117346111111
6967,JVASP-174701,formation_energy_peratom,val,-0.35231,-0.980282346666667
6968,JVASP-61797,formation_energy_peratom,val,-0.02411,-0.7190278766666669
6969,JVASP-75511,formation_energy_peratom,val,0.37384,0.1608516099999996
6970,JVASP-36403,formation_energy_peratom,val,0.15718,-0.17049049166666672
6971,JVASP-19780,formation_energy_peratom,val,-0.18617,-0.36186984944444445
6972,JVASP-7679,formation_energy_peratom,val,-0.30186,0.14680559555555558
6973,JVASP-179654,formation_energy_peratom,val,-0.15662,-0.15040752611111105
6974,JVASP-8484,formation_energy_peratom,val,-0.32612,-0.47468558333333327
6975,JVASP-15817,formation_energy_peratom,val,-0.6746,-0.4081380588888891
6976,JVASP-68027,formation_energy_peratom,val,0.75022,0.5388340655555556
6977,JVASP-126255,formation_energy_peratom,val,-0.58125,-0.664977551111111
6978,JVASP-41009,formation_energy_peratom,val,-0.70338,-0.5788459766666668
6979,JVASP-122114,formation_energy_peratom,val,-0.35248,-0.5838345472222222
6980,JVASP-126799,formation_energy_peratom,val,0.30713,0.4323084916666666
6981,JVASP-71501,formation_energy_peratom,val,-0.28671,-0.10117590388888892
6982,JVASP-64916,formation_energy_peratom,val,0.51594,-0.5701606588888893
6983,JVASP-154292,formation_energy_peratom,val,-0.52212,-0.29797223888888885
6984,JVASP-12161,formation_energy_peratom,val,-0.03639,-0.9816407555555565
6985,JVASP-12833,formation_energy_peratom,val,-0.74763,-0.9077894749999996
6986,JVASP-19885,formation_energy_peratom,val,-0.36758,-0.014920060000000006
6987,JVASP-128524,formation_energy_peratom,val,0.29666,0.13500664206349208
6988,JVASP-2685,formation_energy_peratom,val,-1.05431,-0.9922899722222221
6989,JVASP-154774,formation_energy_peratom,val,-0.38184,-0.5680306255555551
6990,JVASP-156307,formation_energy_peratom,val,-1.04672,-0.5139688055555559
6991,JVASP-18101,formation_energy_peratom,val,-0.61984,-0.6391869816666668
6992,JVASP-149858,formation_energy_peratom,val,-0.78946,-0.463890644444445
6993,JVASP-140739,formation_energy_peratom,val,-1.70598,-1.50996658611111
6994,JVASP-94956,formation_energy_peratom,val,0.316,-0.46065187460317436
6995,JVASP-90175,formation_energy_peratom,val,-0.66101,-0.5326421138888892
6996,JVASP-139572,formation_energy_peratom,val,-1.49074,-0.02070481444444445
6997,JVASP-135551,formation_energy_peratom,val,-0.66127,-0.7666341544444445
6998,JVASP-35951,formation_energy_peratom,val,-1.58485,-1.029754446666667
6999,JVASP-152965,formation_energy_peratom,val,-0.35661,-0.49146834285714275
7000,JVASP-36352,formation_energy_peratom,val,-0.94711,-0.651918912777777
7001,JVASP-176207,formation_energy_peratom,val,-3.02714,-2.4889833861111113
7002,JVASP-86916,formation_energy_peratom,val,-3.2446,-2.460116746825396
7003,JVASP-52144,formation_energy_peratom,val,-1.20765,-1.3875729311904756
7004,JVASP-183529,formation_energy_peratom,val,-0.70309,-0.674115939444444
7005,JVASP-193888,formation_energy_peratom,val,0.02774,-0.09085772388888885
7006,JVASP-35900,formation_energy_peratom,val,-1.85033,-1.0824036083333337
7007,JVASP-96930,formation_energy_peratom,val,-0.73872,-1.1366898888888897
7008,JVASP-86536,formation_energy_peratom,val,-1.51591,-2.152159622222222
7009,JVASP-151377,formation_energy_peratom,val,-0.19361,-0.35975686666666673
7010,JVASP-190548,formation_energy_peratom,val,-0.33016,0.06275205166666667
7011,JVASP-161604,formation_energy_peratom,val,-0.06985,-0.25884668944444417
7012,JVASP-189863,formation_energy_peratom,val,-0.42499,-0.4497768054629627
7013,JVASP-140196,formation_energy_peratom,val,-3.15634,-2.7615048660683743
7014,JVASP-139969,formation_energy_peratom,val,-2.36713,-2.651532579444444
7015,JVASP-90653,formation_energy_peratom,val,-0.40612,-0.0948347944444444
7016,JVASP-11484,formation_energy_peratom,val,-1.728,-1.5891986210317466
7017,JVASP-5374,formation_energy_peratom,val,-0.29433,-0.47174002611111066
7018,JVASP-150821,formation_energy_peratom,val,-3.37082,-2.846840095634921
7019,JVASP-17929,formation_energy_peratom,val,-3.11195,-2.2486174744444445
7020,JVASP-100364,formation_energy_peratom,val,-2.3261,-1.6893902472222215
7021,JVASP-91603,formation_energy_peratom,val,-0.64719,-0.5873565865079364
7022,JVASP-124097,formation_energy_peratom,val,-1.30085,-1.4574732333333333
7023,JVASP-153182,formation_energy_peratom,val,-0.54269,-0.44211928055555544
7024,JVASP-125740,formation_energy_peratom,val,0.02566,0.14827851972222228
7025,JVASP-85253,formation_energy_peratom,val,-0.49811,-0.5862703966666667
7026,JVASP-165623,formation_energy_peratom,val,-2.24003,-1.8921562027777785
7027,JVASP-117289,formation_energy_peratom,val,-2.08278,-2.1365354722222225
7028,JVASP-184838,formation_energy_peratom,val,-0.19825,-0.1565839949999999
7029,JVASP-151998,formation_energy_peratom,val,0.74395,0.6540476477777766
7030,JVASP-67643,formation_energy_peratom,val,0.06305,0.3262880727777775
7031,JVASP-150994,formation_energy_peratom,val,-0.84345,-0.7668549522222228
7032,JVASP-109702,formation_energy_peratom,val,-0.49094,-0.3938396184920633
7033,JVASP-30781,formation_energy_peratom,val,-1.50626,-2.2604045094444447
7034,JVASP-20367,formation_energy_peratom,val,-0.13898,-0.169381387777778
7035,JVASP-133056,formation_energy_peratom,val,-0.57987,-0.5946407511111117
7036,JVASP-79561,formation_energy_peratom,val,-0.55681,0.02802884464285714
7037,JVASP-119564,formation_energy_peratom,val,-0.69402,-0.5733526999999998
7038,JVASP-37431,formation_energy_peratom,val,-0.53099,-0.24406417999999983
7039,JVASP-98247,formation_energy_peratom,val,-1.87663,-1.4940910444444444
7040,JVASP-148139,formation_energy_peratom,val,-2.1623,-2.1938419358333356
7041,JVASP-12421,formation_energy_peratom,val,-1.17882,-0.9115810776984132
7042,JVASP-37055,formation_energy_peratom,val,-0.24724,-0.27024549499999995
7043,JVASP-9467,formation_energy_peratom,val,-2.07549,-2.421046830555553
7044,JVASP-114794,formation_energy_peratom,val,-0.34162,-0.4127360361111109
7045,JVASP-111758,formation_energy_peratom,val,-0.56796,-1.2465087719841257
7046,JVASP-20748,formation_energy_peratom,val,-0.34178,0.05893547777777774
7047,JVASP-110262,formation_energy_peratom,val,-0.22037,-0.3460743416666666
7048,JVASP-142251,formation_energy_peratom,val,-1.27398,-1.3304611249999994
7049,JVASP-137237,formation_energy_peratom,val,-1.80709,-2.245512901666667
7050,JVASP-100128,formation_energy_peratom,val,-1.82853,-1.0411646194444446
7051,JVASP-15062,formation_energy_peratom,val,-0.22038,-0.1867490733333334
7052,JVASP-102549,formation_energy_peratom,val,-0.68589,-0.669811255
7053,JVASP-111702,formation_energy_peratom,val,-2.31806,-1.6802917249999987
7054,JVASP-9617,formation_energy_peratom,val,-0.49225,-0.49708025055555594
7055,JVASP-159924,formation_energy_peratom,val,-2.99256,-1.0423050305555555
7056,JVASP-146245,formation_energy_peratom,val,-2.36793,-2.0281946122222227
7057,JVASP-41960,formation_energy_peratom,val,-0.3355,-0.3299453255555557
7058,JVASP-75500,formation_energy_peratom,val,0.5632,0.17345347428571414
7059,JVASP-5164,formation_energy_peratom,val,-0.13135,-0.12913397722222214
7060,JVASP-187718,formation_energy_peratom,val,-0.82688,-0.6069562400000001
7061,JVASP-145978,formation_energy_peratom,val,-2.51284,-2.585929806388886
7062,JVASP-147156,formation_energy_peratom,val,-2.04232,-2.1050577450000008
7063,JVASP-19876,formation_energy_peratom,val,-0.35687,-0.3027907661111102
7064,JVASP-102329,formation_energy_peratom,val,-0.16667,-0.4071445127777776
7065,JVASP-19856,formation_energy_peratom,val,-0.76268,-0.2450548523015871
7066,JVASP-42966,formation_energy_peratom,val,-2.1713,-2.500604025555555
7067,JVASP-110330,formation_energy_peratom,val,-0.26731,-0.19261445000000008
7068,JVASP-190149,formation_energy_peratom,val,-0.41848,-0.5176788377777768
7069,JVASP-11133,formation_energy_peratom,val,0.18144,-1.851787922222223
7070,JVASP-57360,formation_energy_peratom,val,-1.86275,-2.004156448888889
7071,JVASP-27498,formation_energy_peratom,val,-0.18368,-0.5416460500000001
7072,JVASP-101702,formation_energy_peratom,val,-1.69203,-1.1667515944444453
7073,JVASP-165171,formation_energy_peratom,val,-1.79896,-2.0453954372222225
7074,JVASP-144778,formation_energy_peratom,val,-2.26239,-2.614249162222224
7075,JVASP-16225,formation_energy_peratom,val,-0.8522,-0.32172346777777766
7076,JVASP-136726,formation_energy_peratom,val,0.58168,0.7402045100396828
7077,JVASP-116831,formation_energy_peratom,val,-1.07868,-1.4134477277777773
7078,JVASP-144089,formation_energy_peratom,val,-2.89931,-2.5704716283333315
7079,JVASP-181272,formation_energy_peratom,val,-0.40458,-0.7755377249999995
7080,JVASP-125848,formation_energy_peratom,val,1.04758,-0.0022018000000000137
7081,JVASP-185633,formation_energy_peratom,val,-0.20005,-0.17085037777777767
7082,JVASP-55651,formation_energy_peratom,val,-0.56493,-1.018579961666666
7083,JVASP-114179,formation_energy_peratom,val,-1.44358,-0.690320267222222
7084,JVASP-171095,formation_energy_peratom,val,-1.4447,-1.179035136666667
7085,JVASP-119524,formation_energy_peratom,val,-2.51569,-2.30906578
7086,JVASP-75539,formation_energy_peratom,val,0.00187,-0.10848433555555546
7087,JVASP-28353,formation_energy_peratom,val,-0.19234,-0.3402061894444444
7088,JVASP-2056,formation_energy_peratom,val,-0.74278,-1.2479681269841274
7089,JVASP-67022,formation_energy_peratom,val,0.24711,0.19480141555555547
7090,JVASP-135066,formation_energy_peratom,val,-0.86656,-0.49701700277777794
7091,JVASP-118949,formation_energy_peratom,val,0.02698,-0.42052690277777793
7092,JVASP-119216,formation_energy_peratom,val,-2.70919,-2.520590955555556
7093,JVASP-136910,formation_energy_peratom,val,-0.9965,-0.46386550444444397
7094,JVASP-120899,formation_energy_peratom,val,-0.771,-0.5795881035449731
7095,JVASP-23529,formation_energy_peratom,val,-0.65195,-0.7344609372222222
7096,JVASP-27058,formation_energy_peratom,val,-0.41514,-0.3888802755555556
7097,JVASP-41317,formation_energy_peratom,val,-0.67255,-0.63910127388889
7098,JVASP-143522,formation_energy_peratom,val,-0.72035,-0.6018852444444445
7099,JVASP-154604,formation_energy_peratom,val,-0.96873,-0.7359819138888892
7100,JVASP-17734,formation_energy_peratom,val,-0.34139,-0.7091082738888895
7101,JVASP-108575,formation_energy_peratom,val,-0.90856,-1.2098553861111114
7102,JVASP-191616,formation_energy_peratom,val,-0.28942,-0.5065965261111106
7103,JVASP-183022,formation_energy_peratom,val,-0.58041,-0.7895988427777775
7104,JVASP-129125,formation_energy_peratom,val,0.09922,-0.031370007777777764
7105,JVASP-106305,formation_energy_peratom,val,-0.56063,-0.590808646666667
7106,JVASP-22547,formation_energy_peratom,val,-0.79016,-0.2996844550000001
7107,JVASP-79559,formation_energy_peratom,val,-0.02836,-0.6345116033333346
7108,JVASP-8635,formation_energy_peratom,val,-2.90764,-2.720350318333332
7109,JVASP-164336,formation_energy_peratom,val,-0.75942,-1.2221470055555552
7110,JVASP-190558,formation_energy_peratom,val,0.05173,-0.21034341555555588
7111,JVASP-25095,formation_energy_peratom,val,-0.0,0.6267993912698406
7112,JVASP-155717,formation_energy_peratom,val,-0.09321,-0.5008160194444444
7113,JVASP-155237,formation_energy_peratom,val,-0.26081,-0.3657805887301587
7114,JVASP-119614,formation_energy_peratom,val,-1.07171,-0.926415850555556
7115,JVASP-59718,formation_energy_peratom,val,-0.31846,-0.7180982279629632
7116,JVASP-67808,formation_energy_peratom,val,-0.28396,0.027990896111111094
7117,JVASP-7629,formation_energy_peratom,val,-0.2206,-0.2649462277777778
7118,JVASP-69179,formation_energy_peratom,val,-1.08448,-0.5187559222222223
7119,JVASP-66970,formation_energy_peratom,val,-0.01954,0.0869626827777778
7120,JVASP-53445,formation_energy_peratom,val,-4.01789,-3.307656347777774
7121,JVASP-122324,formation_energy_peratom,val,-2.97114,-2.68360308611111
7122,JVASP-134276,formation_energy_peratom,val,0.88043,0.057489252857142785
7123,JVASP-86095,formation_energy_peratom,val,-1.03335,-1.18258183388889
7124,JVASP-138039,formation_energy_peratom,val,0.43382,0.12995744722222216
7125,JVASP-70789,formation_energy_peratom,val,0.50948,0.2346874527777777
7126,JVASP-106597,formation_energy_peratom,val,-1.18258,-0.7200936127777775
7127,JVASP-168291,formation_energy_peratom,val,-0.82214,-0.7275404444444443
7128,JVASP-156229,formation_energy_peratom,val,-1.17885,-0.8073713722222233
7129,JVASP-8662,formation_energy_peratom,val,-0.47896,-0.6025533777777781
7130,JVASP-86882,formation_energy_peratom,val,-1.08435,-0.8708338927777771
7131,JVASP-150454,formation_energy_peratom,val,-0.77504,-0.8940679427777787
7132,JVASP-25249,formation_energy_peratom,val,0.21938,-0.27115845611111117
7133,JVASP-115509,formation_energy_peratom,val,-1.75148,-0.3212803483333332
7134,JVASP-138094,formation_energy_peratom,val,0.51686,-0.4282264444444442
7135,JVASP-131387,formation_energy_peratom,val,0.13155,-0.04908179666666672
7136,JVASP-15343,formation_energy_peratom,val,-0.11897,-0.19886111055555536
7137,JVASP-15442,formation_energy_peratom,val,-0.67667,-0.8701877361111121
7138,JVASP-171783,formation_energy_peratom,val,-0.15211,-0.6852464105555552
7139,JVASP-40097,formation_energy_peratom,val,-0.34149,-0.355556411944444
7140,JVASP-101585,formation_energy_peratom,val,-0.4476,-0.47674319119047603
7141,JVASP-75805,formation_energy_peratom,val,0.00547,-0.1111018844444444
7142,JVASP-165210,formation_energy_peratom,val,-1.57538,-2.1008965244444435
7143,JVASP-26040,formation_energy_peratom,val,-0.53302,-1.0922746250000004
7144,JVASP-113019,formation_energy_peratom,val,-2.17424,-2.3015602123015877
7145,JVASP-118251,formation_energy_peratom,val,-2.19678,-1.8206881544444449
7146,JVASP-91631,formation_energy_peratom,val,-2.73764,-1.7314494372222222
7147,JVASP-23845,formation_energy_peratom,val,-0.73626,-0.742266251111111
7148,JVASP-44438,formation_energy_peratom,val,-1.58871,-1.658256497222222
7149,JVASP-25232,formation_energy_peratom,val,0.24189,0.0775932099999999
7150,JVASP-40036,formation_energy_peratom,val,-0.06527,-0.24793613000000012
7151,JVASP-164227,formation_energy_peratom,val,-2.28098,-2.721111058333333
7152,JVASP-95088,formation_energy_peratom,val,-0.59899,-1.4247287222222227
7153,JVASP-158783,formation_energy_peratom,val,-0.49228,-0.46875615388888925
7154,JVASP-18948,formation_energy_peratom,val,-0.47671,-0.3120977249999997
7155,JVASP-71459,formation_energy_peratom,val,0.1413,0.03414708055555557
7156,JVASP-38787,formation_energy_peratom,val,-2.14636,-2.1377059558333356
7157,JVASP-134566,formation_energy_peratom,val,-1.90954,-1.2607338825396819
7158,JVASP-23407,formation_energy_peratom,val,-0.82246,-0.7735562750000003
7159,JVASP-135452,formation_energy_peratom,val,0.05832,-0.11531209888888895
7160,JVASP-152337,formation_energy_peratom,val,-0.31146,-0.31804910499999905
7161,JVASP-193809,formation_energy_peratom,val,-0.16739,-0.48065198055555575
7162,JVASP-128228,formation_energy_peratom,val,0.97862,0.0837759059523809
7163,JVASP-15433,formation_energy_peratom,val,-0.80595,-0.6960792900000005
7164,JVASP-17581,formation_energy_peratom,val,-0.60137,-0.3362399188888883
7165,JVASP-141973,formation_energy_peratom,val,-2.27928,-2.749470366666665
7166,JVASP-99115,formation_energy_peratom,val,-2.64681,-2.6001114477777802
7167,JVASP-171208,formation_energy_peratom,val,-2.6869,-2.370269222777776
7168,JVASP-137190,formation_energy_peratom,val,0.07327,-0.18031436888888885
7169,JVASP-28820,formation_energy_peratom,val,-0.24099,-0.6312670772222224
7170,JVASP-169025,formation_energy_peratom,val,-1.76441,-1.5795712550000014
7171,JVASP-25117,formation_energy_peratom,val,-0.00054,0.08005365682539686
7172,JVASP-101616,formation_energy_peratom,val,-0.20396,-0.32965545055555573
7173,JVASP-40566,formation_energy_peratom,val,-0.34643,-0.5929744411111112
7174,JVASP-156784,formation_energy_peratom,val,-0.08728,-0.07581993333333327
7175,JVASP-166164,formation_energy_peratom,val,-0.69908,-0.6962213899999989
7176,JVASP-42243,formation_energy_peratom,val,-2.29268,-1.9260909233333325
7177,JVASP-117354,formation_energy_peratom,val,-3.5818,-2.984400739126985
7178,JVASP-113820,formation_energy_peratom,val,-0.30743,-0.7197975638888882
7179,JVASP-100822,formation_energy_peratom,val,0.07186,-0.059980601984126934
7180,JVASP-121613,formation_energy_peratom,val,-2.53773,-1.6223856505555558
7181,JVASP-12413,formation_energy_peratom,val,-1.52419,-2.1542931338888875
7182,JVASP-165573,formation_energy_peratom,val,-3.20186,-2.786938155555557
7183,JVASP-126111,formation_energy_peratom,val,-0.27234,-0.14350060722222216
7184,JVASP-93534,formation_energy_peratom,val,0.68143,-0.28387674166666665
7185,JVASP-138884,formation_energy_peratom,val,-1.83043,-1.6749963788095235
7186,JVASP-120310,formation_energy_peratom,val,-0.13636,-0.24367174444444467
7187,JVASP-126231,formation_energy_peratom,val,-0.10353,-0.09902578944444441
7188,JVASP-120393,formation_energy_peratom,val,0.08868,-0.47585252722222227
7189,JVASP-171990,formation_energy_peratom,val,-0.38914,-0.5457751133333336
7190,JVASP-54833,formation_energy_peratom,val,-1.54826,-1.6058685395238115
7191,JVASP-99266,formation_energy_peratom,val,-0.06438,-0.9617510265873012
7192,JVASP-183714,formation_energy_peratom,val,-0.3621,-0.24542987388888876
7193,JVASP-189499,formation_energy_peratom,val,-0.73177,-0.31007223500000025
7194,JVASP-59504,formation_energy_peratom,val,-0.63763,-0.7627571633333335
7195,JVASP-118430,formation_energy_peratom,val,1.0756,-0.28506294666666687
7196,JVASP-58430,formation_energy_peratom,val,-0.65785,-0.9973066466666675
7197,JVASP-20222,formation_energy_peratom,val,-0.17449,-0.2741615599999998
7198,JVASP-192881,formation_energy_peratom,val,-1.01857,-0.8610685977777772
7199,JVASP-170722,formation_energy_peratom,val,-0.21536,-0.20998338349206355
7200,JVASP-38339,formation_energy_peratom,test,-0.31602,-2.0200550260317454
7201,JVASP-35602,formation_energy_peratom,test,0.21357,-0.008728196111111112
7202,JVASP-154797,formation_energy_peratom,test,-0.01286,-0.31799474722222226
7203,JVASP-94261,formation_energy_peratom,test,-0.77983,-0.5684880266666668
7204,JVASP-133905,formation_energy_peratom,test,-0.48742,-0.3908037472222222
7205,JVASP-159752,formation_energy_peratom,test,-2.00598,-1.8681232772222218
7206,JVASP-119002,formation_energy_peratom,test,-2.36803,-2.082617051111112
7207,JVASP-170083,formation_energy_peratom,test,-1.10575,-0.8072966407936509
7208,JVASP-18011,formation_energy_peratom,test,-0.63102,-0.7166218255555571
7209,JVASP-67082,formation_energy_peratom,test,-0.22221,0.0882522561111112
7210,JVASP-156959,formation_energy_peratom,test,-0.13747,0.002207911111111108
7211,JVASP-176287,formation_energy_peratom,test,-2.7867,-2.6304474728571434
7212,JVASP-99606,formation_energy_peratom,test,-1.39053,-1.3656805986111118
7213,JVASP-39074,formation_energy_peratom,test,-0.64976,-0.558255945555556
7214,JVASP-37904,formation_energy_peratom,test,-0.16221,0.03485873277777778
7215,JVASP-54877,formation_energy_peratom,test,-0.67361,-0.7838632116666666
7216,JVASP-123711,formation_energy_peratom,test,-1.3679,-0.26679538333333336
7217,JVASP-136223,formation_energy_peratom,test,-0.46453,-0.6381579777777782
7218,JVASP-38494,formation_energy_peratom,test,-0.35299,-0.492114771111111
7219,JVASP-41836,formation_energy_peratom,test,-0.33478,-0.12996126999999996
7220,JVASP-85153,formation_energy_peratom,test,-2.05323,-1.5861756638888902
7221,JVASP-107531,formation_energy_peratom,test,-0.29951,-0.8035185921296297
7222,JVASP-116006,formation_energy_peratom,test,-4.08605,-0.8061932405555552
7223,JVASP-139914,formation_energy_peratom,test,-1.80837,-1.7858600605555552
7224,JVASP-178200,formation_energy_peratom,test,0.08923,-0.35159861944444454
7225,JVASP-16189,formation_energy_peratom,test,-1.33707,-2.1372096694444465
7226,JVASP-121260,formation_energy_peratom,test,-0.33564,-0.33761505277777754
7227,JVASP-107286,formation_energy_peratom,test,-0.48551,-0.38564760666666675
7228,JVASP-191351,formation_energy_peratom,test,-0.28761,-0.2528783666666671
7229,JVASP-67553,formation_energy_peratom,test,0.56782,0.9026190383333321
7230,JVASP-130235,formation_energy_peratom,test,1.14008,0.03604246944444445
7231,JVASP-109475,formation_energy_peratom,test,-2.21633,-2.1955502833333322
7232,JVASP-30681,formation_energy_peratom,test,-2.30017,-2.158012513888888
7233,JVASP-151074,formation_energy_peratom,test,-0.48311,-0.502122038888889
7234,JVASP-44623,formation_energy_peratom,test,-1.66456,-1.725855775555555
7235,JVASP-37049,formation_energy_peratom,test,-0.2525,-0.27769530055555597
7236,JVASP-165194,formation_energy_peratom,test,-0.58151,-0.6724957765079365
7237,JVASP-100940,formation_energy_peratom,test,-2.10583,-1.6685236961111107
7238,JVASP-108947,formation_energy_peratom,test,-0.61451,-0.5198352961111108
7239,JVASP-15427,formation_energy_peratom,test,-0.3446,-0.21450268944444478
7240,JVASP-176023,formation_energy_peratom,test,-0.4133,-0.8136365527777775
7241,JVASP-14639,formation_energy_peratom,test,-0.61841,-0.18228610555555552
7242,JVASP-168250,formation_energy_peratom,test,-1.5509,-1.2148100334126999
7243,JVASP-86063,formation_energy_peratom,test,-0.4621,-0.49440660277777737
7244,JVASP-176829,formation_energy_peratom,test,-1.4983,-1.3668473372222227
7245,JVASP-48471,formation_energy_peratom,test,-2.24209,-2.545923468888892
7246,JVASP-127582,formation_energy_peratom,test,0.00869,-0.9097721750000003
7247,JVASP-43490,formation_energy_peratom,test,-3.63793,-1.5937186733333333
7248,JVASP-39360,formation_energy_peratom,test,-0.65623,-0.5013157403174608
7249,JVASP-114470,formation_energy_peratom,test,0.44941,0.10220602055555567
7250,JVASP-22952,formation_energy_peratom,test,-2.67483,-2.4357461316666655
7251,JVASP-26825,formation_energy_peratom,test,-2.60523,-2.4946025088888897
7252,JVASP-162664,formation_energy_peratom,test,-1.13831,-0.976731576111112
7253,JVASP-160832,formation_energy_peratom,test,0.00904,-0.2633581344444443
7254,JVASP-152717,formation_energy_peratom,test,-0.874,-0.7164355980158731
7255,JVASP-59755,formation_energy_peratom,test,-2.11449,-2.268868144206349
7256,JVASP-153256,formation_energy_peratom,test,-0.2693,-0.3904141816666671
7257,JVASP-44691,formation_energy_peratom,test,-1.56125,-1.674514951825398
7258,JVASP-10726,formation_energy_peratom,test,-2.42648,-2.0565002211111105
7259,JVASP-180794,formation_energy_peratom,test,-0.54108,-0.7788910127777778
7260,JVASP-5686,formation_energy_peratom,test,-0.20258,-0.8271308244444446
7261,JVASP-90551,formation_energy_peratom,test,-0.40778,-0.5570965138888893
7262,JVASP-41560,formation_energy_peratom,test,-2.20683,-1.3899380811111128
7263,JVASP-59649,formation_energy_peratom,test,-2.20831,-3.089027218095238
7264,JVASP-147450,formation_energy_peratom,test,-1.27892,-1.4253991802116415
7265,JVASP-147170,formation_energy_peratom,test,-1.84436,-1.8610551811111096
7266,JVASP-14547,formation_energy_peratom,test,-0.25357,-0.058139461111111124
7267,JVASP-10118,formation_energy_peratom,test,-1.82043,-2.595442215555557
7268,JVASP-143147,formation_energy_peratom,test,-1.69699,-0.7338063338095239
7269,JVASP-129942,formation_energy_peratom,test,0.27596,0.041959967222222144
7270,JVASP-169011,formation_energy_peratom,test,-0.78568,-0.5720620701587306
7271,JVASP-121530,formation_energy_peratom,test,-3.58266,-2.450476041666667
7272,JVASP-10019,formation_energy_peratom,test,-0.75714,-1.1520125055555552
7273,JVASP-120075,formation_energy_peratom,test,-2.12816,-1.4354777402380945
7274,JVASP-39204,formation_energy_peratom,test,0.52743,0.18501571289682506
7275,JVASP-139677,formation_energy_peratom,test,0.11112,-0.2838414305555557
7276,JVASP-108579,formation_energy_peratom,test,-2.57113,-2.461249088333335
7277,JVASP-69661,formation_energy_peratom,test,0.31748,0.14910676722222227
7278,JVASP-179017,formation_energy_peratom,test,-0.38272,-0.5111362327777775
7279,JVASP-85210,formation_energy_peratom,test,-0.32752,-0.6008721088888891
7280,JVASP-110770,formation_energy_peratom,test,-0.05892,-0.7176338655555554
7281,JVASP-177815,formation_energy_peratom,test,-1.5437,-1.8911455600793647
7282,JVASP-29652,formation_energy_peratom,test,-0.45704,-0.6596312194444444
7283,JVASP-25806,formation_energy_peratom,test,-2.47762,-2.331120472222223
7284,JVASP-97443,formation_energy_peratom,test,-2.82824,-2.348245427222224
7285,JVASP-20517,formation_energy_peratom,test,-0.25307,-0.24167761611111105
7286,JVASP-64618,formation_energy_peratom,test,1.2297,0.8193711738492044
7287,JVASP-35643,formation_energy_peratom,test,-2.67307,-2.51786906626984
7288,JVASP-65036,formation_energy_peratom,test,0.46106,0.13206075111111118
7289,JVASP-40550,formation_energy_peratom,test,-0.39289,-0.34049360972222176
7290,JVASP-138818,formation_energy_peratom,test,-2.34654,-0.9748328077777776
7291,JVASP-125530,formation_energy_peratom,test,-0.29109,-0.2506837166666666
7292,JVASP-159027,formation_energy_peratom,test,-0.43805,-0.40945291000000084
7293,JVASP-170092,formation_energy_peratom,test,-1.69759,-2.2415900427777786
7294,JVASP-64192,formation_energy_peratom,test,0.73242,0.5516863122222226
7295,JVASP-18907,formation_energy_peratom,test,1.62014,0.038749063333333326
7296,JVASP-59030,formation_energy_peratom,test,-1.22478,-1.1165672511111113
7297,JVASP-48482,formation_energy_peratom,test,-2.00213,-1.9576939783333311
7298,JVASP-115839,formation_energy_peratom,test,-0.3499,-0.3757729644444447
7299,JVASP-16441,formation_energy_peratom,test,-0.93769,-0.44783112611111114
7300,JVASP-188469,formation_energy_peratom,test,-0.38779,-0.41112093777777753
7301,JVASP-126276,formation_energy_peratom,test,-0.19873,0.043779799444444434
7302,JVASP-186082,formation_energy_peratom,test,-0.42961,-0.26471638444444423
7303,JVASP-170204,formation_energy_peratom,test,-0.50598,-0.497179716666667
7304,JVASP-147499,formation_energy_peratom,test,-0.63215,-1.0352955583333348
7305,JVASP-159865,formation_energy_peratom,test,-0.68854,-1.7430031055555564
7306,JVASP-99915,formation_energy_peratom,test,-0.38888,-0.7528706388888882
7307,JVASP-169051,formation_energy_peratom,test,-2.66652,-2.0622015944444443
7308,JVASP-65082,formation_energy_peratom,test,0.81053,0.2719743977777777
7309,JVASP-100506,formation_energy_peratom,test,-0.87835,-0.5700767399999999
7310,JVASP-143197,formation_energy_peratom,test,0.03461,-0.6317087177777779
7311,JVASP-133345,formation_energy_peratom,test,-1.28027,-2.4475355067460303
7312,JVASP-147433,formation_energy_peratom,test,-2.98758,-2.673805272499999
7313,JVASP-187193,formation_energy_peratom,test,-0.12169,-0.4068129833333328
7314,JVASP-56579,formation_energy_peratom,test,-0.25137,-0.0879243388888889
7315,JVASP-152558,formation_energy_peratom,test,-1.0409,-0.7782543194444442
7316,JVASP-136358,formation_energy_peratom,test,-0.49401,-0.1105346238888889
7317,JVASP-114153,formation_energy_peratom,test,-0.04856,-0.359743054444445
7318,JVASP-126260,formation_energy_peratom,test,0.71038,0.0018643444444444404
7319,JVASP-17265,formation_energy_peratom,test,-2.58819,-2.2578175805555563
7320,JVASP-24633,formation_energy_peratom,test,-1.11004,-1.411490158333333
7321,JVASP-70106,formation_energy_peratom,test,0.53428,0.3883005650000001
7322,JVASP-40402,formation_energy_peratom,test,-0.26284,-0.3274197916666669
7323,JVASP-67837,formation_energy_peratom,test,0.17509,0.3468093138888886
7324,JVASP-117576,formation_energy_peratom,test,-1.3047,-1.0170922266666675
7325,JVASP-104906,formation_energy_peratom,test,-0.00953,-0.28178370222222254
7326,JVASP-99955,formation_energy_peratom,test,-0.2322,-1.2711843744444458
7327,JVASP-194008,formation_energy_peratom,test,-0.52347,-0.23515900857142868
7328,JVASP-104624,formation_energy_peratom,test,-0.42571,-0.42769049666666614
7329,JVASP-97965,formation_energy_peratom,test,-4.42304,-3.4258556355555574
7330,JVASP-9628,formation_energy_peratom,test,-2.25874,-1.9466096033333338
7331,JVASP-69383,formation_energy_peratom,test,-0.21312,-0.009452547777777782
7332,JVASP-127543,formation_energy_peratom,test,-0.48816,-0.6990910633333333
7333,JVASP-94335,formation_energy_peratom,test,-0.79907,-0.6071786327777767
7334,JVASP-17864,formation_energy_peratom,test,0.46811,-0.26350624722222216
7335,JVASP-122054,formation_energy_peratom,test,-0.48745,-0.28985727166666714
7336,JVASP-121523,formation_energy_peratom,test,-0.33075,-0.4982994777777778
7337,JVASP-142052,formation_energy_peratom,test,-2.01368,-2.023613527777778
7338,JVASP-163669,formation_energy_peratom,test,-2.41003,-2.6623038105555548
7339,JVASP-113131,formation_energy_peratom,test,-0.1446,-0.8726200600000003
7340,JVASP-102513,formation_energy_peratom,test,0.15302,-0.21694055166666673
7341,JVASP-9769,formation_energy_peratom,test,-3.21496,-2.6986313042063506
7342,JVASP-22199,formation_energy_peratom,test,-1.16039,-0.8025071972222222
7343,JVASP-188315,formation_energy_peratom,test,-0.27193,-0.6684727416666666
7344,JVASP-111538,formation_energy_peratom,test,-0.14763,-0.5330679038888888
7345,JVASP-42353,formation_energy_peratom,test,-1.87869,-1.9723438891666665
7346,JVASP-57831,formation_energy_peratom,test,-2.04363,-2.2694831338888886
7347,JVASP-40940,formation_energy_peratom,test,-0.04994,-0.1800717333333334
7348,JVASP-47182,formation_energy_peratom,test,-2.19584,-2.1817326944444435
7349,JVASP-116490,formation_energy_peratom,test,-0.55222,-0.6047207103174603
7350,JVASP-93933,formation_energy_peratom,test,-0.24845,-0.19576857888888893
7351,JVASP-9436,formation_energy_peratom,test,-3.47015,-3.1651869850000036
7352,JVASP-191847,formation_energy_peratom,test,-0.36,-0.46201225
7353,JVASP-9627,formation_energy_peratom,test,-1.66159,-1.661936824999999
7354,JVASP-74546,formation_energy_peratom,test,-0.08134,0.2262194494444445
7355,JVASP-87076,formation_energy_peratom,test,-3.65495,-3.020906756666669
7356,JVASP-100149,formation_energy_peratom,test,-3.0126,-2.72507896777778
7357,JVASP-173020,formation_energy_peratom,test,-1.06924,-0.5477403822222225
7358,JVASP-147648,formation_energy_peratom,test,-1.33465,-1.5410259263492077
7359,JVASP-29922,formation_energy_peratom,test,-0.5812,-0.510064855
7360,JVASP-150103,formation_energy_peratom,test,-0.72915,-0.5883082972222222
7361,JVASP-173489,formation_energy_peratom,test,-0.73291,-0.7065278499999995
7362,JVASP-117407,formation_energy_peratom,test,-2.8773,-2.703048540555558
7363,JVASP-127274,formation_energy_peratom,test,-0.24467,-0.444067713888889
7364,JVASP-25383,formation_energy_peratom,test,0.00079,0.05766048902116384
7365,JVASP-178252,formation_energy_peratom,test,-0.40997,-0.619175136111111
7366,JVASP-33813,formation_energy_peratom,test,-1.32152,-0.1062878361111112
7367,JVASP-91599,formation_energy_peratom,test,-0.5061,-0.20580871984126994
7368,JVASP-74648,formation_energy_peratom,test,0.05378,0.026092776428571433
7369,JVASP-185969,formation_energy_peratom,test,-0.13647,-0.006230408888888877
7370,JVASP-40078,formation_energy_peratom,test,-0.50743,-0.4573913888888892
7371,JVASP-100632,formation_energy_peratom,test,-0.39156,-0.6011689161111113
7372,JVASP-156441,formation_energy_peratom,test,-0.19261,-0.2311390961111109
7373,JVASP-33824,formation_energy_peratom,test,-1.30079,-0.0863955305555556
7374,JVASP-161426,formation_energy_peratom,test,-0.25267,-0.32367260722222224
7375,JVASP-141227,formation_energy_peratom,test,-1.83544,-1.8651083618783062
7376,JVASP-190305,formation_energy_peratom,test,-0.75508,-0.542437696666667
7377,JVASP-99149,formation_energy_peratom,test,-1.74433,-1.8266811405555525
7378,JVASP-85274,formation_energy_peratom,test,-1.56159,-1.190269752222223
7379,JVASP-36599,formation_energy_peratom,test,-1.84676,-1.3017456963095233
7380,JVASP-190738,formation_energy_peratom,test,-0.09511,-0.3350435724999999
7381,JVASP-64584,formation_energy_peratom,test,0.35284,0.4850800449999996
7382,JVASP-38282,formation_energy_peratom,test,-0.26732,-0.5195181277777775
7383,JVASP-157163,formation_energy_peratom,test,-0.4317,-0.2794962706349208
7384,JVASP-136883,formation_energy_peratom,test,0.27476,-0.17360446944444435
7385,JVASP-125889,formation_energy_peratom,test,0.51216,0.13569331944444432
7386,JVASP-152178,formation_energy_peratom,test,-2.02361,-2.3192924194444458
7387,JVASP-106250,formation_energy_peratom,test,-0.62347,-0.09938121999999994
7388,JVASP-34560,formation_energy_peratom,test,-2.17046,-1.8044666633333326
7389,JVASP-183745,formation_energy_peratom,test,-0.49268,-0.6128595299999998
7390,JVASP-15621,formation_energy_peratom,test,-0.81323,-0.5442896400793649
7391,JVASP-101940,formation_energy_peratom,test,-0.59871,-1.030678820555555
7392,JVASP-189980,formation_energy_peratom,test,-0.04559,-0.1125523364814815
7393,JVASP-74677,formation_energy_peratom,test,0.14649,0.012451837222222215
7394,JVASP-36064,formation_energy_peratom,test,-0.6237,-0.6322116194444453
7395,JVASP-40573,formation_energy_peratom,test,-0.65379,-0.5641458055555558
7396,JVASP-136408,formation_energy_peratom,test,-0.91639,-1.4106483416666664
7397,JVASP-101852,formation_energy_peratom,test,-0.36301,-0.5691041138888893
7398,JVASP-156935,formation_energy_peratom,test,-0.35862,-0.3400303083333334
7399,JVASP-150319,formation_energy_peratom,test,-0.39692,-0.6027299916666669
7400,JVASP-94838,formation_energy_peratom,test,-0.77362,-0.44083517944444434
7401,JVASP-594,formation_energy_peratom,test,-1.14604,-0.6967110211111113
7402,JVASP-52867,formation_energy_peratom,test,-1.88763,-1.7860024305555535
7403,JVASP-107578,formation_energy_peratom,test,-0.6979,-0.6317834799206351
7404,JVASP-187404,formation_energy_peratom,test,-0.08995,-0.5352071888888889
7405,JVASP-18082,formation_energy_peratom,test,-0.25244,0.14339220777777775
7406,JVASP-39974,formation_energy_peratom,test,-0.59843,-0.20547117944444473
7407,JVASP-111452,formation_energy_peratom,test,-0.25901,-0.5441925572222224
7408,JVASP-50036,formation_energy_peratom,test,-1.33414,-1.7904073472222222
7409,JVASP-101995,formation_energy_peratom,test,-0.42607,-0.2697854188888886
7410,JVASP-118943,formation_energy_peratom,test,-0.32464,-0.334445107539683
7411,JVASP-155201,formation_energy_peratom,test,-0.89381,-0.6003603055555555
7412,JVASP-70924,formation_energy_peratom,test,-0.24,0.3606464255555555
7413,JVASP-168825,formation_energy_peratom,test,-1.91177,-2.16517215873016
7414,JVASP-138578,formation_energy_peratom,test,-0.52046,-0.34787589166666666
7415,JVASP-107187,formation_energy_peratom,test,-2.18096,-0.9930597961111096
7416,JVASP-164930,formation_energy_peratom,test,-2.84088,-2.5968304000000004
7417,JVASP-49685,formation_energy_peratom,test,-2.06229,-1.9283820415079356
7418,JVASP-65211,formation_energy_peratom,test,1.04373,0.2216160994444447
7419,JVASP-170508,formation_energy_peratom,test,-1.54636,-1.7215136944444454
7420,JVASP-131743,formation_energy_peratom,test,0.08091,-0.17342667305555545
7421,JVASP-25092,formation_energy_peratom,test,0.04824,0.0488858004761904
7422,JVASP-58266,formation_energy_peratom,test,-3.13648,-2.7462328527777773
7423,JVASP-85127,formation_energy_peratom,test,-0.80103,-0.41116499666666684
7424,JVASP-19964,formation_energy_peratom,test,-0.88127,-0.6466141055555568
7425,JVASP-81559,formation_energy_peratom,test,-0.45925,-0.4217009405555553
7426,JVASP-10811,formation_energy_peratom,test,-1.09664,-1.1680855288888885
7427,JVASP-176258,formation_energy_peratom,test,-0.25869,-0.39033992944444423
7428,JVASP-40018,formation_energy_peratom,test,-0.13668,-0.09360265333333331
7429,JVASP-124664,formation_energy_peratom,test,-0.06441,-0.1834389180555556
7430,JVASP-135953,formation_energy_peratom,test,0.30025,-0.047353886666666664
7431,JVASP-65052,formation_energy_peratom,test,-0.02726,0.046447604999999996
7432,JVASP-18256,formation_energy_peratom,test,-0.24224,-0.49428849166666633
7433,JVASP-149712,formation_energy_peratom,test,-0.77597,-0.528731305555556
7434,JVASP-173908,formation_energy_peratom,test,-0.31174,-0.4450988111111107
7435,JVASP-107558,formation_energy_peratom,test,-0.01773,-0.16347028404761899
7436,JVASP-101695,formation_energy_peratom,test,-3.96581,-2.3082206411111095
7437,JVASP-68448,formation_energy_peratom,test,0.77787,0.33482763055555576
7438,JVASP-190569,formation_energy_peratom,test,-0.7511,-0.4800933027777772
7439,JVASP-163786,formation_energy_peratom,test,-1.96842,-1.9844484944444412
7440,JVASP-107948,formation_energy_peratom,test,0.00839,-0.1922102833333334
7441,JVASP-109667,formation_energy_peratom,test,-0.36221,-0.6006756027777777
7442,JVASP-100515,formation_energy_peratom,test,-1.7886,-1.687598871944444
7443,JVASP-11135,formation_energy_peratom,test,-2.45671,-1.5821411977777766
7444,JVASP-85706,formation_energy_peratom,test,-0.36453,-0.6481089277777774
7445,JVASP-115898,formation_energy_peratom,test,-0.09296,-0.535367452777778
7446,JVASP-154801,formation_energy_peratom,test,-0.29854,-0.4041419666666665
7447,JVASP-154118,formation_energy_peratom,test,-0.40193,-0.7090721588888887
7448,JVASP-116404,formation_energy_peratom,test,1.31573,0.5786155904761908
7449,JVASP-151522,formation_energy_peratom,test,-0.83594,-0.6695356244444443
7450,JVASP-14845,formation_energy_peratom,test,-0.0,0.06755907555555553
7451,JVASP-112479,formation_energy_peratom,test,-1.06844,-2.0970123305555552
7452,JVASP-184184,formation_energy_peratom,test,-0.89425,-1.0511707716666658
7453,JVASP-128579,formation_energy_peratom,test,0.45072,0.008835055396825395
7454,JVASP-139713,formation_energy_peratom,test,0.65039,0.7462828640079364
7455,JVASP-183915,formation_energy_peratom,test,-0.40017,-0.042462136111111146
7456,JVASP-76238,formation_energy_peratom,test,-0.90902,-0.6560496772222218
7457,JVASP-9510,formation_energy_peratom,test,-2.1967,-2.142334247777776
7458,JVASP-62203,formation_energy_peratom,test,-0.29257,-0.2846697788888891
7459,JVASP-9612,formation_energy_peratom,test,-2.16956,-2.1377550536111127
7460,JVASP-101228,formation_energy_peratom,test,-0.25077,-0.49732298777777734
7461,JVASP-123653,formation_energy_peratom,test,-0.05535,-0.2476762366666668
7462,JVASP-9322,formation_energy_peratom,test,-0.62778,-0.7406649800000003
7463,JVASP-85895,formation_energy_peratom,test,-0.46913,-0.7449445372222224
7464,JVASP-91249,formation_energy_peratom,test,-1.58419,-2.0858630511111107
7465,JVASP-40919,formation_energy_peratom,test,-0.21579,-0.37848126111111097
7466,JVASP-117419,formation_energy_peratom,test,-2.11328,-2.413498450353532
7467,JVASP-146069,formation_energy_peratom,test,-0.93901,-0.8778401344444434
7468,JVASP-19079,formation_energy_peratom,test,-2.4312,-1.6830465583333327
7469,JVASP-56691,formation_energy_peratom,test,-1.29444,-1.7916672344444444
7470,JVASP-125879,formation_energy_peratom,test,-0.01886,0.02710172956349211
7471,JVASP-144257,formation_energy_peratom,test,-2.07184,-2.1307724509259263
7472,JVASP-137307,formation_energy_peratom,test,-1.92782,-2.0981936383333317
7473,JVASP-123289,formation_energy_peratom,test,0.69405,0.2092450138888889
7474,JVASP-66672,formation_energy_peratom,test,0.60373,0.8964203688888881
7475,JVASP-166161,formation_energy_peratom,test,-1.51468,-1.258376103888889
7476,JVASP-112186,formation_energy_peratom,test,-0.33516,-0.37849319111111174
7477,JVASP-9574,formation_energy_peratom,test,-1.52691,-1.521869879444445
7478,JVASP-152368,formation_energy_peratom,test,-2.84349,-2.4924578150000007
7479,JVASP-98569,formation_energy_peratom,test,-0.06445,-0.6973235555555573
7480,JVASP-93458,formation_energy_peratom,test,-1.27462,-1.4953348806349205
7481,JVASP-115608,formation_energy_peratom,test,0.61167,-0.1341401972222222
7482,JVASP-104845,formation_energy_peratom,test,-0.87527,-0.3570926755555556
7483,JVASP-97318,formation_energy_peratom,test,-0.29295,-0.5005320465873018
7484,JVASP-173432,formation_energy_peratom,test,-0.54038,-2.03360293079365
7485,JVASP-89103,formation_energy_peratom,test,-1.49958,-1.3020416111111117
7486,JVASP-142764,formation_energy_peratom,test,-1.88518,-1.538576470925927
7487,JVASP-179576,formation_energy_peratom,test,-1.00905,-0.8916748289682541
7488,JVASP-150500,formation_energy_peratom,test,-0.77903,-0.5762890172222224
7489,JVASP-169388,formation_energy_peratom,test,-0.0377,-0.31658469722222227
7490,JVASP-93182,formation_energy_peratom,test,0.05889,-0.13089324277777778
7491,JVASP-122513,formation_energy_peratom,test,-1.95569,-1.8756801388888895
7492,JVASP-53964,formation_energy_peratom,test,-0.38674,-0.4622322222222222
7493,JVASP-126131,formation_energy_peratom,test,0.21142,-0.057645920000000024
7494,JVASP-53301,formation_energy_peratom,test,0.5848,-0.29001139333333326
7495,JVASP-172974,formation_energy_peratom,test,-0.15157,-0.20424766000000022
7496,JVASP-41962,formation_energy_peratom,test,-2.36546,-2.2754144405555543
7497,JVASP-61327,formation_energy_peratom,test,-3.17031,-2.7743550499999983
7498,JVASP-86022,formation_energy_peratom,test,-1.60568,-2.0660467022222213
7499,JVASP-168261,formation_energy_peratom,test,-0.67524,-0.697271955
7500,JVASP-109254,formation_energy_peratom,test,-0.91039,-0.977394559444445
7501,JVASP-66998,formation_energy_peratom,test,0.26327,0.003807261666666658
7502,JVASP-154273,formation_energy_peratom,test,-2.15901,-2.217034553809525
7503,JVASP-69307,formation_energy_peratom,test,0.38536,-0.532381800833333
7504,JVASP-146548,formation_energy_peratom,test,-2.49439,-2.437978851666663
7505,JVASP-67561,formation_energy_peratom,test,0.24488,0.030693480079365117
7506,JVASP-185137,formation_energy_peratom,test,-0.64919,-0.325847755
7507,JVASP-187824,formation_energy_peratom,test,-0.62646,-0.37341665777777816
7508,JVASP-49184,formation_energy_peratom,test,-3.44654,-2.8370772999999985
7509,JVASP-2289,formation_energy_peratom,test,-2.297,-2.408852269444448
7510,JVASP-80619,formation_energy_peratom,test,0.11095,-0.5792940805555554
7511,JVASP-50800,formation_energy_peratom,test,-1.11974,-1.7309461424603172
7512,JVASP-41525,formation_energy_peratom,test,-0.77416,-0.8226190566666657
7513,JVASP-168517,formation_energy_peratom,test,-0.36561,-0.292693537222222
7514,JVASP-48715,formation_energy_peratom,test,-2.19316,-2.1548623883333318
7515,JVASP-43871,formation_energy_peratom,test,-2.45016,-1.5521579465872994
7516,JVASP-30282,formation_energy_peratom,test,-1.44824,-1.5696400888888884
7517,JVASP-16144,formation_energy_peratom,test,-0.57697,-1.0743575077777783
7518,JVASP-109459,formation_energy_peratom,test,-2.58993,-2.863557308333333
7519,JVASP-94367,formation_energy_peratom,test,0.0275,-0.10391058999999996
7520,JVASP-106485,formation_energy_peratom,test,0.06397,-0.14806981722222207
7521,JVASP-40880,formation_energy_peratom,test,-0.10334,-0.36273846888888894
7522,JVASP-118286,formation_energy_peratom,test,-0.2302,-0.5031740833333334
7523,JVASP-19610,formation_energy_peratom,test,-0.35898,-0.18584045388888895
7524,JVASP-146019,formation_energy_peratom,test,-1.78656,-0.9041484827777776
7525,JVASP-52598,formation_energy_peratom,test,-3.32672,-0.26106062999999996
7526,JVASP-157309,formation_energy_peratom,test,-0.20279,-0.44469971111111095
7527,JVASP-14172,formation_energy_peratom,test,-0.30161,-0.3740223116666669
7528,JVASP-138900,formation_energy_peratom,test,-2.611,-1.8034956726190479
7529,JVASP-123914,formation_energy_peratom,test,0.23341,-0.27793410555555553
7530,JVASP-147497,formation_energy_peratom,test,-0.88952,-0.779485219444445
7531,JVASP-37190,formation_energy_peratom,test,-0.10758,-0.3615130844444451
7532,JVASP-17382,formation_energy_peratom,test,-0.70742,-0.593541649841269
7533,JVASP-49200,formation_energy_peratom,test,-2.69051,-2.043780057070707
7534,JVASP-119192,formation_energy_peratom,test,-0.11969,-0.6632686111111109
7535,JVASP-161230,formation_energy_peratom,test,-0.18844,-0.4030936183333327
7536,JVASP-123364,formation_energy_peratom,test,0.96502,-0.2620366022222225
7537,JVASP-140815,formation_energy_peratom,test,-3.80429,-3.0546843761111053
7538,JVASP-153011,formation_energy_peratom,test,-1.26383,-1.1680464111904763
7539,JVASP-36452,formation_energy_peratom,test,-0.73869,-0.9356949905555558
7540,JVASP-179137,formation_energy_peratom,test,-1.28552,-0.8689134666666672
7541,JVASP-152161,formation_energy_peratom,test,-0.45872,-0.4940409405555556
7542,JVASP-42087,formation_energy_peratom,test,-0.72023,-0.5373317777777775
7543,JVASP-60687,formation_energy_peratom,test,-2.74203,-3.1670699055555542
7544,JVASP-191478,formation_energy_peratom,test,-0.70461,-0.5821261600000001
7545,JVASP-22209,formation_energy_peratom,test,-0.26061,-0.6577590935185185
7546,JVASP-118774,formation_energy_peratom,test,-0.89314,-0.6735081866666665
7547,JVASP-7379,formation_energy_peratom,test,1.6885,1.2597040712433878
7548,JVASP-81543,formation_energy_peratom,test,-0.33517,-0.5387918341666665
7549,JVASP-111903,formation_energy_peratom,test,-1.618,-2.5721525294444425
7550,JVASP-150095,formation_energy_peratom,test,-0.04468,-0.3056194994444443
7551,JVASP-141608,formation_energy_peratom,test,-2.08761,-1.6213749128835977
7552,JVASP-102287,formation_energy_peratom,test,-0.00159,0.02183383055555555
7553,JVASP-107202,formation_energy_peratom,test,-0.00814,-0.01084772962962963
7554,JVASP-52797,formation_energy_peratom,test,-2.22503,-1.9566707190476196
7555,JVASP-101739,formation_energy_peratom,test,-2.41571,-0.025718382063492057
7556,JVASP-181501,formation_energy_peratom,test,-0.28811,-0.3652585211111112
7557,JVASP-183350,formation_energy_peratom,test,-1.14605,-1.5909126400000002
7558,JVASP-68951,formation_energy_peratom,test,-0.99871,-1.1092370316666653
7559,JVASP-155783,formation_energy_peratom,test,-0.31493,-0.5228689061904765
7560,JVASP-39310,formation_energy_peratom,test,0.02002,-0.31150037444444423
7561,JVASP-45399,formation_energy_peratom,test,-1.24279,-0.9001969861111118
7562,JVASP-141273,formation_energy_peratom,test,-2.4735,-2.2835601511375665
7563,JVASP-121250,formation_energy_peratom,test,0.32825,-0.3491219972222219
7564,JVASP-25661,formation_energy_peratom,test,-0.73068,-1.0569428516666661
7565,JVASP-154804,formation_energy_peratom,test,-2.23314,-2.808522669444445
7566,JVASP-137946,formation_energy_peratom,test,0.21092,-0.3067379922222224
7567,JVASP-49667,formation_energy_peratom,test,-2.50911,-2.2215632073015867
7568,JVASP-146677,formation_energy_peratom,test,-0.40188,-0.7450575238888894
7569,JVASP-166040,formation_energy_peratom,test,-1.11153,-0.9564320072222222
7570,JVASP-124149,formation_energy_peratom,test,-1.74548,-1.4924884972222225
7571,JVASP-128651,formation_energy_peratom,test,0.56543,0.08625339305555556
7572,JVASP-69220,formation_energy_peratom,test,0.44526,-0.2404135265476192
7573,JVASP-35331,formation_energy_peratom,test,-0.17877,-0.24227119777777784
7574,JVASP-11667,formation_energy_peratom,test,-2.47567,-2.5953691029040415
7575,JVASP-114335,formation_energy_peratom,test,-0.69695,-0.5132911472222226
7576,JVASP-109209,formation_energy_peratom,test,-1.14604,-1.6792209877777777
7577,JVASP-99948,formation_energy_peratom,test,-0.71507,-0.5246968638888887
7578,JVASP-104795,formation_energy_peratom,test,-3.28027,-2.1302992294444443
7579,JVASP-97432,formation_energy_peratom,test,-0.64739,-0.6964921483333334
7580,JVASP-157569,formation_energy_peratom,test,-0.79092,-0.897417097222222
7581,JVASP-99037,formation_energy_peratom,test,0.06648,-1.1202729305555565
7582,JVASP-20263,formation_energy_peratom,test,-0.38136,-0.4414199011111111
7583,JVASP-109485,formation_energy_peratom,test,-1.0684,-1.360655191666665
7584,JVASP-24335,formation_energy_peratom,test,-2.04178,-2.0005720277777783
7585,JVASP-161205,formation_energy_peratom,test,-0.26288,-0.7879917288888899
7586,JVASP-63804,formation_energy_peratom,test,-3.05276,-2.6236219944444437
7587,JVASP-112659,formation_energy_peratom,test,-3.25205,-2.8922282083333326
7588,JVASP-149118,formation_energy_peratom,test,-1.1693,-0.5297000944444445
7589,JVASP-9171,formation_energy_peratom,test,-1.70823,-1.3497995549999997
7590,JVASP-97507,formation_energy_peratom,test,-0.65258,-0.3135093927777778
7591,JVASP-152361,formation_energy_peratom,test,-0.40794,-0.5324353805555556
7592,JVASP-69838,formation_energy_peratom,test,0.2762,0.3565852811111109
7593,JVASP-124461,formation_energy_peratom,test,-0.16985,-0.24255446722222213
7594,JVASP-123644,formation_energy_peratom,test,0.30957,0.1592606033333334
7595,JVASP-121749,formation_energy_peratom,test,-2.85524,-2.531277601666667
7596,JVASP-175107,formation_energy_peratom,test,-1.92286,-2.2302616338888885
7597,JVASP-192806,formation_energy_peratom,test,-0.45141,-0.4887405849999998
7598,JVASP-180863,formation_energy_peratom,test,-0.31984,-0.09485655333333332
7599,JVASP-139494,formation_energy_peratom,test,0.48165,-0.1314515166666666
7600,JVASP-71417,formation_energy_peratom,test,-0.07942,0.47344505555555555
7601,JVASP-141391,formation_energy_peratom,test,-0.61436,-1.0102814755050509
7602,JVASP-121526,formation_energy_peratom,test,0.10006,-0.2838340555555553
7603,JVASP-39805,formation_energy_peratom,test,-0.69102,-0.25898322055555556
7604,JVASP-112336,formation_energy_peratom,test,-1.87315,-2.15357764861111
7605,JVASP-71642,formation_energy_peratom,test,0.24958,0.27640044722222207
7606,JVASP-138321,formation_energy_peratom,test,-0.76708,-0.7171333222222218
7607,JVASP-117893,formation_energy_peratom,test,-0.64835,-0.2620698266666668
7608,JVASP-157326,formation_energy_peratom,test,-0.10925,-0.21471107388888863
7609,JVASP-2634,formation_energy_peratom,test,-2.19983,-1.5270884561111093
7610,JVASP-163902,formation_energy_peratom,test,-0.03924,-0.20070037888888898
7611,JVASP-48176,formation_energy_peratom,test,-1.1836,-1.1597990713492066
7612,JVASP-187489,formation_energy_peratom,test,-0.40624,-0.5146336608333333
7613,JVASP-120590,formation_energy_peratom,test,-2.55125,-2.7634151194444416
7614,JVASP-179773,formation_energy_peratom,test,-0.45254,-0.989139557777779
7615,JVASP-146928,formation_energy_peratom,test,-1.68492,-1.8813458344444438
7616,JVASP-139535,formation_energy_peratom,test,-0.02481,0.21609643444444476
7617,JVASP-118414,formation_energy_peratom,test,-0.81576,-0.18828451944444435
7618,JVASP-162975,formation_energy_peratom,test,-0.7462,-0.5414587105555552
7619,JVASP-110997,formation_energy_peratom,test,-2.9359,-2.3828020202380977
7620,JVASP-79912,formation_energy_peratom,test,-0.77499,-0.5424554958730153
7621,JVASP-134692,formation_energy_peratom,test,0.26256,0.1302307911111112
7622,JVASP-120203,formation_energy_peratom,test,-0.25249,-1.0794706026984122
7623,JVASP-287,formation_energy_peratom,test,-1.09791,-1.2785117166666669
7624,JVASP-122711,formation_energy_peratom,test,0.02163,0.004514336666666661
7625,JVASP-46010,formation_energy_peratom,test,-2.6886,-1.6441483977777775
7626,JVASP-117466,formation_energy_peratom,test,-0.19922,-0.15935110500000002
7627,JVASP-187917,formation_energy_peratom,test,-0.40481,-0.3092629050000001
7628,JVASP-152820,formation_energy_peratom,test,-1.00458,-0.6304753212698413
7629,JVASP-119109,formation_energy_peratom,test,-2.65616,-2.5922623222222207
7630,JVASP-183149,formation_energy_peratom,test,-0.6908,-1.0401105111111102
7631,JVASP-41500,formation_energy_peratom,test,-0.26535,-0.2071516666666666
7632,JVASP-166508,formation_energy_peratom,test,-2.52126,-1.4101961811111097
7633,JVASP-189673,formation_energy_peratom,test,-0.35016,-0.3573618250000001
7634,JVASP-161351,formation_energy_peratom,test,-0.79357,-0.4702622427777775
7635,JVASP-169977,formation_energy_peratom,test,-0.44056,-0.5765744305555558
7636,JVASP-127059,formation_energy_peratom,test,-0.00242,-0.018800527777777777
7637,JVASP-16782,formation_energy_peratom,test,-0.23689,-0.2019445011111114
7638,JVASP-178995,formation_energy_peratom,test,-0.92463,-0.5858077850000004
7639,JVASP-70617,formation_energy_peratom,test,0.15153,0.05560900444444441
7640,JVASP-172659,formation_energy_peratom,test,-3.19554,-3.0193846404761886
7641,JVASP-21538,formation_energy_peratom,test,-0.69593,-0.6912316151851846
7642,JVASP-117986,formation_energy_peratom,test,-0.35185,-0.7008033266666666
7643,JVASP-161231,formation_energy_peratom,test,-0.49874,-0.5533376455555551
7644,JVASP-121010,formation_energy_peratom,test,-0.35931,0.1013378154700855
7645,JVASP-169433,formation_energy_peratom,test,-0.4388,-0.5475130144444448
7646,JVASP-37311,formation_energy_peratom,test,0.91059,0.20118044722222217
7647,JVASP-86756,formation_energy_peratom,test,0.07844,-0.5322615777777778
7648,JVASP-106655,formation_energy_peratom,test,-0.45974,-0.5333886772222226
7649,JVASP-168427,formation_energy_peratom,test,-0.6265,-1.4506288494444441
7650,JVASP-140568,formation_energy_peratom,test,-2.25086,-2.516875788333334
7651,JVASP-184812,formation_energy_peratom,test,-0.76587,-0.5915573044444445
7652,JVASP-145864,formation_energy_peratom,test,-1.99986,-2.458919556111111
7653,JVASP-172289,formation_energy_peratom,test,-0.64197,-0.49194286222222267
7654,JVASP-102455,formation_energy_peratom,test,-0.06351,-0.09757287222222223
7655,JVASP-170754,formation_energy_peratom,test,-2.63176,-2.3885033811111103
7656,JVASP-29007,formation_energy_peratom,test,-0.38479,-0.3753014538888883
7657,JVASP-71702,formation_energy_peratom,test,-0.13255,0.13066941531746032
7658,JVASP-151832,formation_energy_peratom,test,0.42115,-0.5072876744444447
7659,JVASP-57695,formation_energy_peratom,test,-1.31808,-1.1003998883333346
7660,JVASP-120386,formation_energy_peratom,test,1.98819,0.15778295555555558
7661,JVASP-122350,formation_energy_peratom,test,-2.21687,-2.185121249877347
7662,JVASP-9674,formation_energy_peratom,test,-1.61258,-2.316821233333334
7663,JVASP-176797,formation_energy_peratom,test,-0.45949,-0.5570631194444442
7664,JVASP-28413,formation_energy_peratom,test,-0.92268,-0.2624894861111111
7665,JVASP-80858,formation_energy_peratom,test,0.32515,-0.4539906833333332
7666,JVASP-183386,formation_energy_peratom,test,-0.715,-1.744598147222223
7667,JVASP-103281,formation_energy_peratom,test,-0.47499,-0.42402089388888925
7668,JVASP-11393,formation_energy_peratom,test,-1.04455,-0.8123575027777779
7669,JVASP-140853,formation_energy_peratom,test,-0.7795,-1.0980163583333324
7670,JVASP-19270,formation_energy_peratom,test,-2.53095,-2.3023649916666664
7671,JVASP-85184,formation_energy_peratom,test,-0.65053,-0.738946007142857
7672,JVASP-100854,formation_energy_peratom,test,-1.69913,-1.1628161561111119
7673,JVASP-74288,formation_energy_peratom,test,0.26874,0.13139508111111126
7674,JVASP-165465,formation_energy_peratom,test,-1.29649,-1.0830971888888894
7675,JVASP-48348,formation_energy_peratom,test,-2.5982,-2.5622927598809504
7676,JVASP-173043,formation_energy_peratom,test,-0.63459,-0.350315522222222
7677,JVASP-166869,formation_energy_peratom,test,-0.83274,-0.9208267805555547
7678,JVASP-118376,formation_energy_peratom,test,-0.52311,-0.6737443294444446
7679,JVASP-108950,formation_energy_peratom,test,-0.32611,-0.8512063238888891
7680,JVASP-120032,formation_energy_peratom,test,0.79872,0.2612026555555554
7681,JVASP-36727,formation_energy_peratom,test,-2.50127,-1.1088413499999998
7682,JVASP-155023,formation_energy_peratom,test,-0.91754,-0.7869440094444442
7683,JVASP-160499,formation_energy_peratom,test,-0.3678,-0.5138921288888886
7684,JVASP-5332,formation_energy_peratom,test,-0.59943,-0.7723530205555561
7685,JVASP-150545,formation_energy_peratom,test,-0.18571,-0.3481843000000003
7686,JVASP-63056,formation_energy_peratom,test,-0.36039,-0.38834331277777767
7687,JVASP-1468,formation_energy_peratom,test,-1.02425,-0.34782526277777764
7688,JVASP-125692,formation_energy_peratom,test,-0.07379,-0.1345566500000001
7689,JVASP-90852,formation_energy_peratom,test,-0.70061,-0.28668636222222216
7690,JVASP-70943,formation_energy_peratom,test,0.11497,0.19450045444444442
7691,JVASP-184498,formation_energy_peratom,test,-2.52543,-1.987646339444445
7692,JVASP-103065,formation_energy_peratom,test,-1.31966,-1.3014954472222222
7693,JVASP-49843,formation_energy_peratom,test,-1.19682,-0.14268127000000005
7694,JVASP-180527,formation_energy_peratom,test,-2.64342,-1.401352676851852
7695,JVASP-106964,formation_energy_peratom,test,-0.40113,-0.2976307190740739
7696,JVASP-150520,formation_energy_peratom,test,-0.75621,-0.754188239603175
7697,JVASP-90685,formation_energy_peratom,test,-0.53043,-0.6103551294444446
7698,JVASP-110367,formation_energy_peratom,test,-1.49826,-1.2678671027777773
7699,JVASP-105131,formation_energy_peratom,test,0.05045,-0.2592913916666668
7700,JVASP-141621,formation_energy_peratom,test,-1.75096,-1.6478440066666666
7701,JVASP-116734,formation_energy_peratom,test,-0.35344,-0.8774613594444435
7702,JVASP-155395,formation_energy_peratom,test,-0.38589,-0.5967330694444446
7703,JVASP-121448,formation_energy_peratom,test,-1.84465,-1.8714108410185168
7704,JVASP-136821,formation_energy_peratom,test,0.14355,-0.0855310672222222
7705,JVASP-191776,formation_energy_peratom,test,-0.0608,-0.14309368888888888
7706,JVASP-117849,formation_energy_peratom,test,-0.35018,-0.438986392777778
7707,JVASP-125731,formation_energy_peratom,test,0.46641,-0.14042359444444447
7708,JVASP-117924,formation_energy_peratom,test,-0.2932,0.27749802888888875
7709,JVASP-36983,formation_energy_peratom,test,-1.06049,-1.0689910338888886
7710,JVASP-94108,formation_energy_peratom,test,0.18416,-0.6390348900793654
7711,JVASP-105538,formation_energy_peratom,test,-0.83254,-0.8498749777777768
7712,JVASP-168944,formation_energy_peratom,test,-2.71095,-2.5255943424603178
7713,JVASP-35440,formation_energy_peratom,test,-0.67322,-0.8294476083333336
7714,JVASP-122057,formation_energy_peratom,test,-0.63944,-0.6224192500000004
7715,JVASP-74200,formation_energy_peratom,test,-0.04508,-0.025702126381673896
7716,JVASP-102357,formation_energy_peratom,test,-2.82392,-2.749626138888887
7717,JVASP-169501,formation_energy_peratom,test,-2.25328,-2.1706962677777764
7718,JVASP-133447,formation_energy_peratom,test,-2.6826,-1.7175123277777788
7719,JVASP-21962,formation_energy_peratom,test,-2.81553,-2.8684018088888905
7720,JVASP-128448,formation_energy_peratom,test,-0.00493,-0.33921708277777785
7721,JVASP-41109,formation_energy_peratom,test,-0.73831,-0.5335235772222227
7722,JVASP-145805,formation_energy_peratom,test,-1.7723,-2.0782200949999994
7723,JVASP-149754,formation_energy_peratom,test,-1.4398,-1.1218568960317459
7724,JVASP-187758,formation_energy_peratom,test,-0.20816,-0.1653350661111112
7725,JVASP-31206,formation_energy_peratom,test,-2.33853,-1.7263589494444447
7726,JVASP-85714,formation_energy_peratom,test,-2.05349,-1.8538536672222226
7727,JVASP-135802,formation_energy_peratom,test,-1.072,-0.4364958805555553
7728,JVASP-155238,formation_energy_peratom,test,-0.09741,-0.16241834999999977
7729,JVASP-50976,formation_energy_peratom,test,-3.23039,-1.6668463916666674
7730,JVASP-45913,formation_energy_peratom,test,-2.25605,-1.6221840842592592
7731,JVASP-190688,formation_energy_peratom,test,-0.02641,-0.05054785714285722
7732,JVASP-160960,formation_energy_peratom,test,-0.22414,-0.18613999277777765
7733,JVASP-164646,formation_energy_peratom,test,-1.59015,-1.0713620183333326
7734,JVASP-142176,formation_energy_peratom,test,-1.82629,-1.6942990138888891
7735,JVASP-156486,formation_energy_peratom,test,-0.16109,-0.22286083166666656
7736,JVASP-186629,formation_energy_peratom,test,0.01889,-0.3576390466666664
7737,JVASP-141561,formation_energy_peratom,test,-3.06668,-2.8869847305555494
7738,JVASP-30603,formation_energy_peratom,test,-2.99237,-2.0031954247619055
7739,JVASP-106849,formation_energy_peratom,test,-2.8103,-2.5460642122222232
7740,JVASP-127518,formation_energy_peratom,test,0.41452,0.21908744499999974
7741,JVASP-8070,formation_energy_peratom,test,-0.04044,-0.6170032711111108
7742,JVASP-12244,formation_energy_peratom,test,-2.95982,-2.6526289994444463
7743,JVASP-91799,formation_energy_peratom,test,-3.18408,-2.0953547801587296
7744,JVASP-40635,formation_energy_peratom,test,-0.79254,-0.5611409676984123
7745,JVASP-187043,formation_energy_peratom,test,-0.39866,-0.3532754722222221
7746,JVASP-160908,formation_energy_peratom,test,-0.04559,-0.21902362388888866
7747,JVASP-36312,formation_energy_peratom,test,0.3232,-0.8287830683333328
7748,JVASP-37770,formation_energy_peratom,test,-0.61346,-0.4784864822222218
7749,JVASP-18075,formation_energy_peratom,test,-0.4004,-0.3773645744444445
7750,JVASP-67531,formation_energy_peratom,test,0.34759,0.3125486338888892
7751,JVASP-40027,formation_energy_peratom,test,-0.52494,-0.3453970224206352
7752,JVASP-159934,formation_energy_peratom,test,-0.75096,-0.31488635166666634
7753,JVASP-14516,formation_energy_peratom,test,-0.75026,-0.4309200309523813
7754,JVASP-112527,formation_energy_peratom,test,-1.22877,-0.8183487261111115
7755,JVASP-121973,formation_energy_peratom,test,-0.82883,-0.6429211877777775
7756,JVASP-80523,formation_energy_peratom,test,0.08357,-0.056929926666666665
7757,JVASP-119018,formation_energy_peratom,test,-0.80716,-0.655848166666667
7758,JVASP-185019,formation_energy_peratom,test,-0.27342,-0.34506644388888924
7759,JVASP-155643,formation_energy_peratom,test,-0.32881,-0.6685020383333333
7760,JVASP-152505,formation_energy_peratom,test,-0.28673,-0.8800011683333332
7761,JVASP-11167,formation_energy_peratom,test,-2.58378,-1.625238213333334
7762,JVASP-68820,formation_energy_peratom,test,0.1759,0.3461766138888894
7763,JVASP-96808,formation_energy_peratom,test,-2.09413,-2.2781634888888904
7764,JVASP-100713,formation_energy_peratom,test,-0.21866,-0.7943690039321789
7765,JVASP-72816,formation_energy_peratom,test,0.38707,0.13613879499999995
7766,JVASP-109319,formation_energy_peratom,test,-0.04245,-0.15093587222222224
7767,JVASP-21214,formation_energy_peratom,test,0.00073,0.4519656173809521
7768,JVASP-127309,formation_energy_peratom,test,-0.58749,-0.03708076805555552
7769,JVASP-126549,formation_energy_peratom,test,1.12445,0.6763340294444442
7770,JVASP-116650,formation_energy_peratom,test,-2.19574,-2.819520047222222
7771,JVASP-44586,formation_energy_peratom,test,-1.58412,-1.4865771455555554
7772,JVASP-3495,formation_energy_peratom,test,-0.24704,-0.3681013583333333
7773,JVASP-54828,formation_energy_peratom,test,-0.87485,-2.031625108333335
7774,JVASP-194242,formation_energy_peratom,test,-0.25768,-0.46855146388888924
7775,JVASP-12116,formation_energy_peratom,test,-0.43524,-1.1874272499999976
7776,JVASP-141607,formation_energy_peratom,test,-1.62214,-1.594297444920634
7777,JVASP-150114,formation_energy_peratom,test,-0.43975,-0.8890872427777778
7778,JVASP-109790,formation_energy_peratom,test,-0.38142,-0.8750056283333326
7779,JVASP-133672,formation_energy_peratom,test,-1.37099,-1.805704817777778
7780,JVASP-18198,formation_energy_peratom,test,-0.96018,-0.3684776416666665
7781,JVASP-67941,formation_energy_peratom,test,0.59229,0.17751360611111097
7782,JVASP-86778,formation_energy_peratom,test,-0.60846,-0.6640613644444436
7783,JVASP-103899,formation_energy_peratom,test,-0.49259,-0.3011752505555553
7784,JVASP-57458,formation_energy_peratom,test,-0.90167,-1.5945194472222213
7785,JVASP-67828,formation_energy_peratom,test,0.2293,0.033528138888888795
7786,JVASP-116020,formation_energy_peratom,test,0.27683,-0.5720220472222224
7787,JVASP-100524,formation_energy_peratom,test,-3.18222,-2.5801597516666672
7788,JVASP-36466,formation_energy_peratom,test,-0.87399,0.46296468277777764
7789,JVASP-105281,formation_energy_peratom,test,-0.42038,-0.8919251355555553
7790,JVASP-141690,formation_energy_peratom,test,-1.92448,-1.891254021018519
7791,JVASP-116456,formation_energy_peratom,test,-2.36021,-2.4143971525396823
7792,JVASP-170657,formation_energy_peratom,test,-0.78332,-0.8605026877777782
7793,JVASP-165990,formation_energy_peratom,test,-1.71624,-2.0029825966666652
7794,JVASP-138775,formation_energy_peratom,test,-0.23901,-0.40709554888888905
7795,JVASP-68991,formation_energy_peratom,test,-0.30033,-0.4884834305555551
7796,JVASP-94937,formation_energy_peratom,test,-0.66396,-0.8309270138888881
7797,JVASP-101654,formation_energy_peratom,test,-1.85628,-1.5187279694444449
7798,JVASP-139705,formation_energy_peratom,test,2.02707,0.8995490391666666
7799,JVASP-111142,formation_energy_peratom,test,-2.67369,-2.7576664027777733
7800,JVASP-178448,formation_energy_peratom,test,-2.66263,-2.472297478888889
7801,JVASP-150200,formation_energy_peratom,test,-0.82813,-0.561122959444445
7802,JVASP-64083,formation_energy_peratom,test,1.02066,0.525646482777779
7803,JVASP-143586,formation_energy_peratom,test,-0.29145,-0.8225523872222229
7804,JVASP-68894,formation_energy_peratom,test,-0.04046,-0.03337312357142858
7805,JVASP-70813,formation_energy_peratom,test,-0.1662,-0.05762559722222225
7806,JVASP-116572,formation_energy_peratom,test,-0.81443,-1.1929863966666663
7807,JVASP-9169,formation_energy_peratom,test,-0.22725,-0.5969583961111111
7808,JVASP-19708,formation_energy_peratom,test,-0.11671,-0.20959208777777755
7809,JVASP-88224,formation_energy_peratom,test,-2.68605,-2.0641164538888876
7810,JVASP-30434,formation_energy_peratom,test,-2.88586,-2.52800423185185
7811,JVASP-182705,formation_energy_peratom,test,-0.19607,-0.5373015249999997
7812,JVASP-69899,formation_energy_peratom,test,0.3682,0.05685601468253971
7813,JVASP-117571,formation_energy_peratom,test,-0.58643,-0.41624560055555593
7814,JVASP-103972,formation_energy_peratom,test,-0.46374,-0.4621416682539679
7815,JVASP-29760,formation_energy_peratom,test,-0.96021,-1.039541797777777
7816,JVASP-36171,formation_energy_peratom,test,0.08368,-0.10376926888888888
7817,JVASP-141659,formation_energy_peratom,test,-2.11597,-2.1449811488888892
7818,JVASP-151620,formation_energy_peratom,test,-0.37209,-0.612860648888889
7819,JVASP-110108,formation_energy_peratom,test,-0.57292,-0.8719643549206356
7820,JVASP-92907,formation_energy_peratom,test,0.17322,0.09992801388888889
7821,JVASP-145874,formation_energy_peratom,test,-2.82222,-2.076522869523811
7822,JVASP-19866,formation_energy_peratom,test,-0.5164,-0.49986598444444497
7823,JVASP-193645,formation_energy_peratom,test,-0.32099,-0.6313852822222217
7824,JVASP-192103,formation_energy_peratom,test,-0.98046,-0.49506285277777795
7825,JVASP-192320,formation_energy_peratom,test,-0.50859,-0.135165311897547
7826,JVASP-56902,formation_energy_peratom,test,-1.23741,-1.494929928888888
7827,JVASP-145777,formation_energy_peratom,test,-1.69031,-1.8298594920634912
7828,JVASP-145919,formation_energy_peratom,test,-4.12539,-2.792901403846153
7829,JVASP-74429,formation_energy_peratom,test,-0.06745,-0.007622547777777773
7830,JVASP-96769,formation_energy_peratom,test,-2.77919,-2.6064333066666654
7831,JVASP-110235,formation_energy_peratom,test,-1.26307,-0.26190983055555556
7832,JVASP-47037,formation_energy_peratom,test,-1.83081,-1.8506243105291011
7833,JVASP-65704,formation_energy_peratom,test,-0.91074,-0.937058757777778
7834,JVASP-107712,formation_energy_peratom,test,-0.52876,-1.1501661061111108
7835,JVASP-4567,formation_energy_peratom,test,-3.53393,-2.1976192616666665
7836,JVASP-100876,formation_energy_peratom,test,-0.89247,-1.5481634672222215
7837,JVASP-78299,formation_energy_peratom,test,-0.51733,-0.02452460555555557
7838,JVASP-121940,formation_energy_peratom,test,-2.76376,-3.121796163888889
7839,JVASP-93525,formation_energy_peratom,test,0.06526,-0.012161241666666663
7840,JVASP-187892,formation_energy_peratom,test,-1.41813,-0.6705027716666668
7841,JVASP-137861,formation_energy_peratom,test,-0.28868,0.25524012357142845
7842,JVASP-66242,formation_energy_peratom,test,0.80506,0.5305626672222223
7843,JVASP-139587,formation_energy_peratom,test,0.50183,-0.19881115055555554
7844,JVASP-120910,formation_energy_peratom,test,-0.50188,-0.24570248722222213
7845,JVASP-133371,formation_energy_peratom,test,-0.47795,-0.7629177573015874
7846,JVASP-35673,formation_energy_peratom,test,-0.27589,-0.11497703333333334
7847,JVASP-41509,formation_energy_peratom,test,-0.82504,-0.4332825750000003
7848,JVASP-78681,formation_energy_peratom,test,-1.31371,-1.4889584877777777
7849,JVASP-186005,formation_energy_peratom,test,-0.25667,0.29738991444444435
7850,JVASP-152128,formation_energy_peratom,test,0.11298,-0.10677091611111117
7851,JVASP-191324,formation_energy_peratom,test,-0.37828,-0.5273312416666671
7852,JVASP-99869,formation_energy_peratom,test,-0.27645,-0.7386571283333331
7853,JVASP-23483,formation_energy_peratom,test,-0.35535,-0.6008350805555558
7854,JVASP-151918,formation_energy_peratom,test,-0.48799,-0.44667957500000016
7855,JVASP-134271,formation_energy_peratom,test,-0.7823,-0.5675016433333332
7856,JVASP-194868,formation_energy_peratom,test,-0.11233,-0.27665088888888917
7857,JVASP-78838,formation_energy_peratom,test,-0.22318,-0.19219263499999978
7858,JVASP-18745,formation_energy_peratom,test,-0.10205,-0.2523273833333332
7859,JVASP-31802,formation_energy_peratom,test,-2.13058,-1.909432276111111
7860,JVASP-85573,formation_energy_peratom,test,-2.36793,-2.402911136296293
7861,JVASP-166137,formation_energy_peratom,test,-1.23525,-1.701889333282831
7862,JVASP-143505,formation_energy_peratom,test,-0.17578,-0.3649572050000001
7863,JVASP-158216,formation_energy_peratom,test,-0.45094,-0.550450780555556
7864,JVASP-159651,formation_energy_peratom,test,-1.9012,-1.4223800944444427
7865,JVASP-135676,formation_energy_peratom,test,-0.70959,-0.7850278388888883
7866,JVASP-41581,formation_energy_peratom,test,-0.67268,-0.47713130833333356
7867,JVASP-194693,formation_energy_peratom,test,-0.89424,-0.4958094664153436
7868,JVASP-138261,formation_energy_peratom,test,-1.82048,-1.3179049376984133
7869,JVASP-12237,formation_energy_peratom,test,-3.09124,-2.6580084263888897
7870,JVASP-150663,formation_energy_peratom,test,-1.45354,-1.6783404277777796
7871,JVASP-145477,formation_energy_peratom,test,-1.05976,-1.3316650261111105
7872,JVASP-181571,formation_energy_peratom,test,-0.31171,-0.21137343277777762
7873,JVASP-163857,formation_energy_peratom,test,-1.30493,-1.7243848092592584
7874,JVASP-178206,formation_energy_peratom,test,-0.471,-0.46287079999999986
7875,JVASP-65333,formation_energy_peratom,test,0.72764,-0.024161062777777777
7876,JVASP-132385,formation_energy_peratom,test,-0.87338,-1.5472153356746021
7877,JVASP-45135,formation_energy_peratom,test,-1.54762,-1.4948283372222222
7878,JVASP-180853,formation_energy_peratom,test,-1.61586,-1.0930283516666663
7879,JVASP-180166,formation_energy_peratom,test,-0.31432,-0.3411007907407406
7880,JVASP-93352,formation_energy_peratom,test,-0.10018,-0.3022509272222226
7881,JVASP-42689,formation_energy_peratom,test,-1.76159,-1.4859038383333318
7882,JVASP-86276,formation_energy_peratom,test,-0.21501,-0.4533976217460312
7883,JVASP-22611,formation_energy_peratom,test,-2.86855,-2.3806787362962987
7884,JVASP-186856,formation_energy_peratom,test,-0.46834,-0.32984798611111105
7885,JVASP-176472,formation_energy_peratom,test,-2.50694,-2.6093156666666655
7886,JVASP-43151,formation_energy_peratom,test,-2.12777,-2.1319766144444436
7887,JVASP-34237,formation_energy_peratom,test,-2.22086,-1.7151502149999995
7888,JVASP-44669,formation_energy_peratom,test,-3.67252,-3.1625134716666694
7889,JVASP-69666,formation_energy_peratom,test,0.77677,0.35797616611111155
7890,JVASP-90281,formation_energy_peratom,test,-0.26294,-0.3400411661111113
7891,JVASP-141082,formation_energy_peratom,test,-0.11426,-0.321046825
7892,JVASP-153215,formation_energy_peratom,test,-0.5487,-0.6984537305555555
7893,JVASP-176566,formation_energy_peratom,test,-0.16369,-0.5087968000000004
7894,JVASP-150127,formation_energy_peratom,test,-2.20772,-2.545211721349204
7895,JVASP-126650,formation_energy_peratom,test,0.00055,0.010050078888888921
7896,JVASP-193447,formation_energy_peratom,test,-1.81693,-1.118492508888889
7897,JVASP-7562,formation_energy_peratom,test,0.71781,1.3799892434127004
7898,JVASP-168124,formation_energy_peratom,test,-0.8735,-0.6911559016666672
7899,JVASP-146315,formation_energy_peratom,test,-0.62133,-0.5288670955555554
7900,JVASP-21649,formation_energy_peratom,test,-0.43849,-0.3436317228835976
7901,JVASP-102944,formation_energy_peratom,test,0.17416,-0.05271218111111121
7902,JVASP-156049,formation_energy_peratom,test,-0.08753,-0.4723540905555552
7903,JVASP-13856,formation_energy_peratom,test,-0.58222,-0.3057360738888889
7904,JVASP-15211,formation_energy_peratom,test,-0.25731,-0.5423965789682541
7905,JVASP-111615,formation_energy_peratom,test,-0.29033,-0.33669289166666666
7906,JVASP-168586,formation_energy_peratom,test,-1.41426,-1.963528822222224
7907,JVASP-149453,formation_energy_peratom,test,-0.15353,-0.07916438555555551
7908,JVASP-11580,formation_energy_peratom,test,-2.48967,-2.1811187250000015
7909,JVASP-31202,formation_energy_peratom,test,-0.37232,-0.3311761750000003
7910,JVASP-80965,formation_energy_peratom,test,0.03137,-0.5030470688888884
7911,JVASP-187734,formation_energy_peratom,test,-1.02955,-0.7130986861111117
7912,JVASP-96825,formation_energy_peratom,test,-1.5462,-1.9249810527777766
7913,JVASP-153488,formation_energy_peratom,test,-2.2362,-2.3656600633333302
7914,JVASP-57571,formation_energy_peratom,test,-2.84765,-2.942736712222221
7915,JVASP-101954,formation_energy_peratom,test,-0.52353,-0.6176424382539677
7916,JVASP-35867,formation_energy_peratom,test,-1.13816,-0.318394338333333
7917,JVASP-164024,formation_energy_peratom,test,-0.15616,-0.07394611388888885
7918,JVASP-141486,formation_energy_peratom,test,-0.50905,-1.7908104399999987
7919,JVASP-38490,formation_energy_peratom,test,0.36932,-0.036320137222222236
7920,JVASP-189401,formation_energy_peratom,test,-1.75731,-1.7919261832539681
7921,JVASP-70804,formation_energy_peratom,test,0.70047,0.4097166511111109
7922,JVASP-130870,formation_energy_peratom,test,-0.10329,-0.4461810333333334
7923,JVASP-153674,formation_energy_peratom,test,-0.55189,-0.3865511138888891
7924,JVASP-103458,formation_energy_peratom,test,-1.85867,-0.45742115111111104
7925,JVASP-34174,formation_energy_peratom,test,-1.72341,-1.9160229464814806
7926,JVASP-66112,formation_energy_peratom,test,1.79431,1.133795516388888
7927,JVASP-179682,formation_energy_peratom,test,-0.75846,-0.34272835555555586
7928,JVASP-79515,formation_energy_peratom,test,2.14955,0.5149235457142856
7929,JVASP-111804,formation_energy_peratom,test,-1.43147,-1.773668246111111
7930,JVASP-108799,formation_energy_peratom,test,-0.45191,-0.39291078055555523
7931,JVASP-129684,formation_energy_peratom,test,-0.3893,-0.6777180261111114
7932,JVASP-139611,formation_energy_peratom,test,-1.4078,-1.0454948666666646
7933,JVASP-182628,formation_energy_peratom,test,-0.4576,-0.46465814166666725
7934,JVASP-102907,formation_energy_peratom,test,-1.36429,-0.7384741411111112
7935,JVASP-5821,formation_energy_peratom,test,-0.71437,-1.4062435305555534
7936,JVASP-89945,formation_energy_peratom,test,-0.54262,-0.6113549655555558
7937,JVASP-11173,formation_energy_peratom,test,-3.53647,-2.3664958627777795
7938,JVASP-110242,formation_energy_peratom,test,-1.3499,-0.7549732755555557
7939,JVASP-176710,formation_energy_peratom,test,-0.04759,-0.5517754638888892
7940,JVASP-187266,formation_energy_peratom,test,0.07656,-0.04723496944444444
7941,JVASP-93489,formation_energy_peratom,test,0.09166,-0.5757555972222221
7942,JVASP-181406,formation_energy_peratom,test,-0.0968,-0.24603658333333336
7943,JVASP-151222,formation_energy_peratom,test,-0.28564,-0.30165982666666663
7944,JVASP-125813,formation_energy_peratom,test,0.05105,-0.06675116444444447
7945,JVASP-39847,formation_energy_peratom,test,-0.5002,-0.4348366694444446
7946,JVASP-40311,formation_energy_peratom,test,-0.29419,-0.40637648365079393
7947,JVASP-81245,formation_energy_peratom,test,1.36139,0.596622467222222
7948,JVASP-169894,formation_energy_peratom,test,-0.2153,-0.8246803333333331
7949,JVASP-150314,formation_energy_peratom,test,-0.28868,-0.36957286111111126
7950,JVASP-112413,formation_energy_peratom,test,-1.95494,-2.106412544444445
7951,JVASP-118711,formation_energy_peratom,test,-1.21704,-0.2147554094444446
7952,JVASP-174063,formation_energy_peratom,test,-0.24317,-0.3490827222222226
7953,JVASP-165784,formation_energy_peratom,test,-2.27366,-2.310945733888889
7954,JVASP-110781,formation_energy_peratom,test,-0.37924,-0.5090776794444443
7955,JVASP-192297,formation_energy_peratom,test,-0.45584,-0.6682652416666663
7956,JVASP-14549,formation_energy_peratom,test,-0.18976,-0.2630222411111111
7957,JVASP-22901,formation_energy_peratom,test,-3.33324,-2.7405425022222234
7958,JVASP-186832,formation_energy_peratom,test,-0.22099,-0.26513842268518534
7959,JVASP-155178,formation_energy_peratom,test,-1.65126,-0.6756233083333332
7960,JVASP-104834,formation_energy_peratom,test,-0.27486,-0.4896960061111114
7961,JVASP-27283,formation_energy_peratom,test,-2.3182,-2.1752217416666673
7962,JVASP-50644,formation_energy_peratom,test,-2.56772,-2.65488804166667
7963,JVASP-108573,formation_energy_peratom,test,-2.73469,-2.378283113888889
7964,JVASP-97596,formation_energy_peratom,test,-3.04411,-2.7201624661111117
7965,JVASP-79574,formation_energy_peratom,test,0.00452,-0.022584741507936528
7966,JVASP-168628,formation_energy_peratom,test,-1.73542,-2.427358512777779
7967,JVASP-136170,formation_energy_peratom,test,-0.34572,-0.24030618055555578
7968,JVASP-108653,formation_energy_peratom,test,-0.06697,-0.11396526388888889
7969,JVASP-170424,formation_energy_peratom,test,-0.55202,-0.5633500176190472
7970,JVASP-68012,formation_energy_peratom,test,0.31207,0.08963475361111106
7971,JVASP-91626,formation_energy_peratom,test,-0.14047,-0.3028052347222221
7972,JVASP-69633,formation_energy_peratom,test,0.74367,0.23441654888888877
7973,JVASP-18880,formation_energy_peratom,test,-1.1215,-1.8436425719444458
7974,JVASP-98505,formation_energy_peratom,test,-0.376,-0.5553486938888885
7975,JVASP-64420,formation_energy_peratom,test,1.08815,0.6548733135714283
7976,JVASP-114604,formation_energy_peratom,test,0.3204,0.5937103295238093
7977,JVASP-166067,formation_energy_peratom,test,-3.20202,-2.432569566269839
7978,JVASP-148568,formation_energy_peratom,test,0.91701,0.7123696611111123
7979,JVASP-101800,formation_energy_peratom,test,0.024,-0.15105717055555534
7980,JVASP-138445,formation_energy_peratom,test,-1.01838,-0.37292705000000015
7981,JVASP-91752,formation_energy_peratom,test,-0.08625,-0.7812086111111115
7982,JVASP-161350,formation_energy_peratom,test,-0.32215,-0.3787372144444443
7983,JVASP-129502,formation_energy_peratom,test,-0.47555,-0.23464202611111115
7984,JVASP-50002,formation_energy_peratom,test,-3.76029,-2.8776491166666682
7985,JVASP-71720,formation_energy_peratom,test,-0.12064,0.0069493027777777746
7986,JVASP-148272,formation_energy_peratom,test,-1.62013,-1.7043625911111118
7987,JVASP-107154,formation_energy_peratom,test,-1.88888,-1.3490180444444446
7988,JVASP-11478,formation_energy_peratom,test,-3.23625,-2.5182023427777778
7989,JVASP-146147,formation_energy_peratom,test,-1.92897,-1.909679098240738
7990,JVASP-128610,formation_energy_peratom,test,0.86132,0.26603329444444473
7991,JVASP-169924,formation_energy_peratom,test,-1.32795,-0.9553020255555553
7992,JVASP-161664,formation_energy_peratom,test,-1.48513,-1.9848101277777797
7993,JVASP-186609,formation_energy_peratom,test,-2.57853,-0.9396748872222215
7994,JVASP-69243,formation_energy_peratom,test,-0.6208,-0.5584745847222219
7995,JVASP-169152,formation_energy_peratom,test,-0.55366,-0.4478476905555557
7996,JVASP-78402,formation_energy_peratom,test,0.47135,-0.038457786269841254
7997,JVASP-172148,formation_energy_peratom,test,-0.46028,-0.507897821666667
7998,JVASP-93737,formation_energy_peratom,test,0.21236,-0.22238459555555543
7999,JVASP-126333,formation_energy_peratom,test,0.13937,-0.01564760428571429
6400,JVASP-119938,optb88vdw_bandgap,val,0.0,0.1588100000000001
6401,JVASP-109013,optb88vdw_bandgap,val,0.09,1.2248183333333331
6402,JVASP-50021,optb88vdw_bandgap,val,2.663,0.30212833333333367
6403,JVASP-154862,optb88vdw_bandgap,val,5.836,3.1666877777777778
6404,JVASP-69252,optb88vdw_bandgap,val,0.0,0.01833444444444444
6405,JVASP-132218,optb88vdw_bandgap,val,0.0,0.6922694999999999
6406,JVASP-116604,optb88vdw_bandgap,val,0.0,0.33398961111111114
6407,JVASP-189761,optb88vdw_bandgap,val,0.0,0.20966066666666652
6408,JVASP-107516,optb88vdw_bandgap,val,0.0,0.06438850000000002
6409,JVASP-163733,optb88vdw_bandgap,val,0.288,0.47003316666666706
6410,JVASP-102302,optb88vdw_bandgap,val,0.0,0.5046549444444443
6411,JVASP-118605,optb88vdw_bandgap,val,0.0,0.014201111111111112
6412,JVASP-71580,optb88vdw_bandgap,val,0.0,0.0963675
6413,JVASP-157065,optb88vdw_bandgap,val,0.0,4.6666666666666665e-05
6414,JVASP-46014,optb88vdw_bandgap,val,5.046,1.6623178968253984
6415,JVASP-173476,optb88vdw_bandgap,val,3.731,0.7448788888888884
6416,JVASP-94238,optb88vdw_bandgap,val,0.0,0.012497
6417,JVASP-133137,optb88vdw_bandgap,val,0.0,0.03187722222222223
6418,JVASP-155038,optb88vdw_bandgap,val,0.5,1.3445896666666663
6419,JVASP-29137,optb88vdw_bandgap,val,0.256,0.5037975000000002
6420,JVASP-15340,optb88vdw_bandgap,val,0.0,0.010665000000000001
6421,JVASP-113012,optb88vdw_bandgap,val,0.0,0.09860222222222219
6422,JVASP-35848,optb88vdw_bandgap,val,0.0,0.005533333333333332
6423,JVASP-115103,optb88vdw_bandgap,val,0.54,0.08329666666666666
6424,JVASP-154084,optb88vdw_bandgap,val,1.174,0.20410472222222206
6425,JVASP-155308,optb88vdw_bandgap,val,1.289,0.2805027777777778
6426,JVASP-101873,optb88vdw_bandgap,val,4.541,3.4315006111111073
6427,JVASP-179392,optb88vdw_bandgap,val,0.0,0.6718472222222224
6428,JVASP-58253,optb88vdw_bandgap,val,6.646,1.4368522222222224
6429,JVASP-193316,optb88vdw_bandgap,val,0.0,0.0006822222222222222
6430,JVASP-116187,optb88vdw_bandgap,val,0.0,0.1753622222222223
6431,JVASP-10651,optb88vdw_bandgap,val,0.0,0.22648699999999977
6432,JVASP-57702,optb88vdw_bandgap,val,0.0,0.000608888888888889
6433,JVASP-137115,optb88vdw_bandgap,val,0.0,0.17104472222222222
6434,JVASP-71974,optb88vdw_bandgap,val,0.0,0.00035666666666666664
6435,JVASP-73555,optb88vdw_bandgap,val,0.0,0.008454444444444443
6436,JVASP-9991,optb88vdw_bandgap,val,4.134,2.7207988888888903
6437,JVASP-92221,optb88vdw_bandgap,val,1.868,0.5466897222222229
6438,JVASP-164344,optb88vdw_bandgap,val,3.817,1.8776311111111113
6439,JVASP-37666,optb88vdw_bandgap,val,0.0,1.380198222222222
6440,JVASP-18525,optb88vdw_bandgap,val,0.0,0.4708944444444443
6441,JVASP-109952,optb88vdw_bandgap,val,0.0,0.0
6442,JVASP-192079,optb88vdw_bandgap,val,0.0,0.0028823333333333327
6443,JVASP-76788,optb88vdw_bandgap,val,0.0,0.1870391666666667
6444,JVASP-155005,optb88vdw_bandgap,val,0.305,2.257654761904763
6445,JVASP-27531,optb88vdw_bandgap,val,0.209,1.777602222222221
6446,JVASP-42559,optb88vdw_bandgap,val,0.411,2.0384397222222232
6447,JVASP-67748,optb88vdw_bandgap,val,0.0,0.0053594444444444445
6448,JVASP-150823,optb88vdw_bandgap,val,0.0,0.03724616666666666
6449,JVASP-134494,optb88vdw_bandgap,val,0.0,0.29608777777777767
6450,JVASP-156422,optb88vdw_bandgap,val,0.0,0.010364444444444445
6451,JVASP-65044,optb88vdw_bandgap,val,0.0,0.18290083333333343
6452,JVASP-187932,optb88vdw_bandgap,val,0.0,0.0
6453,JVASP-171573,optb88vdw_bandgap,val,0.0,0.18951837301587296
6454,JVASP-137750,optb88vdw_bandgap,val,0.0,0.04874555555555556
6455,JVASP-17640,optb88vdw_bandgap,val,0.0,0.00025666666666666665
6456,JVASP-126647,optb88vdw_bandgap,val,0.0,0.5672950000000001
6457,JVASP-176745,optb88vdw_bandgap,val,0.0,0.037295555555555554
6458,JVASP-143186,optb88vdw_bandgap,val,0.419,0.9162894444444449
6459,JVASP-18447,optb88vdw_bandgap,val,0.0,0.22699361111111127
6460,JVASP-51607,optb88vdw_bandgap,val,0.365,1.0934583888888887
6461,JVASP-49888,optb88vdw_bandgap,val,0.0,1.2126586111111108
6462,JVASP-143194,optb88vdw_bandgap,val,0.0,0.5039149999999998
6463,JVASP-20843,optb88vdw_bandgap,val,0.0,0.0886102499999999
6464,JVASP-36032,optb88vdw_bandgap,val,0.0,0.0
6465,JVASP-115416,optb88vdw_bandgap,val,0.0,0.687959246031746
6466,JVASP-162027,optb88vdw_bandgap,val,0.0,0.03244322222222224
6467,JVASP-102615,optb88vdw_bandgap,val,0.0,0.5766048888888896
6468,JVASP-94918,optb88vdw_bandgap,val,0.322,0.660326944444445
6469,JVASP-178683,optb88vdw_bandgap,val,0.0,0.0501625
6470,JVASP-101449,optb88vdw_bandgap,val,0.0,0.003106666666666667
6471,JVASP-105985,optb88vdw_bandgap,val,0.0,0.03215333333333334
6472,JVASP-185729,optb88vdw_bandgap,val,0.0,0.2260568055555557
6473,JVASP-179548,optb88vdw_bandgap,val,0.0,0.05617749999999997
6474,JVASP-180167,optb88vdw_bandgap,val,0.0,0.039621944444444446
6475,JVASP-141395,optb88vdw_bandgap,val,1.965,2.4323147222222223
6476,JVASP-66042,optb88vdw_bandgap,val,0.0,0.04455555555555556
6477,JVASP-168855,optb88vdw_bandgap,val,2.801,1.6750444999999994
6478,JVASP-178299,optb88vdw_bandgap,val,0.0,0.08577638888888889
6479,JVASP-81731,optb88vdw_bandgap,val,0.0,0.09565922222222219
6480,JVASP-128429,optb88vdw_bandgap,val,0.0,0.057327499999999997
6481,JVASP-19083,optb88vdw_bandgap,val,3.324,2.1414638888888895
6482,JVASP-129552,optb88vdw_bandgap,val,0.0,0.01815388888888889
6483,JVASP-134808,optb88vdw_bandgap,val,0.348,0.13155888888888886
6484,JVASP-175925,optb88vdw_bandgap,val,0.0,2.9406042777777777
6485,JVASP-12909,optb88vdw_bandgap,val,0.978,0.26562972222222225
6486,JVASP-28644,optb88vdw_bandgap,val,0.461,0.4946090555555554
6487,JVASP-175941,optb88vdw_bandgap,val,0.0,0.25771055555555555
6488,JVASP-104971,optb88vdw_bandgap,val,1.665,1.324558333333334
6489,JVASP-21450,optb88vdw_bandgap,val,0.0,0.5482202777777776
6490,JVASP-64266,optb88vdw_bandgap,val,0.0,0.045581666666666666
6491,JVASP-5326,optb88vdw_bandgap,val,0.0,0.023146666666666666
6492,JVASP-66852,optb88vdw_bandgap,val,0.0,0.11409666666666667
6493,JVASP-42982,optb88vdw_bandgap,val,0.218,0.07128606349206354
6494,JVASP-184923,optb88vdw_bandgap,val,0.0,0.8931761666666667
6495,JVASP-80012,optb88vdw_bandgap,val,0.0,0.00041
6496,JVASP-66111,optb88vdw_bandgap,val,0.0,0.029566666666666665
6497,JVASP-182389,optb88vdw_bandgap,val,2.473,0.9640448888888884
6498,JVASP-39122,optb88vdw_bandgap,val,0.0,0.04797277777777777
6499,JVASP-80357,optb88vdw_bandgap,val,0.0,0.005002944444444443
6500,JVASP-15859,optb88vdw_bandgap,val,0.0,0.21161111111111133
6501,JVASP-127411,optb88vdw_bandgap,val,0.0,0.1723311111111111
6502,JVASP-163440,optb88vdw_bandgap,val,1.182,1.4651521111111108
6503,JVASP-16768,optb88vdw_bandgap,val,0.0,0.01718888888888889
6504,JVASP-97609,optb88vdw_bandgap,val,0.0,0.8980650555555553
6505,JVASP-91729,optb88vdw_bandgap,val,0.0,0.1936256666666667
6506,JVASP-106527,optb88vdw_bandgap,val,0.0,0.0
6507,JVASP-126880,optb88vdw_bandgap,val,0.0,0.0
6508,JVASP-44403,optb88vdw_bandgap,val,0.0,0.4278516666666667
6509,JVASP-71123,optb88vdw_bandgap,val,0.0,0.004187777777777777
6510,JVASP-11416,optb88vdw_bandgap,val,2.126,1.6412877777777781
6511,JVASP-120154,optb88vdw_bandgap,val,1.361,1.7597557222222209
6512,JVASP-149229,optb88vdw_bandgap,val,0.0,1.6353644444444437
6513,JVASP-54898,optb88vdw_bandgap,val,0.0,0.0005522222222222223
6514,JVASP-117604,optb88vdw_bandgap,val,0.0,0.0784488888888889
6515,JVASP-41504,optb88vdw_bandgap,val,0.0,0.0004955555555555556
6516,JVASP-16429,optb88vdw_bandgap,val,0.0,0.014942777777777775
6517,JVASP-8382,optb88vdw_bandgap,val,0.339,1.5974166388888924
6518,JVASP-78753,optb88vdw_bandgap,val,0.0,0.00286
6519,JVASP-165541,optb88vdw_bandgap,val,0.0,0.07236999999999998
6520,JVASP-12357,optb88vdw_bandgap,val,0.664,0.7861888492063496
6521,JVASP-112894,optb88vdw_bandgap,val,0.0,1.780842611111112
6522,JVASP-107679,optb88vdw_bandgap,val,0.0,0.45646005555555547
6523,JVASP-135764,optb88vdw_bandgap,val,0.0,0.8305869444444437
6524,JVASP-121297,optb88vdw_bandgap,val,0.0,0.8637919444444433
6525,JVASP-98438,optb88vdw_bandgap,val,0.0,3.8915277777777737
6526,JVASP-134803,optb88vdw_bandgap,val,0.0,0.5163866666666667
6527,JVASP-109892,optb88vdw_bandgap,val,1.299,1.260001944444444
6528,JVASP-37465,optb88vdw_bandgap,val,0.0,0.06850394444444446
6529,JVASP-101033,optb88vdw_bandgap,val,0.0,0.33005994444444464
6530,JVASP-97854,optb88vdw_bandgap,val,0.861,1.4379547222222229
6531,JVASP-86987,optb88vdw_bandgap,val,0.0,0.24169250000000006
6532,JVASP-149342,optb88vdw_bandgap,val,0.0,0.008369444444444445
6533,JVASP-134050,optb88vdw_bandgap,val,0.0,2.1742813888888914
6534,JVASP-190906,optb88vdw_bandgap,val,0.0,0.07345000000000002
6535,JVASP-166068,optb88vdw_bandgap,val,1.004,0.780137444444444
6536,JVASP-127724,optb88vdw_bandgap,val,0.0,0.023477777777777778
6537,JVASP-127368,optb88vdw_bandgap,val,0.0,0.009258333333333334
6538,JVASP-55230,optb88vdw_bandgap,val,0.0,0.39233666666666667
6539,JVASP-38911,optb88vdw_bandgap,val,0.0,0.004095555555555555
6540,JVASP-46198,optb88vdw_bandgap,val,0.0,0.22658024074074062
6541,JVASP-36261,optb88vdw_bandgap,val,0.0,0.041765000000000004
6542,JVASP-80462,optb88vdw_bandgap,val,0.0,0.14631972222222225
6543,JVASP-189325,optb88vdw_bandgap,val,0.0,0.0038744444444444447
6544,JVASP-103366,optb88vdw_bandgap,val,0.0,0.05625416666666666
6545,JVASP-184027,optb88vdw_bandgap,val,0.0,0.21331583333333332
6546,JVASP-182951,optb88vdw_bandgap,val,0.0,0.06528777777777779
6547,JVASP-141555,optb88vdw_bandgap,val,0.314,0.4922756666666668
6548,JVASP-52866,optb88vdw_bandgap,val,1.66,0.9097261111111113
6549,JVASP-190888,optb88vdw_bandgap,val,0.0,0.00472111111111111
6550,JVASP-179597,optb88vdw_bandgap,val,0.0,0.027669777777777776
6551,JVASP-45730,optb88vdw_bandgap,val,0.0,1.0468469047619042
6552,JVASP-37371,optb88vdw_bandgap,val,0.0,0.034359999999999995
6553,JVASP-28447,optb88vdw_bandgap,val,0.0,0.16730833333333334
6554,JVASP-11233,optb88vdw_bandgap,val,0.0,0.19857716666666655
6555,JVASP-95,optb88vdw_bandgap,val,1.056,0.3491635555555557
6556,JVASP-165620,optb88vdw_bandgap,val,4.923,3.1810167777777796
6557,JVASP-66157,optb88vdw_bandgap,val,0.0,0.03618388888888889
6558,JVASP-137358,optb88vdw_bandgap,val,0.271,0.7506969444444448
6559,JVASP-51219,optb88vdw_bandgap,val,0.0,0.05332388888888889
6560,JVASP-124759,optb88vdw_bandgap,val,0.0,0.10878666666666663
6561,JVASP-100661,optb88vdw_bandgap,val,0.572,0.2787594444444443
6562,JVASP-138679,optb88vdw_bandgap,val,0.0,0.06116777777777777
6563,JVASP-67657,optb88vdw_bandgap,val,0.0,0.016589444444444445
6564,JVASP-145488,optb88vdw_bandgap,val,0.0,0.6864950000000004
6565,JVASP-100898,optb88vdw_bandgap,val,0.0,0.8404504999999982
6566,JVASP-121273,optb88vdw_bandgap,val,0.0,0.13200311111111115
6567,JVASP-112997,optb88vdw_bandgap,val,0.0,0.31313250000000004
6568,JVASP-69740,optb88vdw_bandgap,val,0.0,0.0007466666666666666
6569,JVASP-110745,optb88vdw_bandgap,val,0.0,0.10818577777777781
6570,JVASP-139480,optb88vdw_bandgap,val,0.0,0.3534436111111112
6571,JVASP-50097,optb88vdw_bandgap,val,4.187,1.7676774999999993
6572,JVASP-119288,optb88vdw_bandgap,val,0.697,2.751709999999999
6573,JVASP-86723,optb88vdw_bandgap,val,0.534,5.107071999999993
6574,JVASP-188684,optb88vdw_bandgap,val,0.0,0.014126666666666668
6575,JVASP-74697,optb88vdw_bandgap,val,0.0,0.059191666666666636
6576,JVASP-124873,optb88vdw_bandgap,val,0.0,0.21923138888888885
6577,JVASP-145924,optb88vdw_bandgap,val,2.394,1.9321608333333355
6578,JVASP-39276,optb88vdw_bandgap,val,0.0,0.0012855555555555556
6579,JVASP-58326,optb88vdw_bandgap,val,5.78,4.562242222222226
6580,JVASP-106993,optb88vdw_bandgap,val,0.0,3.5000000000000004e-05
6581,JVASP-106760,optb88vdw_bandgap,val,0.0,0.011315000000000002
6582,JVASP-110466,optb88vdw_bandgap,val,0.0,0.002766111111111111
6583,JVASP-114606,optb88vdw_bandgap,val,0.0,0.003705
6584,JVASP-104110,optb88vdw_bandgap,val,1.88,3.5451990555555515
6585,JVASP-141777,optb88vdw_bandgap,val,1.03,1.2780325000000012
6586,JVASP-146514,optb88vdw_bandgap,val,0.411,0.6253858333333334
6587,JVASP-122509,optb88vdw_bandgap,val,0.076,1.0063036111111114
6588,JVASP-180418,optb88vdw_bandgap,val,0.0,0.019264999999999997
6589,JVASP-133069,optb88vdw_bandgap,val,0.0,1.845117777777779
6590,JVASP-98097,optb88vdw_bandgap,val,0.0,0.8206295000000001
6591,JVASP-93878,optb88vdw_bandgap,val,0.0,0.0
6592,JVASP-72003,optb88vdw_bandgap,val,0.0,0.022168333333333335
6593,JVASP-9120,optb88vdw_bandgap,val,0.0,0.15897166666666662
6594,JVASP-35492,optb88vdw_bandgap,val,0.0,1.1646272222222223
6595,JVASP-66202,optb88vdw_bandgap,val,0.0,0.006721111111111111
6596,JVASP-191768,optb88vdw_bandgap,val,0.0,0.08415638888888892
6597,JVASP-93311,optb88vdw_bandgap,val,0.0,0.5906223888888892
6598,JVASP-25326,optb88vdw_bandgap,val,0.0,0.21286111111111117
6599,JVASP-29398,optb88vdw_bandgap,val,0.424,1.5557061111111112
6600,JVASP-135884,optb88vdw_bandgap,val,0.0,0.07189777777777775
6601,JVASP-153264,optb88vdw_bandgap,val,0.0,0.5158641666666666
6602,JVASP-120201,optb88vdw_bandgap,val,0.0,0.08299194444444447
6603,JVASP-85718,optb88vdw_bandgap,val,0.294,0.9880391428571431
6604,JVASP-175880,optb88vdw_bandgap,val,1.055,3.1107011111111125
6605,JVASP-180323,optb88vdw_bandgap,val,0.0,0.1350716666666667
6606,JVASP-159757,optb88vdw_bandgap,val,0.0,0.24819761111111097
6607,JVASP-53515,optb88vdw_bandgap,val,0.0,0.03465611111111111
6608,JVASP-117297,optb88vdw_bandgap,val,0.141,0.3545742222222225
6609,JVASP-144347,optb88vdw_bandgap,val,0.0,0.00871338888888889
6610,JVASP-38910,optb88vdw_bandgap,val,0.0,0.00093
6611,JVASP-98372,optb88vdw_bandgap,val,0.042,2.8175941666666673
6612,JVASP-99822,optb88vdw_bandgap,val,0.0,0.000916111111111111
6613,JVASP-64362,optb88vdw_bandgap,val,0.0,0.05781805555555555
6614,JVASP-136409,optb88vdw_bandgap,val,0.0,0.01243444444444444
6615,JVASP-56537,optb88vdw_bandgap,val,0.0,0.2922980555555556
6616,JVASP-105559,optb88vdw_bandgap,val,0.0,0.1828447222222222
6617,JVASP-71654,optb88vdw_bandgap,val,0.0,0.00283
6618,JVASP-128387,optb88vdw_bandgap,val,0.0,0.029530833333333333
6619,JVASP-134231,optb88vdw_bandgap,val,0.0,0.2714834444444444
6620,JVASP-120081,optb88vdw_bandgap,val,0.0,0.2125473333333334
6621,JVASP-183841,optb88vdw_bandgap,val,0.0,0.05666277777777774
6622,JVASP-114428,optb88vdw_bandgap,val,0.0,0.12378477777777773
6623,JVASP-186506,optb88vdw_bandgap,val,0.0,0.014122222222222222
6624,JVASP-176086,optb88vdw_bandgap,val,4.896,2.1316366944444445
6625,JVASP-1540,optb88vdw_bandgap,val,0.368,0.015013888888888887
6626,JVASP-180146,optb88vdw_bandgap,val,0.0,0.14612527777777776
6627,JVASP-63714,optb88vdw_bandgap,val,0.256,0.2542645000000002
6628,JVASP-15082,optb88vdw_bandgap,val,0.0,0.0030075
6629,JVASP-67935,optb88vdw_bandgap,val,0.0,0.0014433333333333334
6630,JVASP-88639,optb88vdw_bandgap,val,0.0,0.036993055555555536
6631,JVASP-154311,optb88vdw_bandgap,val,0.0,0.020222777777777777
6632,JVASP-164019,optb88vdw_bandgap,val,0.0,0.000608888888888889
6633,JVASP-179135,optb88vdw_bandgap,val,0.0,0.07952027777777783
6634,JVASP-43392,optb88vdw_bandgap,val,3.598,1.8682551111111074
6635,JVASP-136243,optb88vdw_bandgap,val,0.0,0.36769249999999987
6636,JVASP-120219,optb88vdw_bandgap,val,0.0,0.6852133888888894
6637,JVASP-12687,optb88vdw_bandgap,val,1.05,0.5846771111111108
6638,JVASP-79441,optb88vdw_bandgap,val,0.0,1.1632451111111142
6639,JVASP-119097,optb88vdw_bandgap,val,0.086,2.2831766111111107
6640,JVASP-69043,optb88vdw_bandgap,val,0.0,0.024960555555555562
6641,JVASP-136360,optb88vdw_bandgap,val,0.0,0.34553527777777765
6642,JVASP-106453,optb88vdw_bandgap,val,0.0,1.7139825000000004
6643,JVASP-127992,optb88vdw_bandgap,val,0.0,0.16854333333333335
6644,JVASP-36936,optb88vdw_bandgap,val,0.0,0.5032405555555557
6645,JVASP-117972,optb88vdw_bandgap,val,0.0,0.4752695555555555
6646,JVASP-153534,optb88vdw_bandgap,val,0.0,0.010540000000000002
6647,JVASP-44621,optb88vdw_bandgap,val,0.0,0.2823119444444446
6648,JVASP-12128,optb88vdw_bandgap,val,0.0,0.7265622222222222
6649,JVASP-146662,optb88vdw_bandgap,val,0.0,0.11633083333333337
6650,JVASP-155387,optb88vdw_bandgap,val,0.0,0.27032305555555536
6651,JVASP-164720,optb88vdw_bandgap,val,3.814,1.9765419999999991
6652,JVASP-86950,optb88vdw_bandgap,val,0.0,0.2751709444444445
6653,JVASP-183278,optb88vdw_bandgap,val,0.0,0.01393472222222222
6654,JVASP-176377,optb88vdw_bandgap,val,0.0,0.017447499999999998
6655,JVASP-142772,optb88vdw_bandgap,val,4.064,0.6273109444444448
6656,JVASP-150654,optb88vdw_bandgap,val,1.065,0.7617825555555559
6657,JVASP-71300,optb88vdw_bandgap,val,0.0,0.007846111111111111
6658,JVASP-157055,optb88vdw_bandgap,val,0.0,0.09144083333333321
6659,JVASP-158681,optb88vdw_bandgap,val,0.0,0.08686138888888885
6660,JVASP-129313,optb88vdw_bandgap,val,0.0,0.2705005555555555
6661,JVASP-125496,optb88vdw_bandgap,val,0.0,0.0778627777777778
6662,JVASP-79453,optb88vdw_bandgap,val,0.0,0.0
6663,JVASP-48922,optb88vdw_bandgap,val,0.159,1.7955347222222204
6664,JVASP-19101,optb88vdw_bandgap,val,1.407,2.0962309444444456
6665,JVASP-179432,optb88vdw_bandgap,val,0.0,0.10905069444444446
6666,JVASP-105349,optb88vdw_bandgap,val,0.0,0.004013888888888889
6667,JVASP-86270,optb88vdw_bandgap,val,0.0,0.06342222222222224
6668,JVASP-22976,optb88vdw_bandgap,val,2.783,1.8247855555555554
6669,JVASP-58132,optb88vdw_bandgap,val,0.402,0.9434477777777778
6670,JVASP-144351,optb88vdw_bandgap,val,0.0,0.49828777777777805
6671,JVASP-136747,optb88vdw_bandgap,val,0.0,0.9616995555555553
6672,JVASP-164442,optb88vdw_bandgap,val,0.0,0.16923761111111107
6673,JVASP-598,optb88vdw_bandgap,val,0.0,0.2959508333333333
6674,JVASP-81204,optb88vdw_bandgap,val,0.0,0.19490472222222222
6675,JVASP-64193,optb88vdw_bandgap,val,0.0,0.11306166666666674
6676,JVASP-19612,optb88vdw_bandgap,val,0.0,0.056287222222222225
6677,JVASP-162998,optb88vdw_bandgap,val,0.0,0.006416666666666667
6678,JVASP-168986,optb88vdw_bandgap,val,0.0,1.353377222222223
6679,JVASP-138619,optb88vdw_bandgap,val,0.0,0.15980666666666668
6680,JVASP-66623,optb88vdw_bandgap,val,0.0,0.04734888888888887
6681,JVASP-156881,optb88vdw_bandgap,val,0.0,0.10762555555555563
6682,JVASP-10923,optb88vdw_bandgap,val,0.0,0.1829712777777777
6683,JVASP-118316,optb88vdw_bandgap,val,0.0,0.42593222222222205
6684,JVASP-140884,optb88vdw_bandgap,val,0.0,0.8724710555555553
6685,JVASP-42989,optb88vdw_bandgap,val,0.0,0.28702811111111126
6686,JVASP-184012,optb88vdw_bandgap,val,0.0,0.21532277777777775
6687,JVASP-115172,optb88vdw_bandgap,val,0.0,0.37528361111111136
6688,JVASP-12241,optb88vdw_bandgap,val,0.735,0.34478055555555553
6689,JVASP-100616,optb88vdw_bandgap,val,0.0,0.0063574999999999994
6690,JVASP-140266,optb88vdw_bandgap,val,1.119,1.9732063888888896
6691,JVASP-71795,optb88vdw_bandgap,val,0.0,0.04841055555555554
6692,JVASP-119726,optb88vdw_bandgap,val,0.0,0.01924083333333332
6693,JVASP-109797,optb88vdw_bandgap,val,0.397,0.25754555555555525
6694,JVASP-152192,optb88vdw_bandgap,val,0.0,0.02970666666666667
6695,JVASP-35321,optb88vdw_bandgap,val,0.0,1.8333333333333333e-05
6696,JVASP-11638,optb88vdw_bandgap,val,0.0,0.23963311111111088
6697,JVASP-105480,optb88vdw_bandgap,val,2.83,0.37700166666666673
6698,JVASP-97755,optb88vdw_bandgap,val,0.0,3.1633272222222235
6699,JVASP-185249,optb88vdw_bandgap,val,0.0,0.010521444444444444
6700,JVASP-29304,optb88vdw_bandgap,val,0.0,1.4281647222222227
6701,JVASP-191536,optb88vdw_bandgap,val,0.0,0.18595305555555558
6702,JVASP-179358,optb88vdw_bandgap,val,0.0,0.08913666666666667
6703,JVASP-58384,optb88vdw_bandgap,val,0.0,1.1324899444444438
6704,JVASP-124674,optb88vdw_bandgap,val,0.0,0.07351777777777775
6705,JVASP-99516,optb88vdw_bandgap,val,0.0,0.677855277777778
6706,JVASP-188638,optb88vdw_bandgap,val,0.0,0.014922222222222222
6707,JVASP-117451,optb88vdw_bandgap,val,0.009,0.0336537380952381
6708,JVASP-176758,optb88vdw_bandgap,val,0.0,0.06947544444444444
6709,JVASP-154255,optb88vdw_bandgap,val,0.0,0.019423055555555558
6710,JVASP-136811,optb88vdw_bandgap,val,0.0,0.3008647222222223
6711,JVASP-133968,optb88vdw_bandgap,val,0.0,0.050778666666666625
6712,JVASP-46291,optb88vdw_bandgap,val,1.047,1.599148722222222
6713,JVASP-128122,optb88vdw_bandgap,val,0.0,0.0
6714,JVASP-85006,optb88vdw_bandgap,val,0.0,0.20265083333333284
6715,JVASP-58259,optb88vdw_bandgap,val,0.0,0.1328025555555555
6716,JVASP-156072,optb88vdw_bandgap,val,0.0,0.009998888888888889
6717,JVASP-145984,optb88vdw_bandgap,val,0.0,0.8056713888888881
6718,JVASP-24272,optb88vdw_bandgap,val,3.177,1.416716166666666
6719,JVASP-129374,optb88vdw_bandgap,val,0.0,0.027309999999999997
6720,JVASP-98350,optb88vdw_bandgap,val,0.0,0.17013333333333333
6721,JVASP-121607,optb88vdw_bandgap,val,2.904,1.1062403888888894
6722,JVASP-178766,optb88vdw_bandgap,val,0.0,0.7735055555555552
6723,JVASP-66298,optb88vdw_bandgap,val,0.0,0.0680472222222222
6724,JVASP-111965,optb88vdw_bandgap,val,0.181,0.07274419841269834
6725,JVASP-168544,optb88vdw_bandgap,val,0.0,0.5293028333333331
6726,JVASP-7728,optb88vdw_bandgap,val,0.0,0.0032033333333333336
6727,JVASP-116194,optb88vdw_bandgap,val,0.0,0.10643916666666664
6728,JVASP-185644,optb88vdw_bandgap,val,0.0,0.049277222222222236
6729,JVASP-44461,optb88vdw_bandgap,val,0.0,1.0480685555555544
6730,JVASP-79138,optb88vdw_bandgap,val,0.0,0.07330305555555557
6731,JVASP-189986,optb88vdw_bandgap,val,0.0,0.0008183333333333333
6732,JVASP-154301,optb88vdw_bandgap,val,0.0,0.09685027777777784
6733,JVASP-25064,optb88vdw_bandgap,val,0.0,0.11469158778258776
6734,JVASP-72424,optb88vdw_bandgap,val,0.0,0.0
6735,JVASP-181217,optb88vdw_bandgap,val,0.0,0.09581666666666667
6736,JVASP-11047,optb88vdw_bandgap,val,0.783,0.09093236111111087
6737,JVASP-103920,optb88vdw_bandgap,val,4.344,3.8944902777777792
6738,JVASP-119496,optb88vdw_bandgap,val,1.166,4.497345555555556
6739,JVASP-146109,optb88vdw_bandgap,val,0.0,0.05018794444444451
6740,JVASP-92904,optb88vdw_bandgap,val,0.0,0.013903888888888891
6741,JVASP-81252,optb88vdw_bandgap,val,0.0,0.36234638888888926
6742,JVASP-98161,optb88vdw_bandgap,val,2.957,3.4014555555555543
6743,JVASP-155586,optb88vdw_bandgap,val,0.0,0.046547222222222226
6744,JVASP-70764,optb88vdw_bandgap,val,0.0,0.062021944444444456
6745,JVASP-150403,optb88vdw_bandgap,val,0.0,0.14926844444444443
6746,JVASP-167620,optb88vdw_bandgap,val,0.0,0.047947500000000004
6747,JVASP-79637,optb88vdw_bandgap,val,0.0,0.2048636111111114
6748,JVASP-38450,optb88vdw_bandgap,val,0.0,0.03217277777777777
6749,JVASP-116526,optb88vdw_bandgap,val,2.658,2.591853333333334
6750,JVASP-67381,optb88vdw_bandgap,val,0.0,0.042118055555555554
6751,JVASP-191028,optb88vdw_bandgap,val,0.0,0.07392222222222221
6752,JVASP-47749,optb88vdw_bandgap,val,0.516,1.0355563888888875
6753,JVASP-12886,optb88vdw_bandgap,val,0.0,0.415168888888889
6754,JVASP-64952,optb88vdw_bandgap,val,0.0,0.11318833333333335
6755,JVASP-137874,optb88vdw_bandgap,val,0.567,0.23608000000000018
6756,JVASP-105458,optb88vdw_bandgap,val,0.181,0.1365200555555556
6757,JVASP-155265,optb88vdw_bandgap,val,0.0,0.04032499999999999
6758,JVASP-36680,optb88vdw_bandgap,val,0.562,0.9124841666666671
6759,JVASP-14006,optb88vdw_bandgap,val,0.0,0.3732748333333338
6760,JVASP-22794,optb88vdw_bandgap,val,0.0,0.010609166666666666
6761,JVASP-152201,optb88vdw_bandgap,val,1.461,0.18583472222222217
6762,JVASP-145137,optb88vdw_bandgap,val,0.416,0.0692105000000001
6763,JVASP-139061,optb88vdw_bandgap,val,0.0,0.44031538888888877
6764,JVASP-102847,optb88vdw_bandgap,val,0.227,0.40215083333333307
6765,JVASP-102995,optb88vdw_bandgap,val,0.0,0.0010794444444444445
6766,JVASP-105944,optb88vdw_bandgap,val,0.0,0.057102222222222235
6767,JVASP-72332,optb88vdw_bandgap,val,0.0,0.0004833333333333333
6768,JVASP-151617,optb88vdw_bandgap,val,0.0,0.7674565158730157
6769,JVASP-119731,optb88vdw_bandgap,val,0.0,0.4963945000000001
6770,JVASP-37083,optb88vdw_bandgap,val,0.0,0.37417250000000024
6771,JVASP-10222,optb88vdw_bandgap,val,0.282,0.3943930555555556
6772,JVASP-45248,optb88vdw_bandgap,val,3.055,3.072054166666666
6773,JVASP-64942,optb88vdw_bandgap,val,0.0,0.011677222222222223
6774,JVASP-113728,optb88vdw_bandgap,val,0.0,0.0581036111111111
6775,JVASP-105896,optb88vdw_bandgap,val,0.0,0.05962638888888889
6776,JVASP-34173,optb88vdw_bandgap,val,0.0,0.18047166666666706
6777,JVASP-170438,optb88vdw_bandgap,val,0.0,0.3361908333333333
6778,JVASP-124303,optb88vdw_bandgap,val,3.263,0.8138540000000004
6779,JVASP-190929,optb88vdw_bandgap,val,0.0,0.02042944444444444
6780,JVASP-56177,optb88vdw_bandgap,val,1.8,2.9455112777777765
6781,JVASP-36141,optb88vdw_bandgap,val,0.0,0.0
6782,JVASP-78742,optb88vdw_bandgap,val,0.0,0.0228
6783,JVASP-125400,optb88vdw_bandgap,val,0.0,0.13980666666666672
6784,JVASP-188496,optb88vdw_bandgap,val,0.0,0.050110888888888885
6785,JVASP-129352,optb88vdw_bandgap,val,0.0,0.23559444444444447
6786,JVASP-20291,optb88vdw_bandgap,val,3.876,3.3375177777777734
6787,JVASP-168123,optb88vdw_bandgap,val,6.902,3.698826666666668
6788,JVASP-167949,optb88vdw_bandgap,val,0.0,0.16915861111111105
6789,JVASP-160869,optb88vdw_bandgap,val,0.0,0.20486638888888875
6790,JVASP-140925,optb88vdw_bandgap,val,0.0,0.36580066666666655
6791,JVASP-28474,optb88vdw_bandgap,val,0.078,0.2765294642857147
6792,JVASP-100604,optb88vdw_bandgap,val,0.0,0.039233611111111115
6793,JVASP-12930,optb88vdw_bandgap,val,5.021,1.5952687222222237
6794,JVASP-122375,optb88vdw_bandgap,val,0.0,0.6391172222222223
6795,JVASP-85599,optb88vdw_bandgap,val,4.921,1.9541700396825388
6796,JVASP-169245,optb88vdw_bandgap,val,0.0,0.24507277777777778
6797,JVASP-37387,optb88vdw_bandgap,val,0.0,0.000555
6798,JVASP-41854,optb88vdw_bandgap,val,0.0,0.054052259259259244
6799,JVASP-189381,optb88vdw_bandgap,val,0.0,0.013818333333333334
6800,JVASP-18144,optb88vdw_bandgap,val,0.0,0.43302694444444445
6801,JVASP-39090,optb88vdw_bandgap,val,0.0,0.1403888888888889
6802,JVASP-179631,optb88vdw_bandgap,val,0.0,0.00689
6803,JVASP-72570,optb88vdw_bandgap,val,0.0,0.02566722222222222
6804,JVASP-79176,optb88vdw_bandgap,val,0.0,0.34157583333333347
6805,JVASP-62744,optb88vdw_bandgap,val,0.0,0.07051249999999998
6806,JVASP-65689,optb88vdw_bandgap,val,0.0,0.025385277777777777
6807,JVASP-101802,optb88vdw_bandgap,val,2.18,2.154030833333332
6808,JVASP-133966,optb88vdw_bandgap,val,0.768,0.05212222222222223
6809,JVASP-156204,optb88vdw_bandgap,val,0.0,0.06040638888888889
6810,JVASP-156012,optb88vdw_bandgap,val,0.0,0.003313888888888889
6811,JVASP-116380,optb88vdw_bandgap,val,0.0,0.06508916666666668
6812,JVASP-71461,optb88vdw_bandgap,val,0.0,0.0
6813,JVASP-109529,optb88vdw_bandgap,val,0.0,0.0
6814,JVASP-133657,optb88vdw_bandgap,val,0.0,0.011358333333333324
6815,JVASP-117463,optb88vdw_bandgap,val,0.544,0.06979472222222222
6816,JVASP-133533,optb88vdw_bandgap,val,2.407,1.299203833333334
6817,JVASP-71954,optb88vdw_bandgap,val,0.0,0.0
6818,JVASP-21958,optb88vdw_bandgap,val,0.0,1.202733888888889
6819,JVASP-136056,optb88vdw_bandgap,val,0.0,0.006531666666666666
6820,JVASP-191976,optb88vdw_bandgap,val,0.0,0.10826361111111109
6821,JVASP-114440,optb88vdw_bandgap,val,0.0,1.7193707777777778
6822,JVASP-37178,optb88vdw_bandgap,val,0.0,0.0080775
6823,JVASP-58262,optb88vdw_bandgap,val,0.0,0.4463194444444444
6824,JVASP-11584,optb88vdw_bandgap,val,0.0,0.22677194444444437
6825,JVASP-42484,optb88vdw_bandgap,val,0.0,0.09225194444444443
6826,JVASP-86903,optb88vdw_bandgap,val,0.0,0.40527000000000013
6827,JVASP-50846,optb88vdw_bandgap,val,1.47,1.9914363888888893
6828,JVASP-11442,optb88vdw_bandgap,val,0.0,0.15666555555555559
6829,JVASP-38033,optb88vdw_bandgap,val,2.792,0.8320180555555561
6830,JVASP-157292,optb88vdw_bandgap,val,0.0,0.003238888888888889
6831,JVASP-98260,optb88vdw_bandgap,val,0.0,0.37233599999999983
6832,JVASP-93869,optb88vdw_bandgap,val,0.0,0.1538130555555555
6833,JVASP-52560,optb88vdw_bandgap,val,3.109,2.0064974999999996
6834,JVASP-108978,optb88vdw_bandgap,val,3.503,3.1981508333333313
6835,JVASP-120991,optb88vdw_bandgap,val,0.0,0.04022833333333334
6836,JVASP-61347,optb88vdw_bandgap,val,0.0,0.04582222222222223
6837,JVASP-90573,optb88vdw_bandgap,val,0.0,0.24315083333333323
6838,JVASP-118010,optb88vdw_bandgap,val,0.0,0.1267783333333333
6839,JVASP-188768,optb88vdw_bandgap,val,0.0,0.004616
6840,JVASP-113,optb88vdw_bandgap,val,3.622,0.6092577222222222
6841,JVASP-149890,optb88vdw_bandgap,val,0.0,0.20596888888888887
6842,JVASP-111414,optb88vdw_bandgap,val,0.0,0.021180611111111112
6843,JVASP-103386,optb88vdw_bandgap,val,0.0,0.001845
6844,JVASP-25349,optb88vdw_bandgap,val,0.0,0.0
6845,JVASP-127387,optb88vdw_bandgap,val,0.0,0.6157569444444444
6846,JVASP-191209,optb88vdw_bandgap,val,0.0,0.017677222222222226
6847,JVASP-69912,optb88vdw_bandgap,val,0.0,0.010801666666666666
6848,JVASP-133529,optb88vdw_bandgap,val,1.287,1.0362193888888889
6849,JVASP-112021,optb88vdw_bandgap,val,2.247,3.93861972222222
6850,JVASP-20447,optb88vdw_bandgap,val,0.0,0.0
6851,JVASP-18665,optb88vdw_bandgap,val,0.0,0.0
6852,JVASP-42223,optb88vdw_bandgap,val,1.049,1.0541335555555562
6853,JVASP-139387,optb88vdw_bandgap,val,0.36,0.3234644444444445
6854,JVASP-188848,optb88vdw_bandgap,val,0.0,0.011342222222222222
6855,JVASP-181502,optb88vdw_bandgap,val,0.0,0.0008613888888888888
6856,JVASP-102504,optb88vdw_bandgap,val,0.0,0.45866311111111124
6857,JVASP-134055,optb88vdw_bandgap,val,0.0,0.5175694444444445
6858,JVASP-147375,optb88vdw_bandgap,val,0.0,0.26973127777777767
6859,JVASP-108669,optb88vdw_bandgap,val,0.0,0.9100519444444443
6860,JVASP-156699,optb88vdw_bandgap,val,0.0,0.016066111111111114
6861,JVASP-147481,optb88vdw_bandgap,val,0.0,0.06502634126984126
6862,JVASP-102744,optb88vdw_bandgap,val,1.437,0.32682694444444466
6863,JVASP-78311,optb88vdw_bandgap,val,0.0,0.013901111111111109
6864,JVASP-152843,optb88vdw_bandgap,val,0.0,0.03471777777777778
6865,JVASP-119955,optb88vdw_bandgap,val,0.0,0.08622388888888886
6866,JVASP-106123,optb88vdw_bandgap,val,0.0,0.14972666666666662
6867,JVASP-139345,optb88vdw_bandgap,val,0.0,0.332849166666667
6868,JVASP-109433,optb88vdw_bandgap,val,0.0,0.2763195555555554
6869,JVASP-157734,optb88vdw_bandgap,val,1.553,0.5741327777777776
6870,JVASP-91660,optb88vdw_bandgap,val,0.0,0.05027944444444444
6871,JVASP-29682,optb88vdw_bandgap,val,2.209,1.7329161111111102
6872,JVASP-44801,optb88vdw_bandgap,val,0.0,0.26474555555555557
6873,JVASP-18471,optb88vdw_bandgap,val,0.0,0.41005655555555537
6874,JVASP-185477,optb88vdw_bandgap,val,0.0,0.010107222222222222
6875,JVASP-112407,optb88vdw_bandgap,val,0.259,0.2858581944444444
6876,JVASP-42104,optb88vdw_bandgap,val,0.0,0.028693888888888897
6877,JVASP-41278,optb88vdw_bandgap,val,0.0,4.1111111111111116e-05
6878,JVASP-159594,optb88vdw_bandgap,val,0.0,0.013895416666666665
6879,JVASP-164634,optb88vdw_bandgap,val,3.634,3.608060285714282
6880,JVASP-117439,optb88vdw_bandgap,val,0.163,0.4844550793650795
6881,JVASP-21026,optb88vdw_bandgap,val,4.977,3.475367055555555
6882,JVASP-88848,optb88vdw_bandgap,val,0.0,0.06837666666666666
6883,JVASP-109731,optb88vdw_bandgap,val,0.0,0.09573655555555556
6884,JVASP-38433,optb88vdw_bandgap,val,0.0,0.03146177777777778
6885,JVASP-155522,optb88vdw_bandgap,val,0.0,0.006154444444444445
6886,JVASP-15045,optb88vdw_bandgap,val,0.0,0.0
6887,JVASP-7544,optb88vdw_bandgap,val,2.206,0.3436485639730641
6888,JVASP-137204,optb88vdw_bandgap,val,0.0,0.0491875
6889,JVASP-166237,optb88vdw_bandgap,val,0.0,0.00011666666666666668
6890,JVASP-142310,optb88vdw_bandgap,val,0.0,0.08004305555555553
6891,JVASP-107482,optb88vdw_bandgap,val,4.396,0.6493121190476192
6892,JVASP-102334,optb88vdw_bandgap,val,0.0,0.00279
6893,JVASP-143498,optb88vdw_bandgap,val,2.343,1.2659605555555549
6894,JVASP-134207,optb88vdw_bandgap,val,0.0,0.008453333333333334
6895,JVASP-179610,optb88vdw_bandgap,val,0.0,0.036410000000000005
6896,JVASP-12862,optb88vdw_bandgap,val,0.215,0.7353641666666655
6897,JVASP-143805,optb88vdw_bandgap,val,1.62,2.0564625
6898,JVASP-101862,optb88vdw_bandgap,val,2.621,3.9144150555555544
6899,JVASP-59696,optb88vdw_bandgap,val,0.0,1.8701258333333328
6900,JVASP-130368,optb88vdw_bandgap,val,0.0,0.5819261111111114
6901,JVASP-122520,optb88vdw_bandgap,val,0.0,0.2915890079365082
6902,JVASP-155732,optb88vdw_bandgap,val,0.0,0.11232144444444443
6903,JVASP-34703,optb88vdw_bandgap,val,4.139,3.023531111111113
6904,JVASP-20286,optb88vdw_bandgap,val,0.0,0.0
6905,JVASP-161043,optb88vdw_bandgap,val,0.0,0.015924999999999998
6906,JVASP-5317,optb88vdw_bandgap,val,0.0,0.31368761111111126
6907,JVASP-116322,optb88vdw_bandgap,val,0.0,0.1685907380952381
6908,JVASP-8056,optb88vdw_bandgap,val,5.095,1.813661888888889
6909,JVASP-143778,optb88vdw_bandgap,val,0.0,1.4011607460317463
6910,JVASP-19828,optb88vdw_bandgap,val,0.0,0.009966666666666667
6911,JVASP-166514,optb88vdw_bandgap,val,0.0,1.2587794444444445
6912,JVASP-126815,optb88vdw_bandgap,val,0.0,0.13287944444444444
6913,JVASP-8012,optb88vdw_bandgap,val,1.796,0.37237000000000015
6914,JVASP-155507,optb88vdw_bandgap,val,0.0,0.0
6915,JVASP-153231,optb88vdw_bandgap,val,0.0,0.033273611111111115
6916,JVASP-146959,optb88vdw_bandgap,val,3.282,0.48354138888888903
6917,JVASP-89222,optb88vdw_bandgap,val,0.0,1.593382888888889
6918,JVASP-172272,optb88vdw_bandgap,val,0.0,0.4411922222222224
6919,JVASP-135754,optb88vdw_bandgap,val,0.0,1.552170642857142
6920,JVASP-120254,optb88vdw_bandgap,val,0.0,0.40434899999999985
6921,JVASP-55611,optb88vdw_bandgap,val,4.51,2.317403277777777
6922,JVASP-9272,optb88vdw_bandgap,val,0.0,0.3397741666666666
6923,JVASP-92705,optb88vdw_bandgap,val,0.0,0.025764166666666668
6924,JVASP-113672,optb88vdw_bandgap,val,0.0,0.8200116666666669
6925,JVASP-39130,optb88vdw_bandgap,val,0.0,0.21740555555555555
6926,JVASP-91965,optb88vdw_bandgap,val,3.477,1.4227563055555563
6927,JVASP-10687,optb88vdw_bandgap,val,5.29,1.430107222222221
6928,JVASP-18594,optb88vdw_bandgap,val,0.0,0.003935
6929,JVASP-29794,optb88vdw_bandgap,val,5.326,3.93041527777778
6930,JVASP-1963,optb88vdw_bandgap,val,1.2,0.0704927222222222
6931,JVASP-91864,optb88vdw_bandgap,val,0.41,0.5994333333333333
6932,JVASP-111754,optb88vdw_bandgap,val,0.0,1.2451508333333332
6933,JVASP-97772,optb88vdw_bandgap,val,2.055,1.0284444444444445
6934,JVASP-137532,optb88vdw_bandgap,val,0.0,0.8116752777777774
6935,JVASP-151844,optb88vdw_bandgap,val,0.0,0.9494377777777775
6936,JVASP-70746,optb88vdw_bandgap,val,0.0,0.0
6937,JVASP-26329,optb88vdw_bandgap,val,1.279,0.664601555555556
6938,JVASP-87853,optb88vdw_bandgap,val,0.0,0.20165361111111102
6939,JVASP-122858,optb88vdw_bandgap,val,0.0,0.00492
6940,JVASP-136187,optb88vdw_bandgap,val,0.0,0.9009027777777788
6941,JVASP-139503,optb88vdw_bandgap,val,2.837,0.7022264444444448
6942,JVASP-108766,optb88vdw_bandgap,val,0.0,0.047381388888888876
6943,JVASP-42064,optb88vdw_bandgap,val,0.0,0.0
6944,JVASP-135265,optb88vdw_bandgap,val,0.544,0.10419907142857143
6945,JVASP-69407,optb88vdw_bandgap,val,0.0,0.05567222222222221
6946,JVASP-94418,optb88vdw_bandgap,val,0.0,1.0400181111111104
6947,JVASP-154064,optb88vdw_bandgap,val,0.0,0.0024133333333333333
6948,JVASP-191479,optb88vdw_bandgap,val,0.0,0.0
6949,JVASP-138489,optb88vdw_bandgap,val,0.0,0.11582166666666666
6950,JVASP-99236,optb88vdw_bandgap,val,0.413,3.354202222222223
6951,JVASP-178160,optb88vdw_bandgap,val,0.0,0.003828888888888889
6952,JVASP-190197,optb88vdw_bandgap,val,0.0,0.008253611111111113
6953,JVASP-117189,optb88vdw_bandgap,val,0.0,0.1456533333333333
6954,JVASP-137240,optb88vdw_bandgap,val,0.0,0.060782249999999975
6955,JVASP-144649,optb88vdw_bandgap,val,0.0,0.4520102777777781
6956,JVASP-103582,optb88vdw_bandgap,val,0.0,0.40746234126984093
6957,JVASP-125562,optb88vdw_bandgap,val,0.0,0.07086600000000004
6958,JVASP-121700,optb88vdw_bandgap,val,1.234,1.6937352777777768
6959,JVASP-114968,optb88vdw_bandgap,val,0.0,0.16093500000000002
6960,JVASP-135253,optb88vdw_bandgap,val,0.0,0.16815583333333342
6961,JVASP-141057,optb88vdw_bandgap,val,0.012,0.6298522777777774
6962,JVASP-88588,optb88vdw_bandgap,val,3.076,3.4423916666666674
6963,JVASP-112384,optb88vdw_bandgap,val,0.04,0.5817744444444443
6964,JVASP-28372,optb88vdw_bandgap,val,1.155,0.5232113888888886
6965,JVASP-14511,optb88vdw_bandgap,val,0.0,0.4260202777777781
6966,JVASP-124038,optb88vdw_bandgap,val,0.0,0.2180227777777777
6967,JVASP-174701,optb88vdw_bandgap,val,1.659,1.2614544444444449
6968,JVASP-61797,optb88vdw_bandgap,val,3.401,3.378531166666668
6969,JVASP-75511,optb88vdw_bandgap,val,0.0,0.0003066666666666667
6970,JVASP-36403,optb88vdw_bandgap,val,0.248,0.388592777777778
6971,JVASP-19780,optb88vdw_bandgap,val,0.0,0.01656138888888889
6972,JVASP-7679,optb88vdw_bandgap,val,0.0,0.27278083333333325
6973,JVASP-179654,optb88vdw_bandgap,val,0.0,0.053211111111111105
6974,JVASP-8484,optb88vdw_bandgap,val,0.0,0.33912294444444435
6975,JVASP-15817,optb88vdw_bandgap,val,0.0,0.10123166666666664
6976,JVASP-68027,optb88vdw_bandgap,val,0.0,0.09801777777777777
6977,JVASP-126255,optb88vdw_bandgap,val,0.0,0.7954444444444437
6978,JVASP-41009,optb88vdw_bandgap,val,0.0,0.0
6979,JVASP-122114,optb88vdw_bandgap,val,0.0,0.33723583333333323
6980,JVASP-126799,optb88vdw_bandgap,val,0.0,0.3304735555555557
6981,JVASP-71501,optb88vdw_bandgap,val,0.0,0.008076666666666668
6982,JVASP-64916,optb88vdw_bandgap,val,0.0,0.1757022222222222
6983,JVASP-154292,optb88vdw_bandgap,val,0.0,0.020222777777777777
6984,JVASP-12161,optb88vdw_bandgap,val,1.004,0.7324223888888889
6985,JVASP-12833,optb88vdw_bandgap,val,2.573,2.150451444444446
6986,JVASP-19885,optb88vdw_bandgap,val,0.0,0.0017549999999999998
6987,JVASP-128524,optb88vdw_bandgap,val,0.0,0.28708805555555567
6988,JVASP-2685,optb88vdw_bandgap,val,1.276,0.40500600000000014
6989,JVASP-154774,optb88vdw_bandgap,val,0.0,0.6701335555555556
6990,JVASP-156307,optb88vdw_bandgap,val,1.312,0.12840611111111117
6991,JVASP-18101,optb88vdw_bandgap,val,0.0,0.007774444444444444
6992,JVASP-149858,optb88vdw_bandgap,val,0.689,0.34391138888888906
6993,JVASP-140739,optb88vdw_bandgap,val,0.467,0.7581873888888886
6994,JVASP-94956,optb88vdw_bandgap,val,0.0,0.42681027777777797
6995,JVASP-90175,optb88vdw_bandgap,val,0.0,0.031196666666666668
6996,JVASP-139572,optb88vdw_bandgap,val,3.301,0.38616800000000007
6997,JVASP-135551,optb88vdw_bandgap,val,0.0,0.35411105555555544
6998,JVASP-35951,optb88vdw_bandgap,val,0.307,0.5729919444444442
6999,JVASP-152965,optb88vdw_bandgap,val,0.0,0.16164327777777765
7000,JVASP-36352,optb88vdw_bandgap,val,0.0,0.00047333333333333336
7001,JVASP-176207,optb88vdw_bandgap,val,4.011,2.0198963333333344
7002,JVASP-86916,optb88vdw_bandgap,val,3.916,1.356522944444444
7003,JVASP-52144,optb88vdw_bandgap,val,0.0,0.1293587777777778
7004,JVASP-183529,optb88vdw_bandgap,val,0.0,0.4058975000000001
7005,JVASP-193888,optb88vdw_bandgap,val,0.0,0.0010416666666666667
7006,JVASP-35900,optb88vdw_bandgap,val,0.0,0.039878333333333335
7007,JVASP-96930,optb88vdw_bandgap,val,0.0,0.815414777777778
7008,JVASP-86536,optb88vdw_bandgap,val,0.0,0.7796319444444447
7009,JVASP-151377,optb88vdw_bandgap,val,0.0,0.055253333333333335
7010,JVASP-190548,optb88vdw_bandgap,val,0.0,0.0
7011,JVASP-161604,optb88vdw_bandgap,val,0.0,0.038824000000000004
7012,JVASP-189863,optb88vdw_bandgap,val,0.0,0.030224444444444446
7013,JVASP-140196,optb88vdw_bandgap,val,1.407,2.021834499999999
7014,JVASP-139969,optb88vdw_bandgap,val,0.0,0.9814602777777782
7015,JVASP-90653,optb88vdw_bandgap,val,0.0,0.006208222222222223
7016,JVASP-11484,optb88vdw_bandgap,val,0.126,0.5806648333333331
7017,JVASP-5374,optb88vdw_bandgap,val,0.557,0.31122722222222216
7018,JVASP-150821,optb88vdw_bandgap,val,3.711,1.9556217222222252
7019,JVASP-17929,optb88vdw_bandgap,val,0.0,0.8275338888888898
7020,JVASP-100364,optb88vdw_bandgap,val,0.0,0.26209222222222217
7021,JVASP-91603,optb88vdw_bandgap,val,0.0,0.0025644444444444443
7022,JVASP-124097,optb88vdw_bandgap,val,3.424,3.0097761666666663
7023,JVASP-153182,optb88vdw_bandgap,val,0.0,0.01166111111111111
7024,JVASP-125740,optb88vdw_bandgap,val,0.0,0.0052766666666666665
7025,JVASP-85253,optb88vdw_bandgap,val,1.179,0.6552037222222223
7026,JVASP-165623,optb88vdw_bandgap,val,5.998,4.289167277777777
7027,JVASP-117289,optb88vdw_bandgap,val,0.352,1.7425441666666681
7028,JVASP-184838,optb88vdw_bandgap,val,0.0,0.013878333333333331
7029,JVASP-151998,optb88vdw_bandgap,val,3.849,2.8048942777777803
7030,JVASP-67643,optb88vdw_bandgap,val,0.0,1.8333333333333333e-05
7031,JVASP-150994,optb88vdw_bandgap,val,0.0,0.0500561111111111
7032,JVASP-109702,optb88vdw_bandgap,val,0.0,0.2644619444444445
7033,JVASP-30781,optb88vdw_bandgap,val,0.657,3.418191388888892
7034,JVASP-20367,optb88vdw_bandgap,val,0.0,0.008663333333333332
7035,JVASP-133056,optb88vdw_bandgap,val,0.0,0.13961805555555543
7036,JVASP-79561,optb88vdw_bandgap,val,0.0,0.0015294444444444444
7037,JVASP-119564,optb88vdw_bandgap,val,0.0,0.17588194444444447
7038,JVASP-37431,optb88vdw_bandgap,val,0.0,0.016414444444444447
7039,JVASP-98247,optb88vdw_bandgap,val,2.954,2.499443722222223
7040,JVASP-148139,optb88vdw_bandgap,val,0.0,0.22197138888888893
7041,JVASP-12421,optb88vdw_bandgap,val,2.296,1.3479566666666671
7042,JVASP-37055,optb88vdw_bandgap,val,0.0,0.018901666666666664
7043,JVASP-9467,optb88vdw_bandgap,val,0.0,0.09141705555555553
7044,JVASP-114794,optb88vdw_bandgap,val,0.0,0.04085166666666669
7045,JVASP-111758,optb88vdw_bandgap,val,0.0,0.5194025000000004
7046,JVASP-20748,optb88vdw_bandgap,val,0.0,0.018928888888888884
7047,JVASP-110262,optb88vdw_bandgap,val,0.0,0.039938333333333326
7048,JVASP-142251,optb88vdw_bandgap,val,0.508,2.927418333333333
7049,JVASP-137237,optb88vdw_bandgap,val,0.0,0.655210388888889
7050,JVASP-100128,optb88vdw_bandgap,val,3.067,0.784893944444445
7051,JVASP-15062,optb88vdw_bandgap,val,0.0,0.0013650000000000001
7052,JVASP-102549,optb88vdw_bandgap,val,0.0,0.0
7053,JVASP-111702,optb88vdw_bandgap,val,1.733,1.3302966666666651
7054,JVASP-9617,optb88vdw_bandgap,val,0.818,0.36617699999999903
7055,JVASP-159924,optb88vdw_bandgap,val,0.0,0.11038083333333333
7056,JVASP-146245,optb88vdw_bandgap,val,0.379,0.5177234126984126
7057,JVASP-41960,optb88vdw_bandgap,val,0.0,0.031739444444444445
7058,JVASP-75500,optb88vdw_bandgap,val,0.0,0.06288616666666667
7059,JVASP-5164,optb88vdw_bandgap,val,1.571,0.5559116666666672
7060,JVASP-187718,optb88vdw_bandgap,val,0.0,0.0008952222222222221
7061,JVASP-145978,optb88vdw_bandgap,val,0.009,0.2001181111111108
7062,JVASP-147156,optb88vdw_bandgap,val,0.01,0.20343724074074088
7063,JVASP-19876,optb88vdw_bandgap,val,0.0,0.003477222222222222
7064,JVASP-102329,optb88vdw_bandgap,val,0.0,0.21172688888888902
7065,JVASP-19856,optb88vdw_bandgap,val,0.0,0.1528063888888889
7066,JVASP-42966,optb88vdw_bandgap,val,0.004,1.545964444444443
7067,JVASP-110330,optb88vdw_bandgap,val,0.496,0.1738755555555556
7068,JVASP-190149,optb88vdw_bandgap,val,0.128,0.00365
7069,JVASP-11133,optb88vdw_bandgap,val,3.312,2.0706405555555563
7070,JVASP-57360,optb88vdw_bandgap,val,0.411,1.9966883888888893
7071,JVASP-27498,optb88vdw_bandgap,val,0.362,0.8160722222222221
7072,JVASP-101702,optb88vdw_bandgap,val,0.0,0.7636141111111119
7073,JVASP-165171,optb88vdw_bandgap,val,0.0,0.6036992222222224
7074,JVASP-144778,optb88vdw_bandgap,val,0.72,1.3371748333333326
7075,JVASP-16225,optb88vdw_bandgap,val,0.0,0.02672888888888889
7076,JVASP-136726,optb88vdw_bandgap,val,0.0,0.1651329206349206
7077,JVASP-116831,optb88vdw_bandgap,val,0.0,0.7247708333333335
7078,JVASP-144089,optb88vdw_bandgap,val,0.0,1.7576390000000008
7079,JVASP-181272,optb88vdw_bandgap,val,0.0,0.06541333333333332
7080,JVASP-125848,optb88vdw_bandgap,val,0.0,0.624731111111111
7081,JVASP-185633,optb88vdw_bandgap,val,0.0,0.0045850000000000005
7082,JVASP-55651,optb88vdw_bandgap,val,0.285,0.44869500000000007
7083,JVASP-114179,optb88vdw_bandgap,val,0.715,0.024998333333333338
7084,JVASP-171095,optb88vdw_bandgap,val,0.0,2.089063777777779
7085,JVASP-119524,optb88vdw_bandgap,val,0.0,0.5436272222222224
7086,JVASP-75539,optb88vdw_bandgap,val,0.0,0.001875
7087,JVASP-28353,optb88vdw_bandgap,val,0.0,0.0658411111111111
7088,JVASP-2056,optb88vdw_bandgap,val,0.0,0.05351888888888888
7089,JVASP-67022,optb88vdw_bandgap,val,0.0,0.0977863888888889
7090,JVASP-135066,optb88vdw_bandgap,val,3.1,0.8660131746031748
7091,JVASP-118949,optb88vdw_bandgap,val,0.0,0.16729527777777786
7092,JVASP-119216,optb88vdw_bandgap,val,0.665,0.9311273333333331
7093,JVASP-136910,optb88vdw_bandgap,val,0.0,0.21827555555555558
7094,JVASP-120899,optb88vdw_bandgap,val,0.0,0.18839500000000006
7095,JVASP-23529,optb88vdw_bandgap,val,0.0,0.012548333333333333
7096,JVASP-27058,optb88vdw_bandgap,val,0.0,0.0003
7097,JVASP-41317,optb88vdw_bandgap,val,0.0,0.00930611111111111
7098,JVASP-143522,optb88vdw_bandgap,val,0.0,0.02335027777777778
7099,JVASP-154604,optb88vdw_bandgap,val,0.0,0.09262305555555557
7100,JVASP-17734,optb88vdw_bandgap,val,0.0,0.008777222222222221
7101,JVASP-108575,optb88vdw_bandgap,val,1.213,2.2341405555555527
7102,JVASP-191616,optb88vdw_bandgap,val,0.0,0.10863083333333333
7103,JVASP-183022,optb88vdw_bandgap,val,0.0,0.018753333333333334
7104,JVASP-129125,optb88vdw_bandgap,val,0.0,0.0061738888888888885
7105,JVASP-106305,optb88vdw_bandgap,val,0.0,0.0481738888888889
7106,JVASP-22547,optb88vdw_bandgap,val,0.688,0.24517999999999993
7107,JVASP-79559,optb88vdw_bandgap,val,0.0,0.0003266666666666666
7108,JVASP-8635,optb88vdw_bandgap,val,0.0,0.9490574999999996
7109,JVASP-164336,optb88vdw_bandgap,val,0.0,0.8905022460317459
7110,JVASP-190558,optb88vdw_bandgap,val,0.0,0.002513333333333333
7111,JVASP-25095,optb88vdw_bandgap,val,9.03,3.212698309523803
7112,JVASP-155717,optb88vdw_bandgap,val,0.0,0.06087722222222222
7113,JVASP-155237,optb88vdw_bandgap,val,0.0,0.03393722222222221
7114,JVASP-119614,optb88vdw_bandgap,val,3.289,3.8751419444444446
7115,JVASP-59718,optb88vdw_bandgap,val,0.0,0.03913555555555556
7116,JVASP-67808,optb88vdw_bandgap,val,0.0,0.026296666666666666
7117,JVASP-7629,optb88vdw_bandgap,val,0.371,0.3634758888888892
7118,JVASP-69179,optb88vdw_bandgap,val,0.0,0.025145833333333353
7119,JVASP-66970,optb88vdw_bandgap,val,0.0,0.2619638888888889
7120,JVASP-53445,optb88vdw_bandgap,val,3.029,1.5083098888888895
7121,JVASP-122324,optb88vdw_bandgap,val,0.09,1.280692555555555
7122,JVASP-134276,optb88vdw_bandgap,val,0.0,0.09345027777777777
7123,JVASP-86095,optb88vdw_bandgap,val,1.641,1.3370202222222234
7124,JVASP-138039,optb88vdw_bandgap,val,1.883,0.054351111111111114
7125,JVASP-70789,optb88vdw_bandgap,val,0.0,0.0
7126,JVASP-106597,optb88vdw_bandgap,val,0.0,0.0
7127,JVASP-168291,optb88vdw_bandgap,val,0.0,0.3135494444444444
7128,JVASP-156229,optb88vdw_bandgap,val,2.752,0.4822947777777775
7129,JVASP-8662,optb88vdw_bandgap,val,0.0,0.23245722222222212
7130,JVASP-86882,optb88vdw_bandgap,val,0.0,0.013873
7131,JVASP-150454,optb88vdw_bandgap,val,0.0,0.004288888888888889
7132,JVASP-25249,optb88vdw_bandgap,val,0.0,2.9622544444444414
7133,JVASP-115509,optb88vdw_bandgap,val,0.0,0.521954
7134,JVASP-138094,optb88vdw_bandgap,val,0.0,1.635440833333333
7135,JVASP-131387,optb88vdw_bandgap,val,0.0,0.000145
7136,JVASP-15343,optb88vdw_bandgap,val,0.0,0.0017266666666666667
7137,JVASP-15442,optb88vdw_bandgap,val,0.0,0.0008010000000000001
7138,JVASP-171783,optb88vdw_bandgap,val,0.0,0.17499416666666667
7139,JVASP-40097,optb88vdw_bandgap,val,0.0,0.05424999999999999
7140,JVASP-101585,optb88vdw_bandgap,val,0.0,0.0014141666666666669
7141,JVASP-75805,optb88vdw_bandgap,val,0.0,0.059030833333333324
7142,JVASP-165210,optb88vdw_bandgap,val,0.0,1.0372334444444453
7143,JVASP-26040,optb88vdw_bandgap,val,0.589,0.6605285000000005
7144,JVASP-113019,optb88vdw_bandgap,val,4.212,2.5297417777777773
7145,JVASP-118251,optb88vdw_bandgap,val,1.264,0.632302111111111
7146,JVASP-91631,optb88vdw_bandgap,val,2.077,0.8792069444444445
7147,JVASP-23845,optb88vdw_bandgap,val,0.0,0.02764166666666667
7148,JVASP-44438,optb88vdw_bandgap,val,0.0,0.16897419444444445
7149,JVASP-25232,optb88vdw_bandgap,val,0.0,0.004451539682539683
7150,JVASP-40036,optb88vdw_bandgap,val,0.0,0.03846388888888889
7151,JVASP-164227,optb88vdw_bandgap,val,4.828,2.3385516666666666
7152,JVASP-95088,optb88vdw_bandgap,val,1.797,1.840289722222223
7153,JVASP-158783,optb88vdw_bandgap,val,0.0,0.0
7154,JVASP-18948,optb88vdw_bandgap,val,0.0,0.003996666666666667
7155,JVASP-71459,optb88vdw_bandgap,val,0.0,0.006434444444444445
7156,JVASP-38787,optb88vdw_bandgap,val,0.0,0.06982333333333333
7157,JVASP-134566,optb88vdw_bandgap,val,0.0,0.07788333333333335
7158,JVASP-23407,optb88vdw_bandgap,val,0.0,0.35209444444444454
7159,JVASP-135452,optb88vdw_bandgap,val,0.0,0.05920027777777777
7160,JVASP-152337,optb88vdw_bandgap,val,0.0,0.00038833333333333336
7161,JVASP-193809,optb88vdw_bandgap,val,0.0,0.07883655555555555
7162,JVASP-128228,optb88vdw_bandgap,val,0.0,0.008976388888888888
7163,JVASP-15433,optb88vdw_bandgap,val,0.0,0.0017444444444444443
7164,JVASP-17581,optb88vdw_bandgap,val,0.0,0.0024916666666666668
7165,JVASP-141973,optb88vdw_bandgap,val,0.0,1.6156697222222216
7166,JVASP-99115,optb88vdw_bandgap,val,4.672,3.848419277777776
7167,JVASP-171208,optb88vdw_bandgap,val,3.775,3.026656944444443
7168,JVASP-137190,optb88vdw_bandgap,val,0.0,0.041518333333333324
7169,JVASP-28820,optb88vdw_bandgap,val,0.456,0.621541222222222
7170,JVASP-169025,optb88vdw_bandgap,val,0.0,0.66493
7171,JVASP-25117,optb88vdw_bandgap,val,0.0,1.4662208650793656
7172,JVASP-101616,optb88vdw_bandgap,val,0.0,0.0017916666666666669
7173,JVASP-40566,optb88vdw_bandgap,val,0.0,0.3959827777777778
7174,JVASP-156784,optb88vdw_bandgap,val,0.0,0.0
7175,JVASP-166164,optb88vdw_bandgap,val,0.0,0.0042611111111111105
7176,JVASP-42243,optb88vdw_bandgap,val,0.014,2.1696037407407385
7177,JVASP-117354,optb88vdw_bandgap,val,3.21,1.584720944444445
7178,JVASP-113820,optb88vdw_bandgap,val,0.001,0.28618527777777797
7179,JVASP-100822,optb88vdw_bandgap,val,0.0,0.0
7180,JVASP-121613,optb88vdw_bandgap,val,1.458,2.8504569444444403
7181,JVASP-12413,optb88vdw_bandgap,val,1.467,0.8227502380952385
7182,JVASP-165573,optb88vdw_bandgap,val,3.835,2.569707055555554
7183,JVASP-126111,optb88vdw_bandgap,val,0.0,0.000305
7184,JVASP-93534,optb88vdw_bandgap,val,0.0,0.2553044444444444
7185,JVASP-138884,optb88vdw_bandgap,val,0.0,0.16688416666666678
7186,JVASP-120310,optb88vdw_bandgap,val,0.0,0.4598103888888891
7187,JVASP-126231,optb88vdw_bandgap,val,0.0,0.09478444444444444
7188,JVASP-120393,optb88vdw_bandgap,val,0.0,0.00570361111111111
7189,JVASP-171990,optb88vdw_bandgap,val,0.0,0.07293583333333332
7190,JVASP-54833,optb88vdw_bandgap,val,0.592,0.8240852777777758
7191,JVASP-99266,optb88vdw_bandgap,val,0.0,0.34500388888888883
7192,JVASP-183714,optb88vdw_bandgap,val,0.0,0.21249694444444436
7193,JVASP-189499,optb88vdw_bandgap,val,0.0,0.003962222222222222
7194,JVASP-59504,optb88vdw_bandgap,val,0.0,0.6639891666666664
7195,JVASP-118430,optb88vdw_bandgap,val,0.0,0.19233499999999984
7196,JVASP-58430,optb88vdw_bandgap,val,0.0,0.26154088888888877
7197,JVASP-20222,optb88vdw_bandgap,val,0.0,0.02350277777777778
7198,JVASP-192881,optb88vdw_bandgap,val,0.0,0.27396433333333314
7199,JVASP-170722,optb88vdw_bandgap,val,0.0,0.001875
7200,JVASP-38339,optb88vdw_bandgap,test,0.0,0.591455333333333
7201,JVASP-35602,optb88vdw_bandgap,test,0.0,0.013163333333333332
7202,JVASP-154797,optb88vdw_bandgap,test,0.0,0.1588375
7203,JVASP-94261,optb88vdw_bandgap,test,0.763,1.1295350000000008
7204,JVASP-133905,optb88vdw_bandgap,test,0.0,0.04594944444444439
7205,JVASP-159752,optb88vdw_bandgap,test,0.0,1.0982016111111104
7206,JVASP-119002,optb88vdw_bandgap,test,0.0,0.2514181904761904
7207,JVASP-170083,optb88vdw_bandgap,test,0.0,0.16223055555555554
7208,JVASP-18011,optb88vdw_bandgap,test,0.0,0.0
7209,JVASP-67082,optb88vdw_bandgap,test,0.0,0.00014111111111111111
7210,JVASP-156959,optb88vdw_bandgap,test,0.0,0.0002777777777777778
7211,JVASP-176287,optb88vdw_bandgap,test,0.676,0.4728723888888886
7212,JVASP-99606,optb88vdw_bandgap,test,0.0,0.11516333333333335
7213,JVASP-39074,optb88vdw_bandgap,test,0.0,0.00093
7214,JVASP-37904,optb88vdw_bandgap,test,0.0,0.04227527777777777
7215,JVASP-54877,optb88vdw_bandgap,test,0.0,0.08552055555555554
7216,JVASP-123711,optb88vdw_bandgap,test,0.079,0.11943027777777775
7217,JVASP-136223,optb88vdw_bandgap,test,0.0,1.1768964285714283
7218,JVASP-38494,optb88vdw_bandgap,test,0.0,0.00026777777777777775
7219,JVASP-41836,optb88vdw_bandgap,test,0.0,0.024168333333333337
7220,JVASP-85153,optb88vdw_bandgap,test,2.339,1.434372222222227
7221,JVASP-107531,optb88vdw_bandgap,test,0.0,0.5328869444444446
7222,JVASP-116006,optb88vdw_bandgap,test,4.793,0.18198211111111107
7223,JVASP-139914,optb88vdw_bandgap,test,0.0,0.010175238095238091
7224,JVASP-178200,optb88vdw_bandgap,test,0.0,0.13719583333333332
7225,JVASP-16189,optb88vdw_bandgap,test,0.0,0.4716480317460316
7226,JVASP-121260,optb88vdw_bandgap,test,0.0,0.07323777777777779
7227,JVASP-107286,optb88vdw_bandgap,test,0.0,0.04638938888888888
7228,JVASP-191351,optb88vdw_bandgap,test,0.0,0.0
7229,JVASP-67553,optb88vdw_bandgap,test,0.0,0.22457861111111113
7230,JVASP-130235,optb88vdw_bandgap,test,0.0,0.3009285555555561
7231,JVASP-109475,optb88vdw_bandgap,test,0.258,0.853701349206349
7232,JVASP-30681,optb88vdw_bandgap,test,1.4,1.7884256349206347
7233,JVASP-151074,optb88vdw_bandgap,test,0.0,0.029294166666666673
7234,JVASP-44623,optb88vdw_bandgap,test,0.0,0.04135288888888891
7235,JVASP-37049,optb88vdw_bandgap,test,0.0,0.0
7236,JVASP-165194,optb88vdw_bandgap,test,0.0,0.01930166666666667
7237,JVASP-100940,optb88vdw_bandgap,test,0.0,0.3827785000000001
7238,JVASP-108947,optb88vdw_bandgap,test,0.0,0.03861111111111113
7239,JVASP-15427,optb88vdw_bandgap,test,0.0,0.0003066666666666667
7240,JVASP-176023,optb88vdw_bandgap,test,0.0,0.4558349999999994
7241,JVASP-14639,optb88vdw_bandgap,test,0.0,0.10783222222222222
7242,JVASP-168250,optb88vdw_bandgap,test,0.667,0.6887152777777769
7243,JVASP-86063,optb88vdw_bandgap,test,0.0,0.30123272222222214
7244,JVASP-176829,optb88vdw_bandgap,test,0.713,1.9927376111111126
7245,JVASP-48471,optb88vdw_bandgap,test,0.0,1.429976444444443
7246,JVASP-127582,optb88vdw_bandgap,test,0.0,0.2660941666666669
7247,JVASP-43490,optb88vdw_bandgap,test,3.814,2.2759848333333355
7248,JVASP-39360,optb88vdw_bandgap,test,0.0,0.01557277777777778
7249,JVASP-114470,optb88vdw_bandgap,test,0.0,0.5614335
7250,JVASP-22952,optb88vdw_bandgap,test,2.166,2.1231994444444457
7251,JVASP-26825,optb88vdw_bandgap,test,0.313,1.1912636111111123
7252,JVASP-162664,optb88vdw_bandgap,test,0.0,0.4250552777777779
7253,JVASP-160832,optb88vdw_bandgap,test,0.0,0.01247
7254,JVASP-152717,optb88vdw_bandgap,test,0.0,0.12470444444444434
7255,JVASP-59755,optb88vdw_bandgap,test,0.0,0.45132488888888883
7256,JVASP-153256,optb88vdw_bandgap,test,0.0,0.6291241666666666
7257,JVASP-44691,optb88vdw_bandgap,test,0.0,0.10092927777777781
7258,JVASP-10726,optb88vdw_bandgap,test,4.817,2.5782370555555567
7259,JVASP-180794,optb88vdw_bandgap,test,0.418,0.5556769444444448
7260,JVASP-5686,optb88vdw_bandgap,test,0.666,0.5064547222222221
7261,JVASP-90551,optb88vdw_bandgap,test,0.387,0.5521791666666664
7262,JVASP-41560,optb88vdw_bandgap,test,0.0,0.5987994444444443
7263,JVASP-59649,optb88vdw_bandgap,test,0.0,2.67863611111111
7264,JVASP-147450,optb88vdw_bandgap,test,0.0,0.10617322222222224
7265,JVASP-147170,optb88vdw_bandgap,test,0.014,0.12200282142857158
7266,JVASP-14547,optb88vdw_bandgap,test,0.0,0.031337555555555556
7267,JVASP-10118,optb88vdw_bandgap,test,1.4,2.412783611111111
7268,JVASP-143147,optb88vdw_bandgap,test,5.602,4.098226555555556
7269,JVASP-129942,optb88vdw_bandgap,test,0.0,0.0
7270,JVASP-169011,optb88vdw_bandgap,test,0.0,0.048310277777777806
7271,JVASP-121530,optb88vdw_bandgap,test,5.693,2.4354016666666682
7272,JVASP-10019,optb88vdw_bandgap,test,0.32,0.6162797222222223
7273,JVASP-120075,optb88vdw_bandgap,test,0.0,0.07161472222222218
7274,JVASP-39204,optb88vdw_bandgap,test,0.0,0.1372125
7275,JVASP-139677,optb88vdw_bandgap,test,0.0,0.04747305555555557
7276,JVASP-108579,optb88vdw_bandgap,test,3.398,2.159372611111112
7277,JVASP-69661,optb88vdw_bandgap,test,0.0,0.004219444444444445
7278,JVASP-179017,optb88vdw_bandgap,test,0.0,0.0002731666666666667
7279,JVASP-85210,optb88vdw_bandgap,test,0.0,1.2472991666666664
7280,JVASP-110770,optb88vdw_bandgap,test,0.0,0.7870098333333344
7281,JVASP-177815,optb88vdw_bandgap,test,0.0,1.3769996111111118
7282,JVASP-29652,optb88vdw_bandgap,test,0.0,0.8243068888888886
7283,JVASP-25806,optb88vdw_bandgap,test,2.902,3.0360136111111107
7284,JVASP-97443,optb88vdw_bandgap,test,4.674,3.928502777777775
7285,JVASP-20517,optb88vdw_bandgap,test,0.0,0.06707398148148144
7286,JVASP-64618,optb88vdw_bandgap,test,0.0,0.004753333333333333
7287,JVASP-35643,optb88vdw_bandgap,test,0.215,0.34319850000000024
7288,JVASP-65036,optb88vdw_bandgap,test,0.0,0.24769138888888895
7289,JVASP-40550,optb88vdw_bandgap,test,0.0,0.011621111111111112
7290,JVASP-138818,optb88vdw_bandgap,test,0.0,0.6324887037037032
7291,JVASP-125530,optb88vdw_bandgap,test,0.0,0.18192894444444457
7292,JVASP-159027,optb88vdw_bandgap,test,0.0,0.0096675
7293,JVASP-170092,optb88vdw_bandgap,test,0.163,2.096627388888889
7294,JVASP-64192,optb88vdw_bandgap,test,0.0,0.007464444444444444
7295,JVASP-18907,optb88vdw_bandgap,test,0.0,0.839052222222223
7296,JVASP-59030,optb88vdw_bandgap,test,1.597,1.915262499999999
7297,JVASP-48482,optb88vdw_bandgap,test,0.0,0.01641388888888889
7298,JVASP-115839,optb88vdw_bandgap,test,0.183,0.10901894444444435
7299,JVASP-16441,optb88vdw_bandgap,test,0.0,0.0015872222222222223
7300,JVASP-188469,optb88vdw_bandgap,test,0.0,0.003195833333333333
7301,JVASP-126276,optb88vdw_bandgap,test,0.0,0.04227527777777777
7302,JVASP-186082,optb88vdw_bandgap,test,0.0,0.03302805555555557
7303,JVASP-170204,optb88vdw_bandgap,test,0.0,0.025533055555555562
7304,JVASP-147499,optb88vdw_bandgap,test,1.914,2.0834045555555556
7305,JVASP-159865,optb88vdw_bandgap,test,0.0,0.598839833333333
7306,JVASP-99915,optb88vdw_bandgap,test,0.0,0.23415444444444436
7307,JVASP-169051,optb88vdw_bandgap,test,0.049,1.9652473333333338
7308,JVASP-65082,optb88vdw_bandgap,test,0.0,0.3359065555555556
7309,JVASP-100506,optb88vdw_bandgap,test,0.0,0.00020666666666666666
7310,JVASP-143197,optb88vdw_bandgap,test,0.0,0.17579833333333325
7311,JVASP-133345,optb88vdw_bandgap,test,0.0,0.7693053888888893
7312,JVASP-147433,optb88vdw_bandgap,test,0.0,0.26147483333333316
7313,JVASP-187193,optb88vdw_bandgap,test,0.0,0.025938333333333327
7314,JVASP-56579,optb88vdw_bandgap,test,0.0,0.017402777777777777
7315,JVASP-152558,optb88vdw_bandgap,test,0.0,0.012586944444444444
7316,JVASP-136358,optb88vdw_bandgap,test,1.87,0.6899158333333333
7317,JVASP-114153,optb88vdw_bandgap,test,0.0,0.11210174603174605
7318,JVASP-126260,optb88vdw_bandgap,test,0.0,0.046953722222222216
7319,JVASP-17265,optb88vdw_bandgap,test,0.0,1.366700833333335
7320,JVASP-24633,optb88vdw_bandgap,test,0.935,1.231590277777778
7321,JVASP-70106,optb88vdw_bandgap,test,0.0,0.26861166666666664
7322,JVASP-40402,optb88vdw_bandgap,test,0.0,0.004302777777777778
7323,JVASP-67837,optb88vdw_bandgap,test,0.0,0.0020250000000000003
7324,JVASP-117576,optb88vdw_bandgap,test,0.0,0.12810861111111108
7325,JVASP-104906,optb88vdw_bandgap,test,0.0,0.0
7326,JVASP-99955,optb88vdw_bandgap,test,0.0,0.27605377777777773
7327,JVASP-194008,optb88vdw_bandgap,test,0.0,0.02109933333333333
7328,JVASP-104624,optb88vdw_bandgap,test,0.0,0.001021111111111111
7329,JVASP-97965,optb88vdw_bandgap,test,6.245,4.670500555555559
7330,JVASP-9628,optb88vdw_bandgap,test,0.0,0.013528722222222216
7331,JVASP-69383,optb88vdw_bandgap,test,0.0,0.0033750000000000004
7332,JVASP-127543,optb88vdw_bandgap,test,2.439,0.36372999999999994
7333,JVASP-94335,optb88vdw_bandgap,test,0.0,0.0002775
7334,JVASP-17864,optb88vdw_bandgap,test,0.0,0.017709444444444444
7335,JVASP-122054,optb88vdw_bandgap,test,3.042,5.364546166666664
7336,JVASP-121523,optb88vdw_bandgap,test,0.0,0.24930611111111123
7337,JVASP-142052,optb88vdw_bandgap,test,2.001,1.933549166666667
7338,JVASP-163669,optb88vdw_bandgap,test,2.877,1.1598213888888884
7339,JVASP-113131,optb88vdw_bandgap,test,0.0,1.1487942222222218
7340,JVASP-102513,optb88vdw_bandgap,test,0.0,0.7392752777777784
7341,JVASP-9769,optb88vdw_bandgap,test,3.057,1.5782578333333326
7342,JVASP-22199,optb88vdw_bandgap,test,0.0,1.2997002777777782
7343,JVASP-188315,optb88vdw_bandgap,test,0.0,0.012043888888888887
7344,JVASP-111538,optb88vdw_bandgap,test,0.0,0.03197722222222222
7345,JVASP-42353,optb88vdw_bandgap,test,0.0,0.3001750000000002
7346,JVASP-57831,optb88vdw_bandgap,test,0.393,0.8743919444444447
7347,JVASP-40940,optb88vdw_bandgap,test,0.0,0.15178833333333336
7348,JVASP-47182,optb88vdw_bandgap,test,1.018,0.38202055555555553
7349,JVASP-116490,optb88vdw_bandgap,test,0.0,0.1414526388888889
7350,JVASP-93933,optb88vdw_bandgap,test,0.0,0.08426472222222227
7351,JVASP-9436,optb88vdw_bandgap,test,4.047,2.7732918333333303
7352,JVASP-191847,optb88vdw_bandgap,test,0.0,0.016540444444444444
7353,JVASP-9627,optb88vdw_bandgap,test,0.0,0.6196819047619049
7354,JVASP-74546,optb88vdw_bandgap,test,0.0,0.013518888888888888
7355,JVASP-87076,optb88vdw_bandgap,test,0.0,3.4071513888888907
7356,JVASP-100149,optb88vdw_bandgap,test,0.0,0.6618548888888882
7357,JVASP-173020,optb88vdw_bandgap,test,0.0,0.06637894444444448
7358,JVASP-147648,optb88vdw_bandgap,test,0.0,0.03685733333333336
7359,JVASP-29922,optb88vdw_bandgap,test,2.208,1.5647741666666668
7360,JVASP-150103,optb88vdw_bandgap,test,2.513,0.5664533333333333
7361,JVASP-173489,optb88vdw_bandgap,test,0.374,0.23691805555555595
7362,JVASP-117407,optb88vdw_bandgap,test,0.0,1.4718903888888892
7363,JVASP-127274,optb88vdw_bandgap,test,0.0,0.0
7364,JVASP-25383,optb88vdw_bandgap,test,0.0,1.5597620322270311
7365,JVASP-178252,optb88vdw_bandgap,test,0.0,0.005154166666666665
7366,JVASP-33813,optb88vdw_bandgap,test,1.738,0.18194694444444443
7367,JVASP-91599,optb88vdw_bandgap,test,0.0,0.003933333333333333
7368,JVASP-74648,optb88vdw_bandgap,test,0.0,0.13656888888888885
7369,JVASP-185969,optb88vdw_bandgap,test,0.0,0.00283
7370,JVASP-40078,optb88vdw_bandgap,test,0.0,0.008199999999999999
7371,JVASP-100632,optb88vdw_bandgap,test,0.0,0.028918888888888886
7372,JVASP-156441,optb88vdw_bandgap,test,0.0,0.01850666666666667
7373,JVASP-33824,optb88vdw_bandgap,test,1.802,0.18451749999999997
7374,JVASP-161426,optb88vdw_bandgap,test,0.0,0.2643181666666667
7375,JVASP-141227,optb88vdw_bandgap,test,0.0,0.13478434920634938
7376,JVASP-190305,optb88vdw_bandgap,test,0.0,0.0
7377,JVASP-99149,optb88vdw_bandgap,test,0.69,0.8155752777777766
7378,JVASP-85274,optb88vdw_bandgap,test,3.677,2.4987702777777785
7379,JVASP-36599,optb88vdw_bandgap,test,0.0,0.22151583333333338
7380,JVASP-190738,optb88vdw_bandgap,test,0.0,0.004434444444444445
7381,JVASP-64584,optb88vdw_bandgap,test,0.0,0.09868416666666664
7382,JVASP-38282,optb88vdw_bandgap,test,0.0,0.23879716666666662
7383,JVASP-157163,optb88vdw_bandgap,test,0.0,0.03611166666666669
7384,JVASP-136883,optb88vdw_bandgap,test,0.0,0.17648100000000003
7385,JVASP-125889,optb88vdw_bandgap,test,0.0,0.5569108333333332
7386,JVASP-152178,optb88vdw_bandgap,test,0.586,0.7449980000000004
7387,JVASP-106250,optb88vdw_bandgap,test,0.0,0.003823333333333334
7388,JVASP-34560,optb88vdw_bandgap,test,2.949,0.846553722222222
7389,JVASP-183745,optb88vdw_bandgap,test,0.0,0.17678638888888887
7390,JVASP-15621,optb88vdw_bandgap,test,0.0,0.01784888888888889
7391,JVASP-101940,optb88vdw_bandgap,test,1.116,3.4881723888888905
7392,JVASP-189980,optb88vdw_bandgap,test,0.0,0.0010233333333333333
7393,JVASP-74677,optb88vdw_bandgap,test,0.0,0.002291666666666667
7394,JVASP-36064,optb88vdw_bandgap,test,0.0,0.04859472222222225
7395,JVASP-40573,optb88vdw_bandgap,test,0.0,0.0
7396,JVASP-136408,optb88vdw_bandgap,test,1.109,0.2638063888888887
7397,JVASP-101852,optb88vdw_bandgap,test,1.425,2.222894166666671
7398,JVASP-156935,optb88vdw_bandgap,test,0.0,0.04051666666666667
7399,JVASP-150319,optb88vdw_bandgap,test,0.0,0.008016222222222218
7400,JVASP-94838,optb88vdw_bandgap,test,0.0,0.03919222222222222
7401,JVASP-594,optb88vdw_bandgap,test,0.0,0.22329683333333317
7402,JVASP-52867,optb88vdw_bandgap,test,5.998,4.417175666666669
7403,JVASP-107578,optb88vdw_bandgap,test,0.0,0.42207888888888867
7404,JVASP-187404,optb88vdw_bandgap,test,0.0,0.001288055555555556
7405,JVASP-18082,optb88vdw_bandgap,test,0.0,0.028208222222222225
7406,JVASP-39974,optb88vdw_bandgap,test,0.0,0.0
7407,JVASP-111452,optb88vdw_bandgap,test,0.0,0.19073544444444457
7408,JVASP-50036,optb88vdw_bandgap,test,0.147,1.5177602777777783
7409,JVASP-101995,optb88vdw_bandgap,test,3.278,3.245854999999999
7410,JVASP-118943,optb88vdw_bandgap,test,0.096,0.1736619444444445
7411,JVASP-155201,optb88vdw_bandgap,test,0.0,0.04456805555555554
7412,JVASP-70924,optb88vdw_bandgap,test,0.0,0.4865567777777779
7413,JVASP-168825,optb88vdw_bandgap,test,0.0,1.6615466666666665
7414,JVASP-138578,optb88vdw_bandgap,test,0.0,0.08765888888888898
7415,JVASP-107187,optb88vdw_bandgap,test,0.0,0.5599185555555556
7416,JVASP-164930,optb88vdw_bandgap,test,0.0,0.8761387222222222
7417,JVASP-49685,optb88vdw_bandgap,test,0.256,0.11033611111111111
7418,JVASP-65211,optb88vdw_bandgap,test,0.0,0.24691611111111114
7419,JVASP-170508,optb88vdw_bandgap,test,0.0,1.0527933333333348
7420,JVASP-131743,optb88vdw_bandgap,test,0.0,0.1844194444444445
7421,JVASP-25092,optb88vdw_bandgap,test,0.0,0.0074444444444444445
7422,JVASP-58266,optb88vdw_bandgap,test,5.883,1.6014144444444447
7423,JVASP-85127,optb88vdw_bandgap,test,0.0,0.002276666666666667
7424,JVASP-19964,optb88vdw_bandgap,test,0.0,0.004161555555555556
7425,JVASP-81559,optb88vdw_bandgap,test,0.0,0.016110833333333335
7426,JVASP-10811,optb88vdw_bandgap,test,1.213,0.42103769444444433
7427,JVASP-176258,optb88vdw_bandgap,test,0.0,0.0
7428,JVASP-40018,optb88vdw_bandgap,test,0.0,0.0
7429,JVASP-124664,optb88vdw_bandgap,test,0.0,0.35253361111111126
7430,JVASP-135953,optb88vdw_bandgap,test,0.0,0.0
7431,JVASP-65052,optb88vdw_bandgap,test,0.0,0.021911111111111114
7432,JVASP-18256,optb88vdw_bandgap,test,0.0,0.341075833333333
7433,JVASP-149712,optb88vdw_bandgap,test,0.543,0.39263527777777807
7434,JVASP-173908,optb88vdw_bandgap,test,0.0,0.14598572222222247
7435,JVASP-107558,optb88vdw_bandgap,test,0.0,0.13929000000000002
7436,JVASP-101695,optb88vdw_bandgap,test,2.691,0.4233683333333335
7437,JVASP-68448,optb88vdw_bandgap,test,0.0,0.011259444444444443
7438,JVASP-190569,optb88vdw_bandgap,test,0.0,0.0030933333333333334
7439,JVASP-163786,optb88vdw_bandgap,test,0.06,0.2376816666666666
7440,JVASP-107948,optb88vdw_bandgap,test,0.0,0.1783756666666667
7441,JVASP-109667,optb88vdw_bandgap,test,0.0,0.06842666666666669
7442,JVASP-100515,optb88vdw_bandgap,test,0.0,0.13901375000000005
7443,JVASP-11135,optb88vdw_bandgap,test,2.957,0.7434158888888883
7444,JVASP-85706,optb88vdw_bandgap,test,0.0,0.6605677777777772
7445,JVASP-115898,optb88vdw_bandgap,test,0.0,0.44307583333333334
7446,JVASP-154801,optb88vdw_bandgap,test,0.0,1.7709136111111112
7447,JVASP-154118,optb88vdw_bandgap,test,0.371,0.6553841111111118
7448,JVASP-116404,optb88vdw_bandgap,test,0.0,0.34372462698412687
7449,JVASP-151522,optb88vdw_bandgap,test,0.0,0.16005850000000005
7450,JVASP-14845,optb88vdw_bandgap,test,0.087,0.0452214841269841
7451,JVASP-112479,optb88vdw_bandgap,test,0.0,0.5784106666666669
7452,JVASP-184184,optb88vdw_bandgap,test,0.0,0.018349722222222226
7453,JVASP-128579,optb88vdw_bandgap,test,0.201,1.6331575000000003
7454,JVASP-139713,optb88vdw_bandgap,test,0.0,0.20288097619047618
7455,JVASP-183915,optb88vdw_bandgap,test,0.0,0.016972222222222222
7456,JVASP-76238,optb88vdw_bandgap,test,0.0,0.006266111111111111
7457,JVASP-9510,optb88vdw_bandgap,test,0.0,0.2892325
7458,JVASP-62203,optb88vdw_bandgap,test,0.0,0.34505222222222237
7459,JVASP-9612,optb88vdw_bandgap,test,4.293,2.154482944444443
7460,JVASP-101228,optb88vdw_bandgap,test,0.0,0.0050999999999999995
7461,JVASP-123653,optb88vdw_bandgap,test,0.0,0.1675363888888889
7462,JVASP-9322,optb88vdw_bandgap,test,0.0,0.009609444444444445
7463,JVASP-85895,optb88vdw_bandgap,test,0.0,0.008005555555555556
7464,JVASP-91249,optb88vdw_bandgap,test,0.727,0.38119972222222237
7465,JVASP-40919,optb88vdw_bandgap,test,0.0,0.00042833333333333335
7466,JVASP-117419,optb88vdw_bandgap,test,0.0,1.3762006666666666
7467,JVASP-146069,optb88vdw_bandgap,test,0.0,0.2744861111111112
7468,JVASP-19079,optb88vdw_bandgap,test,4.487,2.342994444444444
7469,JVASP-56691,optb88vdw_bandgap,test,1.821,1.6787186111111123
7470,JVASP-125879,optb88vdw_bandgap,test,0.0,0.38004916666666666
7471,JVASP-144257,optb88vdw_bandgap,test,0.215,0.3155505555555552
7472,JVASP-137307,optb88vdw_bandgap,test,0.33,0.18458305555555551
7473,JVASP-123289,optb88vdw_bandgap,test,0.0,0.0028911111111111112
7474,JVASP-66672,optb88vdw_bandgap,test,0.0,0.006701111111111112
7475,JVASP-166161,optb88vdw_bandgap,test,0.872,3.7851147777777805
7476,JVASP-112186,optb88vdw_bandgap,test,3.719,3.869344166666665
7477,JVASP-9574,optb88vdw_bandgap,test,3.198,1.492677817460317
7478,JVASP-152368,optb88vdw_bandgap,test,0.0,1.4592497777777793
7479,JVASP-98569,optb88vdw_bandgap,test,0.0,0.954863388888889
7480,JVASP-93458,optb88vdw_bandgap,test,0.0,0.2311501190476191
7481,JVASP-115608,optb88vdw_bandgap,test,0.0,0.04410555555555557
7482,JVASP-104845,optb88vdw_bandgap,test,0.0,0.027815
7483,JVASP-97318,optb88vdw_bandgap,test,0.0,0.11811861111111113
7484,JVASP-173432,optb88vdw_bandgap,test,2.86,1.8737910476190474
7485,JVASP-89103,optb88vdw_bandgap,test,2.244,1.1850277777777778
7486,JVASP-142764,optb88vdw_bandgap,test,0.0,0.22726000000000027
7487,JVASP-179576,optb88vdw_bandgap,test,0.0,0.2973280555555557
7488,JVASP-150500,optb88vdw_bandgap,test,0.0,0.030748333333333325
7489,JVASP-169388,optb88vdw_bandgap,test,0.0,0.02164888888888889
7490,JVASP-93182,optb88vdw_bandgap,test,0.0,0.4342155555555557
7491,JVASP-122513,optb88vdw_bandgap,test,2.603,2.0484255158730167
7492,JVASP-53964,optb88vdw_bandgap,test,0.0,0.09160711111111111
7493,JVASP-126131,optb88vdw_bandgap,test,0.0,0.3230577777777779
7494,JVASP-53301,optb88vdw_bandgap,test,0.0,0.008783777777777774
7495,JVASP-172974,optb88vdw_bandgap,test,0.0,0.0013650000000000001
7496,JVASP-41962,optb88vdw_bandgap,test,0.023,0.6567602777777782
7497,JVASP-61327,optb88vdw_bandgap,test,5.923,3.334230555555555
7498,JVASP-86022,optb88vdw_bandgap,test,1.302,1.467812777777778
7499,JVASP-168261,optb88vdw_bandgap,test,0.0,0.022215444444444454
7500,JVASP-109254,optb88vdw_bandgap,test,0.0,1.2404311111111106
7501,JVASP-66998,optb88vdw_bandgap,test,0.0,0.006649444444444445
7502,JVASP-154273,optb88vdw_bandgap,test,0.391,1.8785962777777772
7503,JVASP-69307,optb88vdw_bandgap,test,0.0,0.05798027777777779
7504,JVASP-146548,optb88vdw_bandgap,test,0.0,0.20183416666666665
7505,JVASP-67561,optb88vdw_bandgap,test,0.0,0.1583080555555556
7506,JVASP-185137,optb88vdw_bandgap,test,0.0,0.3487250000000002
7507,JVASP-187824,optb88vdw_bandgap,test,0.0,0.07939266666666667
7508,JVASP-49184,optb88vdw_bandgap,test,2.364,1.8274641666666653
7509,JVASP-2289,optb88vdw_bandgap,test,2.555,1.0181345000000004
7510,JVASP-80619,optb88vdw_bandgap,test,0.0,0.11812388888888883
7511,JVASP-50800,optb88vdw_bandgap,test,2.153,1.531534166666665
7512,JVASP-41525,optb88vdw_bandgap,test,0.0,0.002916666666666667
7513,JVASP-168517,optb88vdw_bandgap,test,0.0,0.027033611111111112
7514,JVASP-48715,optb88vdw_bandgap,test,0.29,0.2838987222222218
7515,JVASP-43871,optb88vdw_bandgap,test,0.0,0.45377944444444446
7516,JVASP-30282,optb88vdw_bandgap,test,0.0,0.07605244444444438
7517,JVASP-16144,optb88vdw_bandgap,test,0.0,0.5938702777777778
7518,JVASP-109459,optb88vdw_bandgap,test,2.367,3.0989924999999987
7519,JVASP-94367,optb88vdw_bandgap,test,0.0,0.3347771111111112
7520,JVASP-106485,optb88vdw_bandgap,test,0.0,0.004093333333333333
7521,JVASP-40880,optb88vdw_bandgap,test,0.0,0.273176111111111
7522,JVASP-118286,optb88vdw_bandgap,test,0.0,0.007528333333333334
7523,JVASP-19610,optb88vdw_bandgap,test,0.0,0.08027250000000002
7524,JVASP-146019,optb88vdw_bandgap,test,2.178,0.9200316666666667
7525,JVASP-52598,optb88vdw_bandgap,test,8.433,1.457074444444445
7526,JVASP-157309,optb88vdw_bandgap,test,0.0,0.0005722222222222222
7527,JVASP-14172,optb88vdw_bandgap,test,0.0,0.07737611111111112
7528,JVASP-138900,optb88vdw_bandgap,test,0.0,0.1370543333333333
7529,JVASP-123914,optb88vdw_bandgap,test,0.0,0.13864194444444441
7530,JVASP-147497,optb88vdw_bandgap,test,0.0,0.005522222222222223
7531,JVASP-37190,optb88vdw_bandgap,test,0.0,0.03379722222222223
7532,JVASP-17382,optb88vdw_bandgap,test,0.0,0.026117500000000005
7533,JVASP-49200,optb88vdw_bandgap,test,2.247,0.8416891666666665
7534,JVASP-119192,optb88vdw_bandgap,test,0.0,0.4303606666666669
7535,JVASP-161230,optb88vdw_bandgap,test,0.0,0.0020877777777777782
7536,JVASP-123364,optb88vdw_bandgap,test,0.0,0.021599444444444442
7537,JVASP-140815,optb88vdw_bandgap,test,7.37,4.6890875
7538,JVASP-153011,optb88vdw_bandgap,test,1.48,0.17900472222222225
7539,JVASP-36452,optb88vdw_bandgap,test,0.0,0.25819844444444423
7540,JVASP-179137,optb88vdw_bandgap,test,0.0,0.037131666666666806
7541,JVASP-152161,optb88vdw_bandgap,test,0.0,0.2537638888888889
7542,JVASP-42087,optb88vdw_bandgap,test,0.0,0.031765555555555554
7543,JVASP-60687,optb88vdw_bandgap,test,4.604,3.462193055555556
7544,JVASP-191478,optb88vdw_bandgap,test,0.0,0.012924444444444445
7545,JVASP-22209,optb88vdw_bandgap,test,0.0,0.47431333333333325
7546,JVASP-118774,optb88vdw_bandgap,test,0.0,0.09571388888888886
7547,JVASP-7379,optb88vdw_bandgap,test,0.0,0.8775100824915825
7548,JVASP-81543,optb88vdw_bandgap,test,0.0,0.12380833333333328
7549,JVASP-111903,optb88vdw_bandgap,test,0.0,2.201389444444445
7550,JVASP-150095,optb88vdw_bandgap,test,0.0,0.45401555555555556
7551,JVASP-141608,optb88vdw_bandgap,test,0.524,0.047316944444444446
7552,JVASP-102287,optb88vdw_bandgap,test,0.0,0.003643333333333333
7553,JVASP-107202,optb88vdw_bandgap,test,0.0,1.0126544444444439
7554,JVASP-52797,optb88vdw_bandgap,test,0.076,1.9545913888888886
7555,JVASP-101739,optb88vdw_bandgap,test,4.717,0.5669240555555561
7556,JVASP-181501,optb88vdw_bandgap,test,0.0,0.006046666666666667
7557,JVASP-183350,optb88vdw_bandgap,test,0.0,0.33915277777777775
7558,JVASP-68951,optb88vdw_bandgap,test,0.0,0.2839177777777778
7559,JVASP-155783,optb88vdw_bandgap,test,0.0,0.3268144444444447
7560,JVASP-39310,optb88vdw_bandgap,test,0.0,0.26933861111111135
7561,JVASP-45399,optb88vdw_bandgap,test,3.097,1.0157966666666673
7562,JVASP-141273,optb88vdw_bandgap,test,0.0,0.3175139444444445
7563,JVASP-121250,optb88vdw_bandgap,test,0.0,0.02495805555555556
7564,JVASP-25661,optb88vdw_bandgap,test,1.351,1.7144622777777796
7565,JVASP-154804,optb88vdw_bandgap,test,0.842,1.253379000000001
7566,JVASP-137946,optb88vdw_bandgap,test,0.0,0.3539640079365081
7567,JVASP-49667,optb88vdw_bandgap,test,0.0,0.79618888888889
7568,JVASP-146677,optb88vdw_bandgap,test,0.662,0.016489722222222225
7569,JVASP-166040,optb88vdw_bandgap,test,0.0,0.1607524999999999
7570,JVASP-124149,optb88vdw_bandgap,test,1.199,0.8782681111111115
7571,JVASP-128651,optb88vdw_bandgap,test,2.364,1.9842273888888868
7572,JVASP-69220,optb88vdw_bandgap,test,0.0,0.1556402777777778
7573,JVASP-35331,optb88vdw_bandgap,test,0.0,0.0
7574,JVASP-11667,optb88vdw_bandgap,test,0.0,1.2743308333333339
7575,JVASP-114335,optb88vdw_bandgap,test,0.0,0.2489569444444444
7576,JVASP-109209,optb88vdw_bandgap,test,0.0,0.2718674999999998
7577,JVASP-99948,optb88vdw_bandgap,test,0.0,0.05298305555555554
7578,JVASP-104795,optb88vdw_bandgap,test,2.362,0.3213451666666663
7579,JVASP-97432,optb88vdw_bandgap,test,0.632,0.9911249444444438
7580,JVASP-157569,optb88vdw_bandgap,test,0.0,0.9729032539682538
7581,JVASP-99037,optb88vdw_bandgap,test,0.0,2.2293314999999976
7582,JVASP-20263,optb88vdw_bandgap,test,0.0,0.05679194444444444
7583,JVASP-109485,optb88vdw_bandgap,test,0.0,1.334779666666667
7584,JVASP-24335,optb88vdw_bandgap,test,3.077,2.397581000000001
7585,JVASP-161205,optb88vdw_bandgap,test,0.0,0.0
7586,JVASP-63804,optb88vdw_bandgap,test,5.113,4.1577072222222275
7587,JVASP-112659,optb88vdw_bandgap,test,2.959,2.1555877619047648
7588,JVASP-149118,optb88vdw_bandgap,test,0.0,0.02200222222222222
7589,JVASP-9171,optb88vdw_bandgap,test,0.788,0.6368407222222228
7590,JVASP-97507,optb88vdw_bandgap,test,3.837,3.074527499999998
7591,JVASP-152361,optb88vdw_bandgap,test,0.0,0.1226627777777778
7592,JVASP-69838,optb88vdw_bandgap,test,0.0,0.03335288888888888
7593,JVASP-124461,optb88vdw_bandgap,test,0.0,0.3417697222222218
7594,JVASP-123644,optb88vdw_bandgap,test,0.0,0.8048161111111108
7595,JVASP-121749,optb88vdw_bandgap,test,2.344,1.563605611111111
7596,JVASP-175107,optb88vdw_bandgap,test,2.781,1.7321588333333333
7597,JVASP-192806,optb88vdw_bandgap,test,0.0,0.002282777777777778
7598,JVASP-180863,optb88vdw_bandgap,test,0.0,0.05620944444444447
7599,JVASP-139494,optb88vdw_bandgap,test,0.082,0.2541669444444445
7600,JVASP-71417,optb88vdw_bandgap,test,0.0,0.020586666666666666
7601,JVASP-141391,optb88vdw_bandgap,test,1.517,1.217664444444444
7602,JVASP-121526,optb88vdw_bandgap,test,0.0,0.014283888888888888
7603,JVASP-39805,optb88vdw_bandgap,test,0.0,0.0007750000000000001
7604,JVASP-112336,optb88vdw_bandgap,test,0.296,1.1148207936507943
7605,JVASP-71642,optb88vdw_bandgap,test,0.0,0.0
7606,JVASP-138321,optb88vdw_bandgap,test,0.0,0.16248249999999997
7607,JVASP-117893,optb88vdw_bandgap,test,0.0,0.08998916666666668
7608,JVASP-157326,optb88vdw_bandgap,test,0.0,0.011559999999999999
7609,JVASP-2634,optb88vdw_bandgap,test,1.717,0.5776256944444444
7610,JVASP-163902,optb88vdw_bandgap,test,0.0,0.28449722222222223
7611,JVASP-48176,optb88vdw_bandgap,test,0.0,0.07349244444444436
7612,JVASP-187489,optb88vdw_bandgap,test,0.0,0.20255638888888897
7613,JVASP-120590,optb88vdw_bandgap,test,0.0,1.0210418888888886
7614,JVASP-179773,optb88vdw_bandgap,test,0.247,0.26453494444444425
7615,JVASP-146928,optb88vdw_bandgap,test,0.0,0.07470299999999995
7616,JVASP-139535,optb88vdw_bandgap,test,0.0,0.9139415555555557
7617,JVASP-118414,optb88vdw_bandgap,test,0.678,1.3428452619047622
7618,JVASP-162975,optb88vdw_bandgap,test,0.0,0.00125
7619,JVASP-110997,optb88vdw_bandgap,test,3.715,0.5264874999999997
7620,JVASP-79912,optb88vdw_bandgap,test,0.0,0.0
7621,JVASP-134692,optb88vdw_bandgap,test,0.0,0.24071166666666766
7622,JVASP-120203,optb88vdw_bandgap,test,1.545,0.49976416666666634
7623,JVASP-287,optb88vdw_bandgap,test,0.0,0.47997888888888923
7624,JVASP-122711,optb88vdw_bandgap,test,0.0,0.01853055555555556
7625,JVASP-46010,optb88vdw_bandgap,test,2.401,0.9808041666666664
7626,JVASP-117466,optb88vdw_bandgap,test,0.0,0.05295444444444448
7627,JVASP-187917,optb88vdw_bandgap,test,0.0,0.13808555555555557
7628,JVASP-152820,optb88vdw_bandgap,test,0.0,0.10791222222222219
7629,JVASP-119109,optb88vdw_bandgap,test,2.373,2.696241499999999
7630,JVASP-183149,optb88vdw_bandgap,test,0.0,0.7685360555555547
7631,JVASP-41500,optb88vdw_bandgap,test,0.0,0.024877555555555556
7632,JVASP-166508,optb88vdw_bandgap,test,5.105,3.817326388888887
7633,JVASP-189673,optb88vdw_bandgap,test,0.0,0.08926277777777777
7634,JVASP-161351,optb88vdw_bandgap,test,0.0,0.05630222222222221
7635,JVASP-169977,optb88vdw_bandgap,test,0.0,0.4302785555555557
7636,JVASP-127059,optb88vdw_bandgap,test,0.0,0.0003866666666666666
7637,JVASP-16782,optb88vdw_bandgap,test,0.0,0.029375833333333337
7638,JVASP-178995,optb88vdw_bandgap,test,0.0,0.1474311111111111
7639,JVASP-70617,optb88vdw_bandgap,test,0.0,0.0036588888888888895
7640,JVASP-172659,optb88vdw_bandgap,test,2.717,1.274528055555556
7641,JVASP-21538,optb88vdw_bandgap,test,0.0,0.3977250000000001
7642,JVASP-117986,optb88vdw_bandgap,test,0.0,0.49094888888888893
7643,JVASP-161231,optb88vdw_bandgap,test,0.0,0.0
7644,JVASP-121010,optb88vdw_bandgap,test,0.0,0.8471188888888885
7645,JVASP-169433,optb88vdw_bandgap,test,0.0,0.005387222222222222
7646,JVASP-37311,optb88vdw_bandgap,test,0.0,0.04787611111111112
7647,JVASP-86756,optb88vdw_bandgap,test,0.0,0.29602761904761926
7648,JVASP-106655,optb88vdw_bandgap,test,0.0,0.013251388888888892
7649,JVASP-168427,optb88vdw_bandgap,test,0.0,0.6362568333333333
7650,JVASP-140568,optb88vdw_bandgap,test,0.109,2.036648722222221
7651,JVASP-184812,optb88vdw_bandgap,test,0.0,0.0007083333333333333
7652,JVASP-145864,optb88vdw_bandgap,test,0.464,2.1629288888888905
7653,JVASP-172289,optb88vdw_bandgap,test,0.0,0.0037316666666666666
7654,JVASP-102455,optb88vdw_bandgap,test,0.0,0.0011400000000000002
7655,JVASP-170754,optb88vdw_bandgap,test,0.0,0.7475362777777776
7656,JVASP-29007,optb88vdw_bandgap,test,0.12,0.1382105185185186
7657,JVASP-71702,optb88vdw_bandgap,test,0.0,0.05679250000000001
7658,JVASP-151832,optb88vdw_bandgap,test,0.0,0.9832849444444446
7659,JVASP-57695,optb88vdw_bandgap,test,5.432,4.106554833333336
7660,JVASP-120386,optb88vdw_bandgap,test,0.0,0.023481944444444444
7661,JVASP-122350,optb88vdw_bandgap,test,0.427,1.1488319629629624
7662,JVASP-9674,optb88vdw_bandgap,test,3.232,2.3654520000000008
7663,JVASP-176797,optb88vdw_bandgap,test,0.0,0.11492388888888887
7664,JVASP-28413,optb88vdw_bandgap,test,1.207,0.40025416666666647
7665,JVASP-80858,optb88vdw_bandgap,test,0.0,0.00125
7666,JVASP-183386,optb88vdw_bandgap,test,0.145,0.26801138888888887
7667,JVASP-103281,optb88vdw_bandgap,test,0.0,0.010431666666666667
7668,JVASP-11393,optb88vdw_bandgap,test,2.189,1.0876878015873006
7669,JVASP-140853,optb88vdw_bandgap,test,0.0,0.6549841666666666
7670,JVASP-19270,optb88vdw_bandgap,test,0.0,0.6368184444444442
7671,JVASP-85184,optb88vdw_bandgap,test,0.0,0.052218611111111105
7672,JVASP-100854,optb88vdw_bandgap,test,0.0,0.012867222222222223
7673,JVASP-74288,optb88vdw_bandgap,test,0.0,0.018533333333333332
7674,JVASP-165465,optb88vdw_bandgap,test,0.152,1.8290863333333334
7675,JVASP-48348,optb88vdw_bandgap,test,0.0,0.03875533333333335
7676,JVASP-173043,optb88vdw_bandgap,test,0.0,0.039681666666666664
7677,JVASP-166869,optb88vdw_bandgap,test,0.157,0.9223722222222218
7678,JVASP-118376,optb88vdw_bandgap,test,0.281,0.735533888888889
7679,JVASP-108950,optb88vdw_bandgap,test,0.0,0.1432743333333333
7680,JVASP-120032,optb88vdw_bandgap,test,0.0,0.010759222222222219
7681,JVASP-36727,optb88vdw_bandgap,test,4.107,2.1242855555555553
7682,JVASP-155023,optb88vdw_bandgap,test,0.0,0.14719566666666659
7683,JVASP-160499,optb88vdw_bandgap,test,0.0,0.017835833333333335
7684,JVASP-5332,optb88vdw_bandgap,test,0.184,0.7401971111111111
7685,JVASP-150545,optb88vdw_bandgap,test,0.0,0.02499444444444445
7686,JVASP-63056,optb88vdw_bandgap,test,5.021,3.508996388888889
7687,JVASP-1468,optb88vdw_bandgap,test,3.653,0.8165753888888891
7688,JVASP-125692,optb88vdw_bandgap,test,0.0,0.008006666666666665
7689,JVASP-90852,optb88vdw_bandgap,test,0.0,0.018903888888888887
7690,JVASP-70943,optb88vdw_bandgap,test,0.0,0.0051133333333333334
7691,JVASP-184498,optb88vdw_bandgap,test,0.0,1.3211633333333321
7692,JVASP-103065,optb88vdw_bandgap,test,2.002,1.6404678333333362
7693,JVASP-49843,optb88vdw_bandgap,test,0.0,0.09188777777777778
7694,JVASP-180527,optb88vdw_bandgap,test,0.0,0.0936018888888889
7695,JVASP-106964,optb88vdw_bandgap,test,0.0,0.008087777777777779
7696,JVASP-150520,optb88vdw_bandgap,test,0.0,0.1508416666666667
7697,JVASP-90685,optb88vdw_bandgap,test,0.0,0.0019861111111111112
7698,JVASP-110367,optb88vdw_bandgap,test,0.0,1.506984166666667
7699,JVASP-105131,optb88vdw_bandgap,test,0.0,0.2215976666666666
7700,JVASP-141621,optb88vdw_bandgap,test,0.0,0.053206048932548905
7701,JVASP-116734,optb88vdw_bandgap,test,0.0,1.0247011111111102
7702,JVASP-155395,optb88vdw_bandgap,test,0.0,0.44844444444444453
7703,JVASP-121448,optb88vdw_bandgap,test,0.0,0.009582129620379623
7704,JVASP-136821,optb88vdw_bandgap,test,0.0,0.05006277777777777
7705,JVASP-191776,optb88vdw_bandgap,test,0.0,0.008058888888888888
7706,JVASP-117849,optb88vdw_bandgap,test,2.711,0.6701841111111103
7707,JVASP-125731,optb88vdw_bandgap,test,0.0,0.017902111111111115
7708,JVASP-117924,optb88vdw_bandgap,test,0.0,0.1493038888888889
7709,JVASP-36983,optb88vdw_bandgap,test,2.138,1.362684634920635
7710,JVASP-94108,optb88vdw_bandgap,test,0.0,0.5998302777777776
7711,JVASP-105538,optb88vdw_bandgap,test,0.0,0.17152916666666657
7712,JVASP-168944,optb88vdw_bandgap,test,0.0,1.799670888888889
7713,JVASP-35440,optb88vdw_bandgap,test,0.0,0.22918972222222214
7714,JVASP-122057,optb88vdw_bandgap,test,0.0,0.10952499999999993
7715,JVASP-74200,optb88vdw_bandgap,test,0.0,0.013469999999999998
7716,JVASP-102357,optb88vdw_bandgap,test,0.284,1.8008611111111108
7717,JVASP-169501,optb88vdw_bandgap,test,0.0,0.8100883333333332
7718,JVASP-133447,optb88vdw_bandgap,test,3.721,1.2797232777777787
7719,JVASP-21962,optb88vdw_bandgap,test,0.0,2.214377500000001
7720,JVASP-128448,optb88vdw_bandgap,test,0.586,0.07426055555555555
7721,JVASP-41109,optb88vdw_bandgap,test,0.031,0.002376666666666667
7722,JVASP-145805,optb88vdw_bandgap,test,2.279,0.8146881666666671
7723,JVASP-149754,optb88vdw_bandgap,test,0.384,0.8765344444444446
7724,JVASP-187758,optb88vdw_bandgap,test,0.0,0.11192805555555556
7725,JVASP-31206,optb88vdw_bandgap,test,2.711,1.1519069444444439
7726,JVASP-85714,optb88vdw_bandgap,test,0.0,0.35848138888888875
7727,JVASP-135802,optb88vdw_bandgap,test,0.0,0.22654861111111127
7728,JVASP-155238,optb88vdw_bandgap,test,0.0,0.012206111111111112
7729,JVASP-50976,optb88vdw_bandgap,test,4.763,0.678591388888889
7730,JVASP-45913,optb88vdw_bandgap,test,0.0,0.510144134920635
7731,JVASP-190688,optb88vdw_bandgap,test,0.0,0.0
7732,JVASP-160960,optb88vdw_bandgap,test,0.0,0.09662227777777775
7733,JVASP-164646,optb88vdw_bandgap,test,6.151,3.449484611111109
7734,JVASP-142176,optb88vdw_bandgap,test,0.0,0.08267816666666668
7735,JVASP-156486,optb88vdw_bandgap,test,0.0,0.01872111111111113
7736,JVASP-186629,optb88vdw_bandgap,test,0.0,0.22434500000000004
7737,JVASP-141561,optb88vdw_bandgap,test,3.739,3.2978005000000024
7738,JVASP-30603,optb88vdw_bandgap,test,3.548,1.0280131111111108
7739,JVASP-106849,optb88vdw_bandgap,test,0.0,0.6797219444444442
7740,JVASP-127518,optb88vdw_bandgap,test,0.0,0.011279444444444443
7741,JVASP-8070,optb88vdw_bandgap,test,0.89,0.4639174999999999
7742,JVASP-12244,optb88vdw_bandgap,test,2.148,1.9029337777777782
7743,JVASP-91799,optb88vdw_bandgap,test,5.152,2.529916111111112
7744,JVASP-40635,optb88vdw_bandgap,test,0.0,0.05073805555555556
7745,JVASP-187043,optb88vdw_bandgap,test,0.0,0.0
7746,JVASP-160908,optb88vdw_bandgap,test,0.0,0.0006833333333333335
7747,JVASP-36312,optb88vdw_bandgap,test,0.0,0.16288244444444447
7748,JVASP-37770,optb88vdw_bandgap,test,0.0,0.0
7749,JVASP-18075,optb88vdw_bandgap,test,0.0,0.003032222222222222
7750,JVASP-67531,optb88vdw_bandgap,test,0.0,0.035638333333333334
7751,JVASP-40027,optb88vdw_bandgap,test,0.0,0.00121
7752,JVASP-159934,optb88vdw_bandgap,test,0.0,0.012164722222222221
7753,JVASP-14516,optb88vdw_bandgap,test,0.0,0.07662444444444447
7754,JVASP-112527,optb88vdw_bandgap,test,1.299,0.10138399999999988
7755,JVASP-121973,optb88vdw_bandgap,test,0.0,0.07202777777777779
7756,JVASP-80523,optb88vdw_bandgap,test,0.0,0.022502222222222222
7757,JVASP-119018,optb88vdw_bandgap,test,0.0,0.08022666666666668
7758,JVASP-185019,optb88vdw_bandgap,test,0.0,0.030938888888888887
7759,JVASP-155643,optb88vdw_bandgap,test,0.0,0.09439916666666666
7760,JVASP-152505,optb88vdw_bandgap,test,0.827,0.3115508888888891
7761,JVASP-11167,optb88vdw_bandgap,test,3.046,1.0252007222222221
7762,JVASP-68820,optb88vdw_bandgap,test,0.0,0.0
7763,JVASP-96808,optb88vdw_bandgap,test,2.631,2.5962875000000003
7764,JVASP-100713,optb88vdw_bandgap,test,0.0,0.0021316666666666667
7765,JVASP-72816,optb88vdw_bandgap,test,0.0,0.004003888888888889
7766,JVASP-109319,optb88vdw_bandgap,test,0.0,0.12038583333333333
7767,JVASP-21214,optb88vdw_bandgap,test,8.619,2.408778087301584
7768,JVASP-127309,optb88vdw_bandgap,test,0.0,0.0
7769,JVASP-126549,optb88vdw_bandgap,test,0.0,0.010518333333333333
7770,JVASP-116650,optb88vdw_bandgap,test,0.0,1.8682924999999992
7771,JVASP-44586,optb88vdw_bandgap,test,0.0,0.04766244444444446
7772,JVASP-3495,optb88vdw_bandgap,test,0.0,0.22306194444444463
7773,JVASP-54828,optb88vdw_bandgap,test,2.44,1.1546097777777786
7774,JVASP-194242,optb88vdw_bandgap,test,0.0,0.14388305555555556
7775,JVASP-12116,optb88vdw_bandgap,test,0.524,1.2035296111111116
7776,JVASP-141607,optb88vdw_bandgap,test,0.005,0.051348777777777826
7777,JVASP-150114,optb88vdw_bandgap,test,0.0,0.5432974999999999
7778,JVASP-109790,optb88vdw_bandgap,test,0.0,0.4266237777777778
7779,JVASP-133672,optb88vdw_bandgap,test,0.0,0.13626688888888874
7780,JVASP-18198,optb88vdw_bandgap,test,0.0,0.03953222222222223
7781,JVASP-67941,optb88vdw_bandgap,test,0.0,0.0
7782,JVASP-86778,optb88vdw_bandgap,test,0.0,0.015340833333333335
7783,JVASP-103899,optb88vdw_bandgap,test,4.812,3.0353584999999996
7784,JVASP-57458,optb88vdw_bandgap,test,0.0,1.8630122222222216
7785,JVASP-67828,optb88vdw_bandgap,test,0.0,0.0013633333333333332
7786,JVASP-116020,optb88vdw_bandgap,test,0.0,0.7132858730158729
7787,JVASP-100524,optb88vdw_bandgap,test,0.0,0.3729643888888887
7788,JVASP-36466,optb88vdw_bandgap,test,0.0,0.06055038888888889
7789,JVASP-105281,optb88vdw_bandgap,test,0.0,0.9966553888888879
7790,JVASP-141690,optb88vdw_bandgap,test,0.233,0.13120666533466543
7791,JVASP-116456,optb88vdw_bandgap,test,0.308,2.2372306111111104
7792,JVASP-170657,optb88vdw_bandgap,test,0.0,0.20133688888888887
7793,JVASP-165990,optb88vdw_bandgap,test,0.0,1.1180553888888898
7794,JVASP-138775,optb88vdw_bandgap,test,0.0,0.11564027777777779
7795,JVASP-68991,optb88vdw_bandgap,test,0.0,0.10381388888888873
7796,JVASP-94937,optb88vdw_bandgap,test,0.0,0.0798638888888889
7797,JVASP-101654,optb88vdw_bandgap,test,0.0,0.3334038888888889
7798,JVASP-139705,optb88vdw_bandgap,test,0.0,0.11939136507936515
7799,JVASP-111142,optb88vdw_bandgap,test,1.208,2.0705966269841283
7800,JVASP-178448,optb88vdw_bandgap,test,3.103,1.033455000000001
7801,JVASP-150200,optb88vdw_bandgap,test,0.0,0.04394722222222223
7802,JVASP-64083,optb88vdw_bandgap,test,0.0,0.031038888888888897
7803,JVASP-143586,optb88vdw_bandgap,test,0.0,0.4818822222222221
7804,JVASP-68894,optb88vdw_bandgap,test,0.0,0.007148333333333333
7805,JVASP-70813,optb88vdw_bandgap,test,0.0,0.0
7806,JVASP-116572,optb88vdw_bandgap,test,4.061,3.2293872222222237
7807,JVASP-9169,optb88vdw_bandgap,test,3.506,2.4180134444444454
7808,JVASP-19708,optb88vdw_bandgap,test,0.0,0.024377777777777776
7809,JVASP-88224,optb88vdw_bandgap,test,2.707,3.040798333333333
7810,JVASP-30434,optb88vdw_bandgap,test,0.048,1.2818600000000004
7811,JVASP-182705,optb88vdw_bandgap,test,0.0,0.4339646111111113
7812,JVASP-69899,optb88vdw_bandgap,test,0.0,0.06543249999999999
7813,JVASP-117571,optb88vdw_bandgap,test,0.0,0.02241055555555556
7814,JVASP-103972,optb88vdw_bandgap,test,3.799,3.3386038333333343
7815,JVASP-29760,optb88vdw_bandgap,test,2.514,1.1868761111111101
7816,JVASP-36171,optb88vdw_bandgap,test,0.0,0.0
7817,JVASP-141659,optb88vdw_bandgap,test,0.0,0.06378733333333343
7818,JVASP-151620,optb88vdw_bandgap,test,0.0,0.21507638888888897
7819,JVASP-110108,optb88vdw_bandgap,test,0.0,0.7917788333333334
7820,JVASP-92907,optb88vdw_bandgap,test,0.0,0.04614194444444445
7821,JVASP-145874,optb88vdw_bandgap,test,0.197,1.0010027777777786
7822,JVASP-19866,optb88vdw_bandgap,test,0.0,0.030864761904761905
7823,JVASP-193645,optb88vdw_bandgap,test,0.0,0.008681666666666667
7824,JVASP-192103,optb88vdw_bandgap,test,0.0,0.01825111111111111
7825,JVASP-192320,optb88vdw_bandgap,test,0.0,0.0
7826,JVASP-56902,optb88vdw_bandgap,test,3.426,1.9275272222222213
7827,JVASP-145777,optb88vdw_bandgap,test,0.0,0.29339791666666665
7828,JVASP-145919,optb88vdw_bandgap,test,0.0,1.7535911666666675
7829,JVASP-74429,optb88vdw_bandgap,test,0.0,0.0004166666666666667
7830,JVASP-96769,optb88vdw_bandgap,test,5.446,3.364623055555558
7831,JVASP-110235,optb88vdw_bandgap,test,1.172,0.015372222222222221
7832,JVASP-47037,optb88vdw_bandgap,test,0.25,0.1067002407407407
7833,JVASP-65704,optb88vdw_bandgap,test,0.0,0.025840277777777775
7834,JVASP-107712,optb88vdw_bandgap,test,0.0,0.596592777777778
7835,JVASP-4567,optb88vdw_bandgap,test,3.978,1.0033600793650788
7836,JVASP-100876,optb88vdw_bandgap,test,0.0,2.726311333333333
7837,JVASP-78299,optb88vdw_bandgap,test,0.0,0.0
7838,JVASP-121940,optb88vdw_bandgap,test,2.623,3.0029944999999985
7839,JVASP-93525,optb88vdw_bandgap,test,0.0,0.2259861111111111
7840,JVASP-187892,optb88vdw_bandgap,test,0.0,0.36645250000000007
7841,JVASP-137861,optb88vdw_bandgap,test,0.0,0.1235019444444444
7842,JVASP-66242,optb88vdw_bandgap,test,0.0,0.07144055555555552
7843,JVASP-139587,optb88vdw_bandgap,test,0.0,0.9494204047619041
7844,JVASP-120910,optb88vdw_bandgap,test,0.0,0.14881972222222214
7845,JVASP-133371,optb88vdw_bandgap,test,0.0,0.03183000000000001
7846,JVASP-35673,optb88vdw_bandgap,test,0.202,0.1674166666666667
7847,JVASP-41509,optb88vdw_bandgap,test,0.0,0.000625
7848,JVASP-78681,optb88vdw_bandgap,test,0.0,0.33842388888888914
7849,JVASP-186005,optb88vdw_bandgap,test,0.0,0.011561111111111109
7850,JVASP-152128,optb88vdw_bandgap,test,0.0,0.13195305555555556
7851,JVASP-191324,optb88vdw_bandgap,test,0.0,0.33436872222222225
7852,JVASP-99869,optb88vdw_bandgap,test,0.0,0.6965616666666666
7853,JVASP-23483,optb88vdw_bandgap,test,0.488,0.07636805555555554
7854,JVASP-151918,optb88vdw_bandgap,test,0.0,0.006866111111111111
7855,JVASP-134271,optb88vdw_bandgap,test,1.156,0.09757194444444445
7856,JVASP-194868,optb88vdw_bandgap,test,0.0,0.004719444444444445
7857,JVASP-78838,optb88vdw_bandgap,test,0.0,0.3045280555555556
7858,JVASP-18745,optb88vdw_bandgap,test,0.0,0.39161277777777787
7859,JVASP-31802,optb88vdw_bandgap,test,0.0,1.4078908333333342
7860,JVASP-85573,optb88vdw_bandgap,test,0.1,0.8669733333333327
7861,JVASP-166137,optb88vdw_bandgap,test,2.474,0.9268202777777776
7862,JVASP-143505,optb88vdw_bandgap,test,0.0,0.07908416666666668
7863,JVASP-158216,optb88vdw_bandgap,test,0.0,0.15865350000000003
7864,JVASP-159651,optb88vdw_bandgap,test,0.471,1.4704500000000005
7865,JVASP-135676,optb88vdw_bandgap,test,0.0,0.18340500000000007
7866,JVASP-41581,optb88vdw_bandgap,test,0.0,0.023791111111111117
7867,JVASP-194693,optb88vdw_bandgap,test,0.0,0.018071333333333335
7868,JVASP-138261,optb88vdw_bandgap,test,3.256,0.8595739206349206
7869,JVASP-12237,optb88vdw_bandgap,test,3.5,1.9911148333333328
7870,JVASP-150663,optb88vdw_bandgap,test,0.0,0.3243424999999999
7871,JVASP-145477,optb88vdw_bandgap,test,2.496,1.6970548888888877
7872,JVASP-181571,optb88vdw_bandgap,test,0.0,0.014736666666666667
7873,JVASP-163857,optb88vdw_bandgap,test,0.0,1.6960075555555558
7874,JVASP-178206,optb88vdw_bandgap,test,0.0,0.02128333333333333
7875,JVASP-65333,optb88vdw_bandgap,test,0.0,0.017890555555555552
7876,JVASP-132385,optb88vdw_bandgap,test,0.0,1.145942222222223
7877,JVASP-45135,optb88vdw_bandgap,test,0.0,0.80864
7878,JVASP-180853,optb88vdw_bandgap,test,0.937,0.07623083333333337
7879,JVASP-180166,optb88vdw_bandgap,test,0.0,0.027317499999999995
7880,JVASP-93352,optb88vdw_bandgap,test,0.0,0.012450555555555555
7881,JVASP-42689,optb88vdw_bandgap,test,1.908,1.2677859444444428
7882,JVASP-86276,optb88vdw_bandgap,test,0.0,0.021567777777777783
7883,JVASP-22611,optb88vdw_bandgap,test,5.543,3.691493555555557
7884,JVASP-186856,optb88vdw_bandgap,test,0.0,0.03260250000000001
7885,JVASP-176472,optb88vdw_bandgap,test,0.0,0.04880755555555552
7886,JVASP-43151,optb88vdw_bandgap,test,0.256,0.43254233333333353
7887,JVASP-34237,optb88vdw_bandgap,test,2.072,1.0293880555555548
7888,JVASP-44669,optb88vdw_bandgap,test,2.897,1.2854172222222215
7889,JVASP-69666,optb88vdw_bandgap,test,0.0,0.018591777777777773
7890,JVASP-90281,optb88vdw_bandgap,test,0.0,0.0017672222222222223
7891,JVASP-141082,optb88vdw_bandgap,test,0.0,0.696953888888889
7892,JVASP-153215,optb88vdw_bandgap,test,0.0,1.336883055555556
7893,JVASP-176566,optb88vdw_bandgap,test,0.085,0.25369361111111116
7894,JVASP-150127,optb88vdw_bandgap,test,0.0,0.5777628888888887
7895,JVASP-126650,optb88vdw_bandgap,test,0.0,9.666666666666665e-05
7896,JVASP-193447,optb88vdw_bandgap,test,0.0,0.02478222222222222
7897,JVASP-7562,optb88vdw_bandgap,test,1.207,1.0371643888888893
7898,JVASP-168124,optb88vdw_bandgap,test,0.426,0.6756809444444445
7899,JVASP-146315,optb88vdw_bandgap,test,0.0,0.36355316666666665
7900,JVASP-21649,optb88vdw_bandgap,test,0.0,0.06764777777777778
7901,JVASP-102944,optb88vdw_bandgap,test,0.0,0.02127722222222222
7902,JVASP-156049,optb88vdw_bandgap,test,0.0,0.00279
7903,JVASP-13856,optb88vdw_bandgap,test,0.835,0.3087083333333335
7904,JVASP-15211,optb88vdw_bandgap,test,0.0,0.039390833333333305
7905,JVASP-111615,optb88vdw_bandgap,test,0.0,0.028353333333333335
7906,JVASP-168586,optb88vdw_bandgap,test,0.413,1.9111766111111108
7907,JVASP-149453,optb88vdw_bandgap,test,0.0,0.0
7908,JVASP-11580,optb88vdw_bandgap,test,0.341,0.36188805555555553
7909,JVASP-31202,optb88vdw_bandgap,test,6.434,5.4772611666666755
7910,JVASP-80965,optb88vdw_bandgap,test,0.0,0.030435666666666663
7911,JVASP-187734,optb88vdw_bandgap,test,0.0,0.08028249999999999
7912,JVASP-96825,optb88vdw_bandgap,test,0.516,2.6520558888888903
7913,JVASP-153488,optb88vdw_bandgap,test,4.032,2.4324788888888857
7914,JVASP-57571,optb88vdw_bandgap,test,2.45,1.6880830555555553
7915,JVASP-101954,optb88vdw_bandgap,test,4.035,2.967290888888888
7916,JVASP-35867,optb88vdw_bandgap,test,0.0,0.013498333333333334
7917,JVASP-164024,optb88vdw_bandgap,test,0.0,0.0075886111111111085
7918,JVASP-141486,optb88vdw_bandgap,test,0.0,0.3742393333333333
7919,JVASP-38490,optb88vdw_bandgap,test,0.0,0.043420000000000014
7920,JVASP-189401,optb88vdw_bandgap,test,0.0,0.17168672222222214
7921,JVASP-70804,optb88vdw_bandgap,test,0.0,0.022741666666666667
7922,JVASP-130870,optb88vdw_bandgap,test,0.0,0.13225833333333328
7923,JVASP-153674,optb88vdw_bandgap,test,0.0,0.050186111111111105
7924,JVASP-103458,optb88vdw_bandgap,test,0.249,0.10013555555555556
7925,JVASP-34174,optb88vdw_bandgap,test,0.0,0.5637036666666662
7926,JVASP-66112,optb88vdw_bandgap,test,0.0,0.04036861111111111
7927,JVASP-179682,optb88vdw_bandgap,test,0.0,0.05025555555555556
7928,JVASP-79515,optb88vdw_bandgap,test,0.588,0.7816886111111115
7929,JVASP-111804,optb88vdw_bandgap,test,0.401,0.6195681944444446
7930,JVASP-108799,optb88vdw_bandgap,test,0.031,0.17788572222222254
7931,JVASP-129684,optb88vdw_bandgap,test,0.0,0.07808916666666664
7932,JVASP-139611,optb88vdw_bandgap,test,0.0,0.2107693333333333
7933,JVASP-182628,optb88vdw_bandgap,test,0.0,0.028803333333333327
7934,JVASP-102907,optb88vdw_bandgap,test,0.82,0.4833033333333333
7935,JVASP-5821,optb88vdw_bandgap,test,1.85,2.0163680555555565
7936,JVASP-89945,optb88vdw_bandgap,test,0.0,0.07256305555555553
7937,JVASP-11173,optb88vdw_bandgap,test,2.981,0.4124562222222221
7938,JVASP-110242,optb88vdw_bandgap,test,1.139,0.18800477777777772
7939,JVASP-176710,optb88vdw_bandgap,test,0.0,1.6144686111111106
7940,JVASP-187266,optb88vdw_bandgap,test,0.0,0.00680388888888889
7941,JVASP-93489,optb88vdw_bandgap,test,0.0,0.9824941666666668
7942,JVASP-181406,optb88vdw_bandgap,test,0.0,0.05934666666666666
7943,JVASP-151222,optb88vdw_bandgap,test,0.0,0.011937500000000002
7944,JVASP-125813,optb88vdw_bandgap,test,0.0,0.0
7945,JVASP-39847,optb88vdw_bandgap,test,0.0,0.025218333333333332
7946,JVASP-40311,optb88vdw_bandgap,test,0.0,0.0912113888888889
7947,JVASP-81245,optb88vdw_bandgap,test,0.904,1.102210555555555
7948,JVASP-169894,optb88vdw_bandgap,test,0.151,0.6958012777777782
7949,JVASP-150314,optb88vdw_bandgap,test,0.0,0.0896538888888889
7950,JVASP-112413,optb88vdw_bandgap,test,0.092,2.0046835740740763
7951,JVASP-118711,optb88vdw_bandgap,test,0.0,0.006354444444444445
7952,JVASP-174063,optb88vdw_bandgap,test,0.0,0.31015722222222225
7953,JVASP-165784,optb88vdw_bandgap,test,0.0,0.08986244444444445
7954,JVASP-110781,optb88vdw_bandgap,test,0.0,2.3333333333333332e-05
7955,JVASP-192297,optb88vdw_bandgap,test,0.0,0.011966944444444452
7956,JVASP-14549,optb88vdw_bandgap,test,0.0,0.0
7957,JVASP-22901,optb88vdw_bandgap,test,5.068,2.460029499999999
7958,JVASP-186832,optb88vdw_bandgap,test,0.0,0.2526474444444445
7959,JVASP-155178,optb88vdw_bandgap,test,2.704,1.2679604206349204
7960,JVASP-104834,optb88vdw_bandgap,test,0.0,0.3029349999999999
7961,JVASP-27283,optb88vdw_bandgap,test,2.584,2.56941972222222
7962,JVASP-50644,optb88vdw_bandgap,test,0.247,1.0496135277777774
7963,JVASP-108573,optb88vdw_bandgap,test,5.494,3.3771349999999973
7964,JVASP-97596,optb88vdw_bandgap,test,0.96,2.4363826111111115
7965,JVASP-79574,optb88vdw_bandgap,test,0.0,0.0
7966,JVASP-168628,optb88vdw_bandgap,test,0.821,1.2160810000000009
7967,JVASP-136170,optb88vdw_bandgap,test,0.0,0.025034722222222222
7968,JVASP-108653,optb88vdw_bandgap,test,0.0,0.18301955555555557
7969,JVASP-170424,optb88vdw_bandgap,test,0.0,0.0006822222222222222
7970,JVASP-68012,optb88vdw_bandgap,test,0.0,0.0023272222222222223
7971,JVASP-91626,optb88vdw_bandgap,test,0.0,0.5949177777777779
7972,JVASP-69633,optb88vdw_bandgap,test,0.0,0.101195
7973,JVASP-18880,optb88vdw_bandgap,test,0.0,0.2277222301587302
7974,JVASP-98505,optb88vdw_bandgap,test,0.0,0.4722641666666668
7975,JVASP-64420,optb88vdw_bandgap,test,0.0,0.04538138888888889
7976,JVASP-114604,optb88vdw_bandgap,test,0.3,0.21173822222222222
7977,JVASP-166067,optb88vdw_bandgap,test,2.742,1.116161277777778
7978,JVASP-148568,optb88vdw_bandgap,test,0.0,0.02845277777777778
7979,JVASP-101800,optb88vdw_bandgap,test,1.567,2.0938514444444434
7980,JVASP-138445,optb88vdw_bandgap,test,0.0,0.030929777777777775
7981,JVASP-91752,optb88vdw_bandgap,test,2.6,1.885905833333333
7982,JVASP-161350,optb88vdw_bandgap,test,0.0,0.20227416666666664
7983,JVASP-129502,optb88vdw_bandgap,test,0.0,0.0
7984,JVASP-50002,optb88vdw_bandgap,test,3.655,2.6581380555555554
7985,JVASP-71720,optb88vdw_bandgap,test,0.0,0.00135
7986,JVASP-148272,optb88vdw_bandgap,test,0.0,0.4176845555555553
7987,JVASP-107154,optb88vdw_bandgap,test,2.526,1.380981944444443
7988,JVASP-11478,optb88vdw_bandgap,test,2.774,1.549361722222224
7989,JVASP-146147,optb88vdw_bandgap,test,0.408,0.2545614153346658
7990,JVASP-128610,optb88vdw_bandgap,test,0.0,0.057626666666666666
7991,JVASP-169924,optb88vdw_bandgap,test,0.0,0.2485875000000001
7992,JVASP-161664,optb88vdw_bandgap,test,1.096,1.9727355000000009
7993,JVASP-186609,optb88vdw_bandgap,test,0.0,0.38368166666666664
7994,JVASP-69243,optb88vdw_bandgap,test,0.0,0.19807222222222226
7995,JVASP-169152,optb88vdw_bandgap,test,0.0,0.011577777777777779
7996,JVASP-78402,optb88vdw_bandgap,test,0.0,0.7096487222222224
7997,JVASP-172148,optb88vdw_bandgap,test,0.0,0.09092916666666673
7998,JVASP-93737,optb88vdw_bandgap,test,0.0,0.05316166666666669
7999,JVASP-126333,optb88vdw_bandgap,test,0.0,0.00012111111111111112
