sample_index,source_index,jid,formula,nat,space_group_number,crystal_system,formation_energy_peratom,optb88vdw_bandgap,split
0,68954,JVASP-152345,ErRe2,12,194,hexagonal,-0.32909,0.0,train
1,61617,JVASP-130615,GeCl3,4,38,orthorhombic,-0.2821,0.0,train
2,23832,JVASP-52191,Li2CuSiO4,16,31,orthorhombic,-2.15157,0.0,train
3,71723,JVASP-149318,ThCo5,6,191,hexagonal,-0.18947,0.0,train
4,11019,JVASP-69796,NaMgBe2,4,99,tetragonal,0.35068,0.0,train
5,9338,JVASP-70225,Be2CrFe,4,99,tetragonal,-0.06965,0.0,train
6,81796,JVASP-168899,Ti5S8,13,6,monoclinic,-1.49354,0.0,train
7,71637,JVASP-149878,CeCoSi2,8,63,orthorhombic,-0.76025,0.0,train
8,5558,JVASP-62975,BN,4,194,hexagonal,-1.38442,4.46,train
9,37401,JVASP-38647,Ni3Sb,4,221,cubic,-0.08993,0.0,train
10,62116,JVASP-144226,Li6MnFe2O6,15,8,monoclinic,-1.71781,0.0,train
11,39555,JVASP-21258,LiSbO3,20,52,orthorhombic,-1.82902,2.305,train
12,90792,JVASP-186977,TaTi2Cd,4,123,tetragonal,-0.01624,0.0,train
13,85630,JVASP-173832,SmBiTe3,5,160,trigonal,-0.82551,1.166,train
14,28801,JVASP-34474,NaVF3,5,221,cubic,-2.64911,0.0,train
15,87367,JVASP-162054,Mg3Sc,4,221,cubic,-0.05667,0.0,train
16,74585,JVASP-145191,NbSiRu,18,46,orthorhombic,-0.58044,0.0,train
17,2068,JVASP-52566,TiGa2O5,16,15,monoclinic,-2.40821,2.243,train
18,2653,JVASP-91667,CoGe,8,12,monoclinic,0.44049,0.0,train
19,35175,JVASP-40587,LiCdAu2,4,225,cubic,-0.39489,0.0,train
20,12305,JVASP-94774,CaMg6Zn,8,38,orthorhombic,-0.02943,0.0,train
21,12756,JVASP-74293,ZrBe2Pd,4,216,cubic,-0.20596,0.0,train
22,82257,JVASP-169629,H,16,2,triclinic,0.33772,0.0,train
23,90174,JVASP-190775,SrCaAl4,6,216,cubic,-0.37679,0.0,train
24,71775,JVASP-133223,Co3Ni2Te3O16,24,8,monoclinic,-0.90977,0.0,train
25,29624,JVASP-9435,AlTlF4,12,15,monoclinic,-3.1763,4.671,train
26,65531,JVASP-135065,RbHS,3,38,orthorhombic,-0.6557,1.352,train
27,11507,JVASP-70723,NaCaBe2,4,99,tetragonal,0.40402,0.0,train
28,83562,JVASP-167911,Sr8Co3N8,19,12,monoclinic,-0.73656,0.0,train
29,11512,JVASP-93663,Cu2GeS3,6,44,orthorhombic,-0.37962,0.0,train
30,29137,JVASP-81079,Rb2HgTe,4,12,monoclinic,-0.79704,2.042,train
31,33677,JVASP-41365,GaFeRh2,4,225,cubic,-0.37418,0.0,train
32,13821,JVASP-1768,ScAgSe2,4,164,trigonal,-1.14235,0.765,train
33,18514,JVASP-104526,Rb2LaAuCl6,10,225,cubic,-1.7719,2.188,train
34,4968,JVASP-90563,Mg3Ti,8,59,orthorhombic,0.21611,0.0,train
35,60038,JVASP-125013,Ar3Co,4,221,cubic,1.33356,0.0,train
36,37676,JVASP-37969,ErLu3,8,194,hexagonal,-0.00092,0.0,train
37,30360,JVASP-30537,TiBi2O6,9,8,monoclinic,-1.60712,0.0,train
38,81419,JVASP-176787,Nd4Ge3Rh4,22,15,monoclinic,-0.90681,0.0,train
39,43722,JVASP-108860,Na3AsF6,10,225,cubic,-2.51583,3.922,train
40,59960,JVASP-142135,TbPaO4,12,141,tetragonal,-4.01267,2.853,train
41,91422,JVASP-190810,Al2Cu,3,225,cubic,-0.24347,0.0,train
42,58140,JVASP-124246,CuCl3,4,8,monoclinic,-0.23372,0.308,train
43,38039,JVASP-38466,Li3Ga,4,225,cubic,-0.24602,0.0,train
44,39371,JVASP-14499,PrCd2,3,191,hexagonal,-0.37961,0.0,train
45,62828,JVASP-140271,LiCrMo2O8,24,2,triclinic,-2.21016,1.148,train
46,36957,JVASP-57183,FeAsS,12,14,monoclinic,-0.51191,0.658,train
47,25193,JVASP-51352,Ag3SI,5,146,trigonal,-0.10062,0.591,train
48,30837,JVASP-57049,K6CuSi2O8,17,2,triclinic,-2.16588,0.607,train
49,84959,JVASP-167143,Li2Cu2F5,18,2,triclinic,-2.20164,0.0,train
50,78170,JVASP-164347,KCrF3,10,140,tetragonal,-2.67671,0.0,train
51,27575,JVASP-9513,VZnSiO5,16,2,triclinic,-2.385,0.0,train
52,53428,JVASP-119161,Na6Cd7S10,23,8,monoclinic,-0.89988,1.059,train
53,29013,JVASP-10661,Lu2MgSe4,14,227,cubic,-1.76505,1.569,train
54,40645,JVASP-18169,YTiSi,6,129,tetragonal,-0.6656,0.0,train
55,67669,JVASP-133750,BCl,4,2,triclinic,-0.25005,0.0,train
56,42998,JVASP-107909,Ce3Sm,4,139,tetragonal,0.01945,0.0,train
57,16072,JVASP-100648,MnPt2,3,164,trigonal,0.00518,0.0,train
58,62862,JVASP-139567,Na2Br,3,47,orthorhombic,-0.86756,0.0,train
59,20009,JVASP-104746,CeUN2,4,123,tetragonal,-1.60148,0.0,train
60,43852,JVASP-48066,Mn3O4F2,18,1,triclinic,-1.9891,0.0,train
61,70748,JVASP-148561,ReC,2,225,cubic,0.90652,0.0,train
62,72715,JVASP-152647,CeMgSn,12,62,orthorhombic,-0.48233,0.0,train
63,40977,JVASP-30708,AlMo3F15,38,11,monoclinic,-2.57555,0.604,train
64,71285,JVASP-154593,Ho5Ge3,16,193,hexagonal,-0.83598,0.0,train
65,44593,JVASP-109231,Na2GaAgBr6,10,225,cubic,-0.89471,0.0,train
66,5342,JVASP-66600,BaInSn,3,216,cubic,-0.05787,0.0,train
67,78016,JVASP-179012,CdAsPt2,4,99,tetragonal,-0.16089,0.0,train
68,38390,JVASP-30315,MnP4,30,14,monoclinic,-0.3149,0.0,train
69,91616,JVASP-192520,LaGaSi,3,156,trigonal,-0.74413,0.0,train
70,22209,JVASP-13092,BaC4O4,18,140,tetragonal,-1.24473,2.667,train
71,25293,JVASP-9737,Li3SbO4,16,13,monoclinic,-2.02763,3.213,train
72,80559,JVASP-170595,K4MgCu3F12,20,65,orthorhombic,-2.58941,0.0,train
73,45049,JVASP-109366,Sm3DyS4,8,47,orthorhombic,-2.16773,0.0,train
74,10646,JVASP-71485,LiBe2Ga,4,123,tetragonal,0.22225,0.0,train
75,73827,JVASP-147425,LiFe3O2F6,24,2,triclinic,-2.08018,0.0,train
76,15836,JVASP-3933,TmCl3,8,167,trigonal,-2.34018,4.707,train
77,31192,JVASP-35042,Re2N,6,194,hexagonal,-0.04159,0.0,train
78,60926,JVASP-138398,CO,4,129,tetragonal,-0.37795,4.569,train
79,33939,JVASP-39996,Ba2HgPb,4,225,cubic,-0.61143,0.0,train
80,80086,JVASP-177369,AcPm3,4,139,tetragonal,0.02787,0.0,train
81,28441,JVASP-1100,Sb2Se3,20,62,orthorhombic,-0.26843,0.875,train
82,83002,JVASP-120761,Dy2Ni12As7,21,174,hexagonal,-0.50256,0.0,train
83,85364,JVASP-163859,Li9Fe3O2F14,28,2,triclinic,-2.70834,0.0,train
84,60515,JVASP-134912,Ga2Te,3,65,orthorhombic,-0.01766,0.0,train
85,34155,JVASP-51574,Rb2CuCl3,24,62,orthorhombic,-1.55588,2.252,train
86,5730,JVASP-1765,LiMgAs,3,216,cubic,-0.82603,1.521,train
87,87008,JVASP-180707,La2Zn,3,139,tetragonal,-0.29283,0.0,train
88,70013,JVASP-152569,NbFeAs,12,62,orthorhombic,-0.44328,0.0,train
89,9473,JVASP-14799,TbFe2,6,227,cubic,-0.11085,0.0,train
90,92380,JVASP-191439,LiMg2Pt,4,225,cubic,-0.71564,0.0,train
91,5793,JVASP-12149,NbFeTe2,16,53,orthorhombic,-0.30197,0.0,train
92,23962,JVASP-56248,Dy3CuSiSe7,24,173,hexagonal,-1.36511,1.677,train
93,33967,JVASP-39540,ZnGaO3,5,221,cubic,-0.87468,0.0,train
94,7495,JVASP-86139,RbAuI3,10,12,monoclinic,-0.6945,0.611,train
95,17204,JVASP-2997,SrMg2Sb2,5,164,trigonal,-0.83997,1.068,train
96,79762,JVASP-180478,VAgO,3,187,hexagonal,-0.91355,0.0,train
97,67694,JVASP-139726,AsS,4,129,tetragonal,0.18263,0.0,train
98,5892,JVASP-68174,HfBeZn2,4,99,tetragonal,-0.03151,0.0,train
99,65777,JVASP-139095,SrHO,3,6,monoclinic,-1.32419,0.0,train
100,93335,JVASP-188614,Zr5Ag,6,123,tetragonal,-0.06165,0.0,train
101,32084,JVASP-21844,ErNi4B,12,191,hexagonal,-0.52495,0.0,train
102,92547,JVASP-187776,InGaN2,4,115,tetragonal,-0.23848,0.214,train
103,40889,JVASP-33182,Pb4SeBr6,11,8,monoclinic,-0.86802,2.111,train
104,58913,JVASP-128261,TaMo,2,221,cubic,-0.20279,0.0,train
105,82861,JVASP-179881,Ti3Cl,4,160,trigonal,-0.27036,0.0,train
106,51271,JVASP-117042,HfCrCuS4,28,1,triclinic,-1.02135,0.701,train
107,9167,JVASP-70914,HfBeNb2,4,99,tetragonal,0.02504,0.0,train
108,8629,JVASP-91557,K2CdSn,8,63,orthorhombic,-0.29727,0.059,train
109,23915,JVASP-15928,MnSe,4,194,hexagonal,-0.27778,0.0,train
110,52520,JVASP-117917,SiCN,3,187,hexagonal,2.24273,0.0,train
111,58362,JVASP-128067,HePt3,4,221,cubic,0.41177,0.0,train
112,47366,JVASP-57143,NaC3O3,28,70,orthorhombic,-0.98643,0.887,train
113,46622,JVASP-19768,YbIr2,6,227,cubic,-0.72278,0.0,train
114,67922,JVASP-138931,RbSF,3,99,tetragonal,-0.72657,1.438,train
115,11345,JVASP-99058,NaNbO3,20,26,orthorhombic,-2.61975,2.336,train
116,76148,JVASP-161328,YbSrCa2,4,225,cubic,0.03649,0.0,train
117,43879,JVASP-108846,Na2ErCuCl6,10,225,cubic,-1.64779,1.522,train
118,66461,JVASP-134015,BeSnBr,3,6,monoclinic,-0.01121,0.0,train
119,7357,JVASP-67677,MnBeCr4,6,216,cubic,0.29139,0.0,train
120,46572,JVASP-17383,CaGe2Rh2,5,139,tetragonal,-0.8057,0.0,train
121,46228,JVASP-19749,Nb3Rh,8,223,cubic,-0.25391,0.0,train
122,27210,JVASP-79288,LaRe2W,4,216,cubic,0.44841,0.0,train
123,25948,JVASP-34213,CaCO3,10,20,orthorhombic,-2.12705,5.883,train
124,6196,JVASP-87080,KCu4As2,7,166,trigonal,-0.17895,0.0,train
125,25653,JVASP-52334,Sb3O4F,16,13,monoclinic,-1.61693,2.619,train
126,66643,JVASP-132741,OsRu,2,187,hexagonal,-0.01908,0.0,train
127,66623,JVASP-138590,RbInCl,3,99,tetragonal,-0.5523,0.0,train
128,38229,JVASP-33846,ErCl3,8,194,hexagonal,-2.23799,3.294,train
129,34309,JVASP-22772,Pr2O3,40,206,cubic,-3.53457,3.788,train
130,40555,JVASP-9174,HfO2,12,62,orthorhombic,-3.70668,3.478,train
131,68844,JVASP-154909,ZnH8N10,19,2,triclinic,0.05128,3.886,train
132,75317,JVASP-146714,Ba2YV3O8,14,123,tetragonal,-2.90994,0.0,train
133,25428,JVASP-34903,Li4P2O7,26,2,triclinic,-2.50017,5.982,train
134,67236,JVASP-135915,AlAgTe,3,38,orthorhombic,0.06152,0.0,train
135,69786,JVASP-153448,TlTe,16,140,tetragonal,-0.26054,0.0,train
136,62306,JVASP-144463,Rb4SnTe4O2,22,15,monoclinic,-0.95583,1.009,train
137,26046,JVASP-34261,Ba2CdReO6,10,225,cubic,-2.27763,0.0,train
138,8250,JVASP-74034,BeV2Pb,4,99,tetragonal,0.29906,0.0,train
139,58621,JVASP-128135,BaRu,2,187,hexagonal,1.10733,0.0,train
140,79266,JVASP-164767,CaPbI4,24,14,monoclinic,-1.15595,2.76,train
141,92602,JVASP-190325,Zr2CCl2,5,164,trigonal,-1.61424,0.0,train
142,78674,JVASP-170261,ErSiOs2C,10,63,orthorhombic,-0.51337,0.0,train
143,23308,JVASP-55520,CaPbO3,20,62,orthorhombic,-1.95181,0.965,train
144,66267,JVASP-136410,SbClO,3,187,hexagonal,-0.02707,0.0,train
145,48960,JVASP-114396,SrTaO,3,99,tetragonal,-0.50746,0.0,train
146,49287,JVASP-114540,Ba2BrN,4,166,trigonal,-1.39724,1.155,train
147,93877,JVASP-189777,Be4TcW,6,216,cubic,-0.31351,0.0,train
148,9526,JVASP-67961,BeV2Mo,4,119,tetragonal,0.099,0.0,train
149,50379,JVASP-116803,YFe2O4,21,12,monoclinic,-2.10413,0.0,train
150,25220,JVASP-26526,Ba2Fe2S2OF2,9,139,tetragonal,-2.16174,0.0,train
151,41154,JVASP-43032,NaMn2O4,14,63,orthorhombic,-1.83743,0.0,train
152,47144,JVASP-56631,K3Mo2BrO7,26,194,hexagonal,-2.20971,3.024,train
153,85353,JVASP-168994,MnCu2Sn3S8,14,166,trigonal,-0.4739,0.0,train
154,659,JVASP-86679,K2Ga3,10,139,tetragonal,-0.22092,0.213,train
155,23442,JVASP-8108,PrCuSO,8,129,tetragonal,-2.10585,1.856,train
156,52113,JVASP-117357,HfAsRu,18,46,orthorhombic,-0.72815,0.0,train
157,75354,JVASP-146789,H,16,62,orthorhombic,0.89368,0.0,train
158,64179,JVASP-135578,Na3Sb,4,191,hexagonal,-0.135,0.0,train
159,26129,JVASP-55536,Dy2Be2GeO7,24,113,tetragonal,-3.11308,4.601,train
160,84299,JVASP-165893,Pr,2,194,hexagonal,0.00875,0.0,train
161,27576,JVASP-79996,Li2TlAu,4,225,cubic,-0.42658,0.0,train
162,72674,JVASP-155499,PaGa2Rh2,5,139,tetragonal,-0.60445,0.0,train
163,44936,JVASP-109891,Rb2NaNdF6,10,225,cubic,-3.45122,6.419,train
164,46524,JVASP-35194,ZnGeO3,10,161,trigonal,-1.63968,1.563,train
165,50313,JVASP-116779,V2FeO4,14,44,orthorhombic,-1.9185,0.0,train
166,39409,JVASP-46863,Li3Cr3CoO8,15,166,trigonal,-2.04921,0.0,train
167,51851,JVASP-114019,BaBrO,3,99,tetragonal,-0.52052,0.0,train
168,79157,JVASP-167574,Tb3ReB7,22,63,orthorhombic,-0.61128,0.0,train
169,60910,JVASP-134070,BeH2,3,25,orthorhombic,0.4807,0.0,train
170,4759,JVASP-86407,LaMgNi4,6,216,cubic,-0.35357,0.0,train
171,12944,JVASP-105848,Pr3Mg,4,139,tetragonal,-0.01991,0.0,train
172,61711,JVASP-144447,TeI7,16,129,tetragonal,0.11863,0.0,train
173,47482,JVASP-21648,PrAl7Au3,22,167,trigonal,-0.55959,0.0,train
174,83737,JVASP-169725,MgIn2,6,12,monoclinic,-0.05815,0.0,train
175,79625,JVASP-184946,RbS2,3,38,orthorhombic,-0.58944,0.0,train
176,68722,JVASP-151331,V3GaN,10,63,orthorhombic,-0.72798,0.0,train
177,124,JVASP-90580,ZrSn,4,129,tetragonal,-0.3674,0.0,train
178,20,JVASP-60702,PdSe8Cl2,44,61,orthorhombic,-0.15071,1.197,train
179,85411,JVASP-179986,Ta3AlC,5,221,cubic,-0.11378,0.0,train
180,36557,JVASP-40548,RbUAuSe3,12,63,orthorhombic,-1.04845,0.0,train
181,87797,JVASP-179692,Sr2CdAs,4,225,cubic,-0.74445,0.0,train
182,16328,JVASP-2901,RbAuS,6,63,orthorhombic,-0.8456,2.173,train
183,56093,JVASP-122326,Li2AlCoO4,16,31,orthorhombic,-2.18637,0.083,train
184,64540,JVASP-133593,NdNiO3,20,62,orthorhombic,-2.35343,0.0,train
185,20340,JVASP-106563,MgScZn2,4,225,cubic,-0.36093,0.0,train
186,54434,JVASP-117820,YBr4O,6,87,tetragonal,-1.05618,0.0,train
187,41064,JVASP-35158,K8PO3,12,221,cubic,-0.91385,0.0,train
188,71216,JVASP-150999,NaBH4,12,114,tetragonal,-0.37547,6.411,train
189,10239,JVASP-70248,Be2SiW,4,119,tetragonal,-0.31539,0.0,train
190,84597,JVASP-182658,ZrBeP,3,187,hexagonal,-0.86191,0.0,train
191,60278,JVASP-143952,Sr3Co2Cl2O5,12,139,tetragonal,-2.20449,0.0,train
192,49545,JVASP-116466,PPbO4,12,50,orthorhombic,-1.78576,0.0,train
193,75504,JVASP-157660,K2CoH6,9,225,cubic,-0.09886,0.0,train
194,64117,JVASP-141684,Li7Mn2Co3O12,24,2,triclinic,-1.9236,0.327,train
195,67576,JVASP-133746,B2Cl,3,25,orthorhombic,0.37893,0.0,train
196,18217,JVASP-104618,SrPmPt2,4,225,cubic,-1.04637,0.0,train
197,57556,JVASP-127516,TbMo,2,221,cubic,0.58325,0.0,train
198,11770,JVASP-74851,Na2BeW,4,123,tetragonal,1.19892,0.0,train
199,62296,JVASP-140259,Pr3InFeS7,24,173,hexagonal,-1.55246,0.57,train
200,52096,JVASP-112308,Ti6Al16Ir7,29,225,cubic,-0.79744,0.0,train
201,56700,JVASP-121555,Er4C7,22,14,monoclinic,-0.43007,0.0,train
202,62635,JVASP-135771,ZnBN2,4,99,tetragonal,0.48089,0.0,train
203,63489,JVASP-138470,CaPbO,3,99,tetragonal,-0.77131,0.0,train
204,74581,JVASP-147252,Li2Ti3NbO8,14,166,trigonal,-2.91375,0.0,train
205,84172,JVASP-171781,AgPt,2,166,trigonal,-0.06238,0.0,train
206,34462,JVASP-39164,ScCu3,4,225,cubic,-0.19243,0.0,train
207,2360,JVASP-98030,Mo3S3Br,14,148,trigonal,-0.7658,0.0,train
208,1762,JVASP-97878,Li2Ca3Be3Si3O12F2,100,199,cubic,-3.21343,5.922,train
209,92206,JVASP-190950,Sc2CdGa,4,123,tetragonal,-0.47166,0.0,train
210,16171,JVASP-15103,TbBaO3,5,221,cubic,-2.93433,0.0,train
211,79029,JVASP-180861,Ba2VO3,6,71,orthorhombic,-2.56383,0.0,train
212,90796,JVASP-188947,LaTiP,6,129,tetragonal,-1.09377,0.0,train
213,47583,JVASP-34036,Te4Mo3S2,18,63,orthorhombic,-0.45827,0.875,train
214,2590,JVASP-86049,RhN2,12,14,monoclinic,0.22351,0.0,train
215,43364,JVASP-110272,Ce2FeSi3,6,187,hexagonal,-0.57302,0.0,train
216,48951,JVASP-116086,ZrTlF3,5,221,cubic,-2.47918,0.0,train
217,77167,JVASP-95506,K2NaCoC6N6,32,14,monoclinic,-0.2247,4.187,train
218,51113,JVASP-115713,RbPdBr,3,38,orthorhombic,-0.44431,0.358,train
219,22639,JVASP-8800,H4NCl,6,215,cubic,-0.57753,5.288,train
220,77806,JVASP-172978,NdGe2Ir2,10,129,tetragonal,-0.77396,0.0,train
221,54968,JVASP-120836,TlBSe,3,187,hexagonal,1.25282,0.0,train
222,89941,JVASP-191263,Be2V,6,227,cubic,-0.25875,0.0,train
223,35785,JVASP-37560,YbDyPd2,4,225,cubic,-0.96815,0.0,train
224,82461,JVASP-179524,LiPd2O2,5,164,trigonal,-0.67031,0.0,train
225,85911,JVASP-165736,K4TiO4,18,2,triclinic,-2.2952,3.395,train
226,22637,JVASP-7890,Tb2BaNiO5,9,71,orthorhombic,-2.90113,0.0,train
227,33676,JVASP-41459,Ho2InAg,4,225,cubic,-0.42259,0.0,train
228,3733,JVASP-69277,Ba2HgBr,4,225,cubic,-0.89171,0.0,train
229,54150,JVASP-117574,BaTeCl,3,187,hexagonal,-1.07496,0.0,train
230,78509,JVASP-181743,RbTe2Au,4,119,tetragonal,-0.481,0.0,train
231,91481,JVASP-191930,LiNiGe2,4,160,trigonal,-0.30988,0.0,train
232,39914,JVASP-44678,Mn3NiO8,12,166,trigonal,-1.48444,0.399,train
233,6636,JVASP-68723,BeZn2Cl,4,119,tetragonal,0.32852,0.0,train
234,40812,JVASP-18005,InSb,2,225,cubic,0.00724,0.0,train
235,52877,JVASP-119382,LiMn2P2O10,15,1,triclinic,-2.02147,0.153,train
236,5385,JVASP-90665,HfCuSiAs,8,129,tetragonal,-0.49835,0.0,train
237,4335,JVASP-48466,LiCo5O7F,14,160,trigonal,-1.39287,0.306,train
238,44217,JVASP-108773,In2GaAs3,6,119,tetragonal,-0.24557,0.0,train
239,78610,JVASP-165493,NaLa6OsI12,20,148,trigonal,-1.40502,0.145,train
240,35301,JVASP-35535,AgPPt5,7,123,tetragonal,-0.15632,0.0,train
241,86395,JVASP-186807,RbMgO2,4,99,tetragonal,-1.59046,0.0,train
242,56575,JVASP-125727,Pa3Se,4,221,cubic,-0.48699,0.0,train
243,57452,JVASP-126316,NeNi3,4,221,cubic,1.12421,0.0,train
244,63972,JVASP-136613,RbSnF2,4,99,tetragonal,-2.02904,0.0,train
245,20493,JVASP-107511,TlPdPb,6,69,orthorhombic,-0.16493,0.0,train
246,71168,JVASP-150297,YbSi2Ni,8,63,orthorhombic,-0.6718,0.0,train
247,81940,JVASP-168176,Th2CuTe6,9,6,monoclinic,-0.92593,0.0,train
248,71972,JVASP-155335,Rb2IrI6,9,225,cubic,-0.75068,0.0,train
249,31421,JVASP-28537,Te2MoW2Se2S2,9,8,monoclinic,-0.44988,0.167,train
250,85543,JVASP-172805,Ce4UO10,15,166,trigonal,-3.70788,0.0,train
251,5750,JVASP-12119,CrAgP2S6,20,13,monoclinic,-0.382,0.812,train
252,26529,JVASP-78540,CeS,2,225,cubic,-2.16913,0.0,train
253,69199,JVASP-150232,Fe2N,9,162,trigonal,-0.15746,0.0,train
254,54692,JVASP-120877,BeSnBi,3,99,tetragonal,0.55206,0.0,train
255,32753,JVASP-41737,LiAc2Si,4,225,cubic,-0.20901,0.0,train
256,52131,JVASP-117374,Pr3BiRu4O14,22,166,trigonal,-2.05464,0.0,train
257,16132,JVASP-99740,Te,1,221,cubic,0.03875,0.0,train
258,49997,JVASP-116640,Tb6MgGe2S14,23,143,trigonal,-1.72846,2.044,train
259,2308,JVASP-61484,MnAs2O6,9,162,trigonal,-1.34765,0.522,train
260,81091,JVASP-185459,VN2,3,8,monoclinic,-0.43921,0.0,train
261,34269,JVASP-40000,Ho2OsRu,4,225,cubic,-0.32161,0.0,train
262,70130,JVASP-153787,CeCuS2,16,14,monoclinic,-1.48133,0.0,train
263,16707,JVASP-99839,Pr3Sc,8,194,hexagonal,0.05427,0.0,train
264,91165,JVASP-187991,Al3NiOs2,6,123,tetragonal,-0.52477,0.0,train
265,69415,JVASP-154744,Sr3UO6,20,14,monoclinic,-3.39514,2.173,train
266,71299,JVASP-152605,PuB4Os,12,65,orthorhombic,-0.47191,0.0,train
267,84658,JVASP-169309,Tm2In8Co,11,123,tetragonal,-0.27548,0.0,train
268,42161,JVASP-22499,CaTi8S16,25,164,trigonal,-1.51656,0.0,train
269,92865,JVASP-187526,Nb2RuPdH,5,123,tetragonal,-0.19248,0.0,train
270,43670,JVASP-108645,LiPm2Co,4,225,cubic,-0.03633,0.0,train
271,72544,JVASP-153854,Dy3Ir,16,62,orthorhombic,-0.64669,0.0,train
272,28933,JVASP-10156,DyTaO4,12,13,monoclinic,-3.51809,4.052,train
273,36527,JVASP-38394,Pr3Cu,4,139,tetragonal,0.11543,0.0,train
274,66043,JVASP-139992,Li7Mn2Co3O12,24,6,monoclinic,-1.83878,0.0,train
275,73071,JVASP-145364,Sr2La2MgRuO8,14,123,tetragonal,-2.90489,0.0,train
276,87384,JVASP-183888,LiCrCl3,5,123,tetragonal,-1.2298,0.0,train
277,32252,JVASP-42031,PrBiAu2,4,225,cubic,-0.66392,0.0,train
278,50314,JVASP-115191,LiI2,3,191,hexagonal,-0.3896,0.0,train
279,69070,JVASP-146562,LiCo8O16,25,2,triclinic,-1.13416,0.0,train
280,36093,JVASP-16577,MnNi3,4,221,cubic,-0.08064,0.0,train
281,47105,JVASP-56630,BaV2P4O14,21,2,triclinic,-2.4767,0.0,train
282,84940,JVASP-183019,ZrCuS,3,187,hexagonal,-0.46495,0.0,train
283,91908,JVASP-191806,Cu3Pt,8,194,hexagonal,-0.13051,0.0,train
284,56983,JVASP-127270,TlP,2,187,hexagonal,0.62634,0.0,train
285,63471,JVASP-141468,BaZr5Pb4O15,25,8,monoclinic,-2.8848,2.852,train
286,92686,JVASP-192299,ScAlRh2,4,123,tetragonal,-1.10258,0.0,train
287,41218,JVASP-46536,Li2CrO3,12,36,orthorhombic,-2.18785,0.392,train
288,26553,JVASP-50916,SrSc2O4,14,227,cubic,-3.56468,3.542,train
289,22712,JVASP-51211,NbCrW,3,216,cubic,0.77885,0.0,train
290,70720,JVASP-154772,HoAl3,20,166,trigonal,-0.45761,0.0,train
291,61341,JVASP-140230,Fe10OF19,30,1,triclinic,-2.00773,0.0,train
292,71994,JVASP-157067,Yb2LiAg,4,225,cubic,-0.21398,0.0,train
293,12996,JVASP-2008,HoHSe,3,187,hexagonal,-1.52055,1.698,train
294,92440,JVASP-189234,CaY2PbC,5,123,tetragonal,-0.60529,0.0,train
295,8502,JVASP-68073,LaBeOs,3,187,hexagonal,-0.15364,0.0,train
296,85005,JVASP-183789,SrCrO,3,187,hexagonal,-0.72609,0.0,train
297,29098,JVASP-9520,MgNiPO5,16,2,triclinic,-2.06704,0.212,train
298,9725,JVASP-71289,BeTe2Rh,4,99,tetragonal,-0.03919,0.0,train
299,36594,JVASP-38813,Er2AgIr,4,225,cubic,-0.73283,0.0,train
300,15766,JVASP-103204,KRb2AuBr6,10,225,cubic,-1.06581,0.0,train
301,23144,JVASP-7855,SnS,2,225,cubic,-0.52092,0.443,train
302,66244,JVASP-138044,BaSrTe,3,187,hexagonal,-0.48355,0.0,train
303,91518,JVASP-188088,MgRu2W,4,225,cubic,-0.04698,0.0,train
304,44426,JVASP-109571,NaAu3,8,194,hexagonal,-0.26488,0.0,train
305,44608,JVASP-108024,CeCd2Cu,4,216,cubic,-0.19159,0.0,train
306,44531,JVASP-36298,IrN2,3,187,hexagonal,0.94769,0.0,train
307,92418,JVASP-190560,MgZrRh2,4,225,cubic,-0.85167,0.0,train
308,8644,JVASP-67774,Li4ZrBe,6,216,cubic,0.36422,0.0,train
309,12532,JVASP-92329,NdCu2Si2,5,139,tetragonal,-0.55685,0.0,train
310,47656,JVASP-59918,Ba2CuSn2F14,38,15,monoclinic,-2.89361,1.122,train
311,26253,JVASP-207,GeS,4,63,orthorhombic,-0.31385,0.825,train
312,79456,JVASP-180127,LaPt,2,221,cubic,-1.21884,0.0,train
313,59158,JVASP-125392,H3F,4,1,triclinic,-0.7229,8.007,train
314,68787,JVASP-149784,GePt,8,62,orthorhombic,-0.45469,0.0,train
315,45463,JVASP-12170,WO2F2,10,26,orthorhombic,-2.55967,2.437,train
316,74368,JVASP-145948,Li3FeSiO5,20,2,triclinic,-2.25579,0.0,train
317,12385,JVASP-54797,CrCoPt2,4,123,tetragonal,-0.17316,0.0,train
318,32758,JVASP-56355,Ce3GaBr3,7,221,cubic,-1.23587,0.0,train
319,13793,JVASP-93091,Mg6SiB,8,38,orthorhombic,0.15272,0.0,train
320,32727,JVASP-50047,Zr3N2O3,16,8,monoclinic,-2.81289,2.846,train
321,50797,JVASP-115498,BSO2,4,99,tetragonal,-0.23193,0.0,train
322,17436,JVASP-15026,USb2,6,129,tetragonal,-0.27131,0.0,train
323,53776,JVASP-111706,Li4MnGe2S7,28,9,monoclinic,-0.93782,1.325,train
324,48864,JVASP-111471,InNiAg2F7,22,74,orthorhombic,-1.81504,0.436,train
325,46462,JVASP-17525,PrCuSb2,8,129,tetragonal,-0.68101,0.0,train
326,93635,JVASP-188047,ZrTi3O,5,221,cubic,-1.14971,0.0,train
327,76883,JVASP-159997,Na2AgO2,5,12,monoclinic,-0.99833,0.0,train
328,60622,JVASP-132881,BaY2Si2O7F2,28,2,triclinic,-3.58012,5.319,train
329,80977,JVASP-178774,NbCoO,3,187,hexagonal,-0.51788,0.0,train
330,27107,JVASP-79252,CrS,4,194,hexagonal,-0.52662,0.0,train
331,58419,JVASP-128081,MoPt3,4,221,cubic,-0.14201,0.0,train
332,59934,JVASP-143935,Mg2V3O8,13,12,monoclinic,-2.69521,0.0,train
333,21909,JVASP-107268,Yb4Y,5,166,trigonal,0.0405,0.0,train
334,10514,JVASP-71483,BeTl2Cl,4,99,tetragonal,0.07568,0.0,train
335,84568,JVASP-170403,Sr2La2MgRu3O12,20,1,triclinic,-2.46634,0.0,train
336,57354,JVASP-127422,NaGe7,8,215,cubic,0.22701,0.0,train
337,488,JVASP-63924,Ba4MoPd,6,216,cubic,1.12931,0.0,train
338,79011,JVASP-184416,ScNi4Os,6,216,cubic,-0.19122,0.0,train
339,58576,JVASP-126618,AcTm,2,187,hexagonal,0.12561,0.0,train
340,56674,JVASP-127003,PmCu3,4,221,cubic,0.11514,0.0,train
341,67792,JVASP-138635,NbSCl2,4,71,orthorhombic,-1.05734,0.0,train
342,56742,JVASP-121571,Y2Co5Ni5,12,47,orthorhombic,-0.21007,0.0,train
343,72432,JVASP-157255,Pr2TlCu,4,225,cubic,-0.24457,0.0,train
344,3646,JVASP-90062,ScSiRu,9,189,hexagonal,-0.88642,0.0,train
345,3311,JVASP-65203,Li4BeRu,6,216,cubic,0.34555,0.0,train
346,61263,JVASP-139828,Li3Fe2Co2O8,15,12,monoclinic,-1.64088,0.0,train
347,75823,JVASP-156428,BaNaAu,3,216,cubic,-0.49247,0.0,train
348,10351,JVASP-70462,Be2ReGe,4,119,tetragonal,0.03229,0.0,train
349,54263,JVASP-118725,MgTaO,3,6,monoclinic,2.62115,0.0,train
350,251,JVASP-86502,ThTi2O6,9,12,monoclinic,-3.55196,2.966,train
351,60546,JVASP-144185,KAlSi3O8,26,5,monoclinic,-2.96505,4.784,train
352,42825,JVASP-109010,Li3SbS3,7,160,trigonal,-1.07126,2.625,train
353,77938,JVASP-172201,BaNdFe2O5,9,123,tetragonal,-2.3725,0.0,train
354,93542,JVASP-188740,Y3MgSc2,6,123,tetragonal,-0.00537,0.0,train
355,28421,JVASP-79993,HoGaRh2,4,225,cubic,-0.84728,0.0,train
356,23493,JVASP-19104,Ca3AsN,20,62,orthorhombic,-1.27905,0.953,train
357,38331,JVASP-37053,Ti2CoGe,4,216,cubic,-0.26023,0.0,train
358,2491,JVASP-97611,FeS,24,190,hexagonal,-0.38194,0.0,train
359,31264,JVASP-21455,ScNiGe,12,62,orthorhombic,-0.83504,0.0,train
360,43644,JVASP-56666,YMoO4F,28,14,monoclinic,-3.0563,3.746,train
361,22902,JVASP-50625,Sr2Hf7O16,25,148,trigonal,-3.74844,4.52,train
362,46485,JVASP-26809,RbTlS2O8,12,155,trigonal,-1.42631,2.074,train
363,12372,JVASP-74863,Be2VCr,4,119,tetragonal,0.05236,0.0,train
364,1929,JVASP-97360,Cu5Se2Cl2O8,34,14,monoclinic,-0.72363,0.0,train
365,45905,JVASP-16247,SmTiGe,6,139,tetragonal,-0.63944,0.0,train
366,85399,JVASP-172802,CdHgTe2,4,160,trigonal,-0.17253,0.0,train
367,18769,JVASP-102192,Nb2AlB6,9,191,hexagonal,-0.44608,0.0,train
368,38130,JVASP-37507,YbAcRh2,4,225,cubic,-0.65032,0.0,train
369,69034,JVASP-152955,Sc2Si2Pt3,14,55,orthorhombic,-1.16672,0.0,train
370,49122,JVASP-111734,Pr3IrBr3,28,214,cubic,-1.48202,0.0,train
371,81196,JVASP-168149,YAsSe,12,62,orthorhombic,-1.54436,0.308,train
372,17251,JVASP-102224,CdPb3Se4,8,166,trigonal,-0.56654,0.629,train
373,14400,JVASP-93530,CaMg2,6,194,hexagonal,0.05284,0.0,train
374,25068,JVASP-55529,YCrB4,24,55,orthorhombic,-0.68485,0.263,train
375,59386,JVASP-143167,Ho6Co2Sn,18,71,orthorhombic,-0.39118,0.0,train
376,11408,JVASP-93919,CoTeMo,6,59,orthorhombic,0.44116,0.0,train
377,48056,JVASP-110869,Tb3Tm,4,221,cubic,0.01,0.0,train
378,33226,JVASP-35069,SmCoSi,6,129,tetragonal,-0.68095,0.0,train
379,44724,JVASP-109261,Ac3Pm,8,194,hexagonal,0.029,0.0,train
380,17962,JVASP-102066,K2TaAgCl6,10,225,cubic,-1.30685,0.0,train
381,42077,JVASP-24841,Y6OsI10,17,2,triclinic,-1.27693,0.0,train
382,25885,JVASP-34795,H4NClO,28,14,monoclinic,-0.48275,5.583,train
383,28401,JVASP-11596,AlMo4S8,13,216,cubic,-0.96649,0.0,train
384,90291,JVASP-187084,TaV2W,4,123,tetragonal,0.09848,0.0,train
385,50283,JVASP-115178,LiB2,3,65,orthorhombic,0.21651,0.0,train
386,83023,JVASP-163810,Li2Mn3O7,24,2,triclinic,-2.01691,0.717,train
387,25160,JVASP-13803,TlAgSe,12,62,orthorhombic,-0.25187,0.67,train
388,10300,JVASP-92312,MgSn,2,225,cubic,0.03661,0.0,train
389,35536,JVASP-38287,RbTl3,4,225,cubic,-0.0615,0.0,train
390,673,JVASP-38764,ZnFeRh2,4,225,cubic,-0.235,0.0,train
391,33901,JVASP-25266,K,2,11,monoclinic,0.00136,0.0,train
392,77366,JVASP-158660,SmScGe,6,139,tetragonal,-0.74696,0.0,train
393,1090,JVASP-18464,Li4H4Rh,9,87,tetragonal,-0.44933,0.0,train
394,73851,JVASP-152388,KAlS2O8,12,12,monoclinic,-1.99994,5.836,train
395,73793,JVASP-145394,LaSm3Fe4O12,20,6,monoclinic,-2.62015,0.0,train
396,50818,JVASP-115508,ScBO3,5,221,cubic,-2.31697,1.955,train
397,58678,JVASP-126664,TmNb,2,187,hexagonal,0.33957,0.0,train
398,31962,JVASP-20388,CeAl2,6,227,cubic,-0.46661,0.0,train
399,85156,JVASP-163547,CeTa3O9,26,12,monoclinic,-3.23168,0.0,train
400,54379,JVASP-120330,MgRhO,3,6,monoclinic,1.679,0.0,train
401,29356,JVASP-36237,RuO2,3,225,cubic,-1.06245,0.792,train
402,82292,JVASP-183291,MnZnO4,6,65,orthorhombic,-1.28506,0.0,train
403,52705,JVASP-118944,Rb2TeAu,4,139,tetragonal,-0.66215,0.0,train
404,74528,JVASP-150643,PrZnPd,9,189,hexagonal,-0.7242,0.0,train
405,10696,JVASP-92598,LaMnO3,5,221,cubic,-2.83404,0.0,train
406,21354,JVASP-48545,Ca3MnO4,8,65,orthorhombic,-2.76818,1.23,train
407,86167,JVASP-170444,RbMgAlF6,18,74,orthorhombic,-3.66764,6.639,train
408,72056,JVASP-151435,BaReH9,11,155,trigonal,-0.22844,3.161,train
409,40724,JVASP-17944,CrP,8,62,orthorhombic,-0.5091,0.0,train
410,38035,JVASP-37858,Al2CoOs,4,225,cubic,-0.5312,0.0,train
411,6317,JVASP-48011,Li4Mn2Cr3Co3O16,28,8,monoclinic,-1.87352,0.0,train
412,19088,JVASP-14994,CdAg,2,221,cubic,-0.05048,0.0,train
413,80915,JVASP-170999,ZnO,8,136,tetragonal,-1.55639,0.968,train
414,56206,JVASP-128321,Yb3Cd,4,221,cubic,-0.16618,0.0,train
415,92742,JVASP-191113,HfZrIn2,4,123,tetragonal,-0.24619,0.0,train
416,48371,JVASP-110565,MnCoB2,8,26,orthorhombic,-0.34359,0.0,train
417,4728,JVASP-61365,V5As3C,18,193,hexagonal,-0.40835,0.0,train
418,4306,JVASP-16044,MnB,8,62,orthorhombic,-0.42559,0.0,train
419,65409,JVASP-143608,Tm3Sb4Au3,20,220,cubic,-0.77683,0.587,train
420,13874,JVASP-94061,Mg6VW,8,38,orthorhombic,0.22753,0.0,train
421,31523,JVASP-35823,YPt3C,5,221,cubic,-0.30765,0.0,train
422,19955,JVASP-103647,PrMgIn,9,189,hexagonal,-0.45748,0.0,train
423,4498,JVASP-66216,BaHgPb,3,216,cubic,-0.01451,0.0,train
424,36766,JVASP-79537,NaN3,4,12,monoclinic,1.54133,0.0,train
425,12100,JVASP-106137,Al2Te3,10,9,monoclinic,-0.48565,1.456,train
426,90830,JVASP-187728,BaB2Ru2,5,139,tetragonal,-0.30982,0.0,train
427,40866,JVASP-12695,MnO2,12,227,cubic,-1.72697,0.437,train
428,39588,JVASP-46022,Lu3AlO6,20,36,orthorhombic,-3.79093,4.54,train
429,20683,JVASP-16077,Te4Pt3,7,166,trigonal,-0.35471,0.0,train
430,69116,JVASP-150457,KTh2Se6,9,71,orthorhombic,-1.57697,0.0,train
431,20522,JVASP-28456,MoW2Se6,9,187,hexagonal,-0.56018,1.14,train
432,46780,JVASP-17495,Pr3InC,5,221,cubic,1.54451,0.0,train
433,66984,JVASP-141080,Ga2NiO4,14,227,cubic,-1.59921,0.0,train
434,11725,JVASP-74945,SrBeBi2,4,119,tetragonal,0.08141,0.0,train
435,84464,JVASP-164200,Ta3Bi2S6,22,193,hexagonal,-0.97475,0.0,train
436,43027,JVASP-13928,PdSe2Cl6,18,15,monoclinic,-0.35587,1.629,train
437,42216,JVASP-25791,Tl3Ga9S13O2,27,174,hexagonal,-0.87571,2.253,train
438,41266,JVASP-14506,Ti3Pt,8,223,cubic,-0.6652,0.0,train
439,79302,JVASP-182828,VAgS2,4,99,tetragonal,-0.38547,0.0,train
440,84282,JVASP-173342,PrNiB4,24,139,tetragonal,-0.52988,0.0,train
441,73788,JVASP-146319,KBiF6,16,132,tetragonal,-2.27665,2.556,train
442,78853,JVASP-168468,Ac2Mg,3,139,tetragonal,-0.05483,0.0,train
443,15257,JVASP-105608,ZrZnPd2,4,225,cubic,-0.65834,0.0,train
444,17009,JVASP-100382,InPb,2,166,trigonal,0.00444,0.0,train
445,91430,JVASP-194628,Nb5Tc,6,123,tetragonal,-0.13317,0.0,train
446,13355,JVASP-74740,Ca2BeIn,4,123,tetragonal,-0.0744,0.0,train
447,52401,JVASP-118771,SrTiN,3,99,tetragonal,0.4731,0.0,train
448,24182,JVASP-50517,LiNdTi2O6,20,125,tetragonal,-3.22011,2.351,train
449,42855,JVASP-109022,Ba2Tc2O5,9,123,tetragonal,-2.07657,0.0,train
450,13718,JVASP-94123,Mg6CdCo,8,38,orthorhombic,0.07509,0.0,train
451,56151,JVASP-122408,Li7Mn4CoO12,24,1,triclinic,-2.05963,0.0,train
452,11711,JVASP-74185,Be2NbTc,4,119,tetragonal,0.01652,0.0,train
453,93894,JVASP-188151,YSi2Ni2,5,139,tetragonal,-0.8436,0.0,train
454,64450,JVASP-111556,Li2TiCr3O8,14,166,trigonal,-2.44449,0.0,train
455,83346,JVASP-183733,CaNiS2,4,99,tetragonal,-1.01721,0.0,train
456,92846,JVASP-191115,ZrRhPt2,4,123,tetragonal,-1.0056,0.0,train
457,52903,JVASP-119389,Li4Ti5Co3O16,28,8,monoclinic,-2.53768,0.124,train
458,88834,JVASP-171385,Ho5Ni2Bi,16,140,tetragonal,-0.5069,0.0,train
459,53592,JVASP-119700,Fe4OF6,22,2,triclinic,-1.80531,0.0,train
460,51215,JVASP-113452,BO3,4,1,triclinic,-0.79764,0.0,train
461,84520,JVASP-178902,TaH2O2,5,164,trigonal,-0.84052,0.0,train
462,93491,JVASP-192041,Ti2TcMo,4,123,tetragonal,-0.2911,0.0,train
463,71663,JVASP-152617,SrMgF4,12,63,orthorhombic,-3.93055,6.523,train
464,20732,JVASP-102001,H6C11O4,42,2,triclinic,-0.28477,2.882,train
465,80808,JVASP-184490,PPdO2,4,99,tetragonal,-0.51567,0.0,train
466,20365,JVASP-101961,CdH14C9O4,28,1,triclinic,-0.39031,3.88,train
467,91744,JVASP-193758,AlRh2Pt,4,123,tetragonal,-0.55457,0.0,train
468,88863,JVASP-165393,La3Si2S8Br,28,15,monoclinic,-1.69797,2.778,train
469,84149,JVASP-179578,Ba3InSb,5,221,cubic,-0.38076,0.0,train
470,67473,JVASP-139159,SrAlF,3,99,tetragonal,-1.25694,0.0,train
471,76516,JVASP-158257,RbTl2Pb2,5,139,tetragonal,-0.06705,0.0,train
472,19232,JVASP-100987,In3Si,8,194,hexagonal,0.28194,0.0,train
473,34874,JVASP-38333,NdDy3,4,221,cubic,0.01553,0.0,train
474,46460,JVASP-17578,Zr2InC,8,194,hexagonal,-0.75834,0.0,train
475,4502,JVASP-65682,KBaSe2,4,123,tetragonal,-1.44642,0.0,train
476,20378,JVASP-102729,LaAlCu4,6,65,orthorhombic,-0.32994,0.0,train
477,47921,JVASP-110668,K2LiMoBr6,10,225,cubic,-1.28832,1.192,train
478,92015,JVASP-192543,NiSeS,3,156,trigonal,-0.31181,0.0,train
479,57950,JVASP-126463,Pd3Cl,4,221,cubic,0.3604,0.0,train
480,70189,JVASP-154078,AgSbTe2,16,227,cubic,-0.0932,0.0,train
481,48584,JVASP-100065,CrSbO4,6,119,tetragonal,-1.68011,0.0,train
482,78492,JVASP-170924,Bi2S2O,10,129,tetragonal,-0.77828,1.057,train
483,32629,JVASP-41159,MgSnIr2,4,225,cubic,-0.34153,0.0,train
484,34357,JVASP-39161,LaHoMg2,4,225,cubic,-0.08392,0.0,train
485,476,JVASP-86851,Nd3MnBi5,18,193,hexagonal,-0.5453,0.0,train
486,50650,JVASP-115398,PdF2,3,47,orthorhombic,-1.02943,0.0,train
487,85168,JVASP-165302,PNClF,24,36,orthorhombic,-1.12474,5.253,train
488,57234,JVASP-126264,NaU,2,187,hexagonal,0.56353,0.0,train
489,77639,JVASP-161732,Li6I3N,10,87,tetragonal,-1.04166,2.651,train
490,62209,JVASP-141640,Li4Mn5Co3O16,28,8,monoclinic,-1.78674,0.0,train
491,2458,JVASP-88858,UMo5O16,22,3,monoclinic,-2.34384,0.0,train
492,32267,JVASP-35059,PaP2,6,129,tetragonal,-1.10319,0.0,train
493,82805,JVASP-169659,Er2TlHg,4,225,cubic,-0.36312,0.0,train
494,79683,JVASP-169530,Mn7PbO12,20,204,cubic,-1.75593,0.0,train
495,48257,JVASP-106279,Ti3Nb,8,194,hexagonal,0.0755,0.0,train
496,78734,JVASP-166135,CeSn4Pd2,14,63,orthorhombic,-0.56015,0.0,train
497,71127,JVASP-151203,Sc2SiNi3,12,194,hexagonal,-0.74477,0.0,train
498,32679,JVASP-35869,ErZnGa,6,186,hexagonal,-0.595,0.0,train
499,58409,JVASP-128079,MgPt3,4,221,cubic,-0.63798,0.0,train
500,48320,JVASP-110499,InAgI2,4,123,tetragonal,-0.16266,0.0,train
501,10560,JVASP-94759,SrMg6Al,8,38,orthorhombic,-0.00181,0.0,train
502,78848,JVASP-176347,ZrB2Mo3C2,8,38,orthorhombic,-0.47181,0.0,train
503,2592,JVASP-97470,Si3N4,28,159,trigonal,-0.4503,1.431,train
504,25989,JVASP-50020,Ti3N2O3,16,63,orthorhombic,-2.51906,1.483,train
505,85823,JVASP-167981,TbAl2Au2,10,129,tetragonal,-0.76907,0.0,train
506,89958,JVASP-191158,LiZnSiNi,4,216,cubic,-0.32083,0.0,train
507,24047,JVASP-47838,Li3Ti2Fe3O10,18,2,triclinic,-2.20297,0.0,train
508,41029,JVASP-17774,Tb2In,6,194,hexagonal,-0.36216,0.0,train
509,87210,JVASP-176242,La4B2N5,11,12,monoclinic,-1.55749,0.0,train
510,7708,JVASP-73741,CaHfBe2,4,225,cubic,0.32106,0.0,train
511,48660,JVASP-114200,AgPS4,6,82,tetragonal,-0.01375,0.0,train
512,8619,JVASP-75853,NaRe2As,4,216,cubic,0.57755,0.0,train
513,8152,JVASP-91597,UInPt2,8,194,hexagonal,-0.49116,0.0,train
514,84717,JVASP-167951,Ca2GePd2,10,43,orthorhombic,-0.85305,0.0,train
515,11498,JVASP-1375,Li3N,4,191,hexagonal,-0.52731,1.292,train
516,82378,JVASP-176814,SiO2,24,120,tetragonal,-2.87218,5.646,train
517,14413,JVASP-92675,PdN2Cl2,5,1,triclinic,0.83209,0.0,train
518,35601,JVASP-38880,Hf2MnRh,4,225,cubic,-0.56911,0.0,train
519,8854,JVASP-67896,KBeNi2,4,119,tetragonal,0.96696,0.0,train
520,6239,JVASP-18658,TmCd3,8,63,orthorhombic,-0.27526,0.0,train
521,7161,JVASP-63282,Yb4As3,14,220,cubic,-1.26717,0.0,train
522,60879,JVASP-144660,Na5SrNbAs4,22,9,monoclinic,-0.69219,1.176,train
523,3585,JVASP-86060,TaBe12,13,139,tetragonal,-0.13381,0.0,train
524,10160,JVASP-71822,HfBeBi,3,156,trigonal,0.49126,0.0,train
525,85599,JVASP-170433,SmAl9Fe3,13,12,monoclinic,-0.40339,0.0,train
526,34035,JVASP-42059,PrSnAu2,4,225,cubic,-0.72404,0.0,train
527,25685,JVASP-24650,BaHgS2,16,26,orthorhombic,-1.20499,1.157,train
528,32503,JVASP-23827,YbCoB4,24,55,orthorhombic,-0.48814,0.0,train
529,21514,JVASP-43362,Li2Fe3TeO8,28,156,trigonal,-1.51461,0.0,train
530,26106,JVASP-55532,PbSO3,20,62,orthorhombic,-1.40332,4.006,train
531,29475,JVASP-36286,LiCdAs,3,216,cubic,-0.25538,0.0,train
532,1642,JVASP-64928,BeNi4Rh,6,216,cubic,0.14654,0.0,train
533,92908,JVASP-187420,LiScAlNi,4,216,cubic,-0.50547,0.0,train
534,7988,JVASP-68265,MnBeRe2,4,119,tetragonal,0.1103,0.0,train
535,8929,JVASP-67897,BeCrGe2,4,119,tetragonal,0.30169,0.0,train
536,18123,JVASP-101525,CuBr2,3,123,tetragonal,-0.09403,0.0,train
537,26706,JVASP-78703,HfNiSn,3,187,hexagonal,-0.35887,0.0,train
538,65412,JVASP-141283,Cu3Bi2P2O14,21,12,monoclinic,-1.15719,0.0,train
539,87818,JVASP-167295,Na2SbPCO7,24,11,monoclinic,-1.94231,3.77,train
540,85687,JVASP-163556,PrGePt,24,59,orthorhombic,-1.10284,0.0,train
541,539,JVASP-97862,SiO2,48,55,orthorhombic,-2.87012,5.621,train
542,48171,JVASP-106267,Nd2TlCd,4,225,cubic,-0.38948,0.0,train
543,84640,JVASP-175361,CuH6N3F,11,8,monoclinic,-0.20214,0.0,train
544,55334,JVASP-123649,CSe2,3,12,monoclinic,0.72093,1.807,train
545,14408,JVASP-99003,CeBPt4,12,191,hexagonal,-0.75278,0.0,train
546,2057,JVASP-97532,Ba2ZnH6O6,30,14,monoclinic,-1.13093,3.028,train
547,49915,JVASP-112793,Ca3MnCoO6,22,15,monoclinic,-2.51916,0.316,train
548,64903,JVASP-136646,BiF2,3,10,monoclinic,-1.82447,0.0,train
549,38330,JVASP-37095,AgN,4,194,hexagonal,1.47196,0.0,train
550,86349,JVASP-161724,Rb3ErO3,28,14,monoclinic,-2.17897,2.212,train
551,25025,JVASP-31921,NO2,18,199,cubic,0.0131,0.754,train
552,62449,JVASP-133164,RbBi2Br7,20,2,triclinic,-0.98761,2.686,train
553,65702,JVASP-134495,TlCd2Se2,5,139,tetragonal,-0.27179,0.0,train
554,61984,JVASP-133154,Pr5Ir2,14,15,monoclinic,-0.54417,0.0,train
555,77446,JVASP-121382,Tb6RuBr10,17,2,triclinic,-1.61846,0.0,train
556,87252,JVASP-170474,NbVSi4,18,3,monoclinic,-0.35424,0.0,train
557,46201,JVASP-17641,CaMnGe,6,129,tetragonal,-0.36286,0.0,train
558,51326,JVASP-109715,Mn4VSe5,10,166,trigonal,-0.31832,0.0,train
559,39144,JVASP-18389,ZrH2,3,225,cubic,-0.58483,0.0,train
560,30662,JVASP-36205,TmTlTe2,4,166,trigonal,-1.05942,0.711,train
561,90098,JVASP-191874,Hf3FeTc2,6,123,tetragonal,-0.4595,0.0,train
562,2931,JVASP-98653,PdAu2F8,22,14,monoclinic,-1.15286,0.513,train
563,31259,JVASP-23312,LiNi2P3O10,32,11,monoclinic,-1.84509,0.0,train
564,10342,JVASP-71112,Y2BeSe,4,123,tetragonal,-0.83733,0.0,train
565,87998,JVASP-173910,Hf4CN3,8,166,trigonal,-1.73391,0.0,train
566,35331,JVASP-15916,PuSi2,3,191,hexagonal,-0.5058,0.0,train
567,10519,JVASP-60627,UTe3,8,63,orthorhombic,-0.54021,0.0,train
568,69863,JVASP-151160,ZrAs2,6,71,orthorhombic,-0.50206,0.0,train
569,51665,JVASP-113742,CaSbAu,3,187,hexagonal,-0.29366,0.0,train
570,31059,JVASP-36509,Cd5S4Cl2,22,15,monoclinic,-0.70819,1.681,train
571,30554,JVASP-21808,Mn2Nb,12,194,hexagonal,-0.13773,0.0,train
572,517,JVASP-97341,Ca5P12Ir19,36,189,hexagonal,-0.70766,0.0,train
573,18824,JVASP-103678,TiCu2Sn,4,123,tetragonal,-0.01048,0.0,train
574,12885,JVASP-15704,CaMn2P2,5,164,trigonal,-0.71521,0.0,train
575,69759,JVASP-147334,KAlNiF6,18,74,orthorhombic,-2.96663,1.17,train
576,220,JVASP-88121,TbB3O6,40,14,monoclinic,-2.94556,5.39,train
577,76349,JVASP-161301,Er2RhAu,4,225,cubic,-0.93066,0.0,train
578,12237,JVASP-72001,BeGe2P,4,139,tetragonal,0.57155,0.0,train
579,45642,JVASP-20529,NbRh,2,123,tetragonal,-0.40959,0.0,train
580,45207,JVASP-109679,TeI4,5,12,monoclinic,-0.05491,0.462,train
581,65204,JVASP-138014,Ba2P,3,166,trigonal,-0.92102,0.0,train
582,25777,JVASP-9406,RbAuF4,12,140,tetragonal,-1.87127,2.496,train
583,74555,JVASP-145954,LiV4CuO12,18,1,triclinic,-2.11866,0.256,train
584,12953,JVASP-74872,BeMo2Pt,4,123,tetragonal,0.20853,0.0,train
585,37239,JVASP-39358,PaBi3,8,194,hexagonal,-0.11364,0.0,train
586,20272,JVASP-22606,MnSnF6,8,148,trigonal,-2.25009,0.0,train
587,89365,JVASP-165875,LiMg,6,8,monoclinic,-0.06523,0.0,train
588,54213,JVASP-117629,BaSiTe2,4,99,tetragonal,-0.65944,0.62,train
589,86872,JVASP-163593,ZrRh,8,63,orthorhombic,-0.86151,0.0,train
590,78951,JVASP-173569,Tm5Re2C7,14,65,orthorhombic,-0.51816,0.0,train
591,35297,JVASP-38230,Rb3Mg,4,139,tetragonal,0.09577,0.0,train
592,23945,JVASP-51802,RbPH2O4,16,11,monoclinic,-1.87981,5.502,train
593,87711,JVASP-162062,Rb3Au3Cl8,28,15,monoclinic,-1.12199,0.488,train
594,62378,JVASP-141644,LiMn2O4,28,186,hexagonal,-1.99104,0.0,train
595,6025,JVASP-86810,Rb3Bi,8,194,hexagonal,-0.42597,0.0,train
596,37879,JVASP-37930,BeIn3,4,139,tetragonal,0.44576,0.0,train
597,91014,JVASP-189810,Zr2CuTc,4,123,tetragonal,-0.34594,0.0,train
598,56894,JVASP-128664,KN3,4,38,orthorhombic,0.6571,0.055,train
599,75920,JVASP-156414,HgBiPb,3,216,cubic,0.17721,0.0,train
600,53401,JVASP-117553,BaRuCl,3,99,tetragonal,0.63897,0.0,train
601,8295,JVASP-75525,Zn2AsIr,4,216,cubic,0.14754,0.0,train
602,10578,JVASP-92313,SrMg,4,12,monoclinic,-0.06043,0.0,train
603,83064,JVASP-170019,ZnGaCuSe3,6,8,monoclinic,-0.55798,0.005,train
604,85287,JVASP-178078,TbNa3Br6,20,14,monoclinic,-1.80012,4.279,train
605,52144,JVASP-112342,TiNi4GeO8,14,216,cubic,-1.51292,0.409,train
606,28385,JVASP-79452,IrN,4,131,tetragonal,0.45342,0.0,train
607,38480,JVASP-45931,Li3TiCo3O8,15,166,trigonal,-1.91097,0.635,train
608,9561,JVASP-91842,LaCoPO,8,129,tetragonal,-2.1046,0.0,train
609,27271,JVASP-79261,CrAs,4,194,hexagonal,-0.13438,0.0,train
610,19026,JVASP-102659,TiVSe4,6,10,monoclinic,-0.9374,0.0,train
611,22964,JVASP-8471,UGe2Rh2,5,139,tetragonal,-0.5078,0.0,train
612,35028,JVASP-39280,LuAl3C3,14,194,hexagonal,-0.48781,0.273,train
613,39024,JVASP-9155,Ge3N4,14,227,cubic,-0.02025,1.998,train
614,21352,JVASP-107197,MgPt5,6,189,hexagonal,-0.35446,0.0,train
615,55804,JVASP-123265,YbEr3,4,164,trigonal,0.04738,0.0,train
616,66829,JVASP-143148,NaCdPO4,28,62,orthorhombic,-2.12134,3.012,train
617,44471,JVASP-108762,LaPrC4,6,123,tetragonal,-0.30582,0.0,train
618,34036,JVASP-54475,ScCoC2,8,129,tetragonal,-0.41345,0.0,train
619,50142,JVASP-112864,NaFeBO3,12,15,monoclinic,-1.89938,0.0,train
620,82612,JVASP-183299,MnSi2Rh,4,225,cubic,-0.36094,0.0,train
621,33551,JVASP-25812,CoPtF6,8,148,trigonal,-1.53561,0.493,train
622,70487,JVASP-111588,Co3O4F2,18,12,monoclinic,-1.31512,0.0,train
623,22772,JVASP-58479,ZnFe2S4,14,227,cubic,-0.55263,0.0,train
624,58757,JVASP-128204,TcRu,2,187,hexagonal,-0.07006,0.0,train
625,15622,JVASP-100273,TbSnIr,9,189,hexagonal,-0.88259,0.0,train
626,65194,JVASP-137187,ZnSbAs,3,99,tetragonal,0.14503,0.0,train
627,603,JVASP-63959,Ba4GaGe,6,216,cubic,0.3934,0.0,train
628,79992,JVASP-162927,PrGa5Fe,7,123,tetragonal,-0.37287,0.0,train
629,25064,JVASP-11384,Cu2GeS3,12,9,monoclinic,-0.38063,0.13,train
630,47120,JVASP-41389,TmGaRh2,4,225,cubic,-0.88367,0.0,train
631,73297,JVASP-151876,AlPO4,12,186,hexagonal,-2.73297,5.165,train
632,16695,JVASP-100790,TiInPd2,4,123,tetragonal,-0.53814,0.0,train
633,33081,JVASP-39705,YbCdHg2,4,225,cubic,-0.36444,0.0,train
634,33268,JVASP-23902,Si3Bi4O12,38,220,cubic,-2.15677,4.129,train
635,3745,JVASP-63191,LiBC,6,194,hexagonal,-0.47022,1.305,train
636,57666,JVASP-127616,ZnF3,4,12,monoclinic,-1.52499,0.243,train
637,91159,JVASP-193732,HfTc2W,4,225,cubic,-0.22033,0.0,train
638,53220,JVASP-116876,Li6MnFe2O6,30,12,monoclinic,-1.71499,0.0,train
639,87856,JVASP-173468,Nb2B3,10,63,orthorhombic,-0.7032,0.0,train
640,17137,JVASP-99693,K2NaTlBr6,10,225,cubic,-1.20912,0.823,train
641,52169,JVASP-117400,Li2CrO2,5,71,orthorhombic,-1.9158,0.0,train
642,28166,JVASP-81729,Ga2RuPt,4,71,orthorhombic,-0.37569,0.0,train
643,27476,JVASP-78735,USe,2,225,cubic,-1.00607,0.0,train
644,45061,JVASP-109117,GaAg3F6,10,225,cubic,-1.65232,0.0,train
645,63218,JVASP-124548,BrO7,8,1,triclinic,0.42646,0.0,train
646,65510,JVASP-134209,TiBiO3,5,160,trigonal,-2.20065,0.0,train
647,56886,JVASP-125853,K3Ir,4,221,cubic,0.6439,0.0,train
648,85214,JVASP-171136,Tm2Ge5Rh3,20,15,monoclinic,-0.71404,0.0,train
649,87866,JVASP-175861,La3Si6N11,40,100,tetragonal,-1.44526,3.182,train
650,92801,JVASP-189463,RuN2,3,191,hexagonal,0.12427,0.0,train
651,22129,JVASP-106649,ScIn2,6,65,orthorhombic,-0.37776,0.0,train
652,44640,JVASP-109331,YSi2Ni,8,63,orthorhombic,-0.81938,0.0,train
653,90153,JVASP-194865,NbCuNi6,8,187,hexagonal,-0.12929,0.0,train
654,54643,JVASP-117985,CaPN,3,99,tetragonal,0.08132,0.0,train
655,35189,JVASP-20292,NdF3,24,165,trigonal,-4.32322,7.808,train
656,49838,JVASP-112768,NaV4Cd3O12,20,6,monoclinic,-2.10786,0.0,train
657,58701,JVASP-126674,TmPd,2,187,hexagonal,-0.76886,0.0,train
658,80739,JVASP-177388,Ho6Ni2Sn,18,71,orthorhombic,-0.45529,0.0,train
659,80681,JVASP-177387,LuB4Rh4,18,137,tetragonal,-0.56486,0.0,train
660,12625,JVASP-74458,Be2CoIr,4,119,tetragonal,-0.20685,0.0,train
661,24667,JVASP-52321,Nb3O7F,11,65,orthorhombic,-2.76459,1.587,train
662,32569,JVASP-35932,Li3NdSb2,6,164,trigonal,-0.89171,0.0,train
663,57985,JVASP-126473,GaPd3,4,221,cubic,-0.43236,0.0,train
664,23826,JVASP-24907,Sr2Fe2Se2OF2,9,139,tetragonal,-2.13083,0.0,train
665,63390,JVASP-134142,BeSe2,3,1,triclinic,-0.38266,0.505,train
666,69489,JVASP-146199,Ba2CaSm2Ti3Cu2O14,24,123,tetragonal,-2.9604,0.0,train
667,55354,JVASP-123658,DySe2,3,12,monoclinic,-1.41825,0.0,train
668,85699,JVASP-183821,ZrTlCu,3,216,cubic,-0.07033,0.0,train
669,36657,JVASP-20305,DyAl,16,57,orthorhombic,-0.44364,0.0,train
670,6622,JVASP-67920,Sc2BeRu,4,119,tetragonal,-0.16326,0.0,train
671,61422,JVASP-134079,Be2I,3,191,hexagonal,1.24777,0.0,train
672,37632,JVASP-40743,HfNiSn,3,216,cubic,-0.64306,0.375,train
673,35240,JVASP-37213,Si3H,4,225,cubic,0.73101,0.0,train
674,5542,JVASP-66195,Ba4ZrPt,6,216,cubic,0.84133,0.0,train
675,80118,JVASP-164422,Np3As4,14,220,cubic,-0.66903,0.0,train
676,19640,JVASP-101147,MnGaCu2Se4,8,82,tetragonal,-0.39352,0.0,train
677,3273,JVASP-65397,BaVSi2,4,123,tetragonal,-0.07301,0.0,train
678,58188,JVASP-127994,Nd3Nb,4,164,trigonal,0.35499,0.0,train
679,25440,JVASP-9781,Sr2GaSbO6,10,87,tetragonal,-2.42767,1.483,train
680,79208,JVASP-176729,ErSeClO3,24,62,orthorhombic,-2.16291,4.246,train
681,85746,JVASP-163239,BaSm2O4,28,62,orthorhombic,-3.453,3.197,train
682,58937,JVASP-129628,TbSc,2,187,hexagonal,0.04821,0.0,train
683,64690,JVASP-133963,BaTiO3,5,160,trigonal,-3.37062,2.325,train
684,32776,JVASP-39822,TiZnCo2,4,225,cubic,-0.38207,0.0,train
685,13446,JVASP-105670,Rb2AgMoI6,10,225,cubic,-0.69211,0.278,train
686,88105,JVASP-163640,Ti2Sn3,20,64,orthorhombic,-0.30398,0.0,train
687,64152,JVASP-133947,BaSnO,3,99,tetragonal,-0.79071,0.0,train
688,72788,JVASP-153859,Li6PClO5,13,216,cubic,-2.37739,5.557,train
689,68200,JVASP-133656,LiV3O8,24,6,monoclinic,-2.4101,1.418,train
690,35129,JVASP-35490,TlSiPt5,7,123,tetragonal,-0.2955,0.0,train
691,69678,JVASP-145806,Tm5Ni2Bi,16,140,tetragonal,-0.52025,0.0,train
692,47386,JVASP-58931,MnInBr3,20,62,orthorhombic,-0.77124,1.389,train
693,26632,JVASP-78435,CaNi,2,221,cubic,-0.11966,0.0,train
694,69432,JVASP-154520,ErB2Os,16,62,orthorhombic,-0.61657,0.0,train
695,60648,JVASP-100466,Li2VNiO4,8,10,monoclinic,-2.01794,0.0,train
696,64630,JVASP-136919,LiCl2,3,47,orthorhombic,-1.07655,0.0,train
697,89673,JVASP-189509,TiCo2B2,5,139,tetragonal,-0.60933,0.0,train
698,32921,JVASP-56268,HfCr2,12,194,hexagonal,-0.09451,0.0,train
699,74988,JVASP-154882,BaH2C2O5,20,12,monoclinic,-1.66469,3.16,train
700,27561,JVASP-79950,YPaRu2,4,225,cubic,-0.44702,0.0,train
701,79846,JVASP-184451,ScZn2Ni,4,225,cubic,-0.35869,0.0,train
702,28185,JVASP-36181,CdN,4,194,hexagonal,1.01803,0.0,train
703,84003,JVASP-179935,VCuSe2,4,99,tetragonal,-0.26211,0.0,train
704,30917,JVASP-36506,Ba3BiAs,5,221,cubic,-0.33329,0.0,train
705,92119,JVASP-191546,Sc2CBr,4,166,trigonal,-1.14577,0.0,train
706,93485,JVASP-187320,ScAlGa,3,187,hexagonal,-0.55367,0.0,train
707,56240,JVASP-126894,HfAu3,4,221,cubic,-0.23938,0.0,train
708,41369,JVASP-17819,PuSi2Cu2,5,139,tetragonal,-0.07225,0.0,train
709,49236,JVASP-116267,LiH2,3,65,orthorhombic,0.13485,0.0,train
710,80183,JVASP-186499,GaGeO2,4,99,tetragonal,-0.99393,0.0,train
711,92042,JVASP-192256,HfNi4Au,6,216,cubic,-0.48126,0.0,train
712,48861,JVASP-114340,MgSiN,3,25,orthorhombic,-0.12182,0.0,train
713,64593,JVASP-139067,SrMgH,3,187,hexagonal,0.56887,0.0,train
714,7883,JVASP-67017,CaBeSb,3,107,tetragonal,-0.04732,0.0,train
715,9133,JVASP-91937,PrSb2Au,8,129,tetragonal,-0.71971,0.0,train
716,40114,JVASP-30189,TmBrO,6,59,orthorhombic,-3.09072,4.553,train
717,7246,JVASP-14707,DyNi2,6,227,cubic,-0.50563,0.0,train
718,66888,JVASP-136996,Mg2P,3,12,monoclinic,-0.44455,0.0,train
719,75755,JVASP-156060,ZrCo2Ge2,5,139,tetragonal,-0.47645,0.0,train
720,2146,JVASP-92212,Zr3Co,8,63,orthorhombic,-0.25245,0.0,train
721,7526,JVASP-68682,TaBe2Ir2,5,139,tetragonal,-0.38627,0.0,train
722,6426,JVASP-43562,Li2FeO2F,24,15,monoclinic,-2.0926,0.052,train
723,85733,JVASP-186230,HfCoGe,3,187,hexagonal,-0.56012,0.0,train
724,74951,JVASP-152923,UCu2P2O10,15,12,monoclinic,-2.12492,0.005,train
725,49455,JVASP-111960,V2FeO6,18,15,monoclinic,-2.17904,0.0,train
726,68664,JVASP-99888,La2CdNi2,5,65,orthorhombic,-0.45343,0.0,train
727,89079,JVASP-172197,LiMnPO5,16,2,triclinic,-2.1585,0.306,train
728,36689,JVASP-9195,CaCoO2,16,1,triclinic,-1.91915,0.0,train
729,89828,JVASP-189786,Li4CaMg,6,216,cubic,-0.07687,0.0,train
730,25980,JVASP-30671,AlSbO3,30,185,hexagonal,-1.96864,1.299,train
731,47565,JVASP-10866,Ho2HgO4,14,12,monoclinic,-2.83307,2.199,train
732,19747,JVASP-104964,ErUTe4,6,44,orthorhombic,-0.97815,0.0,train
733,84935,JVASP-178918,Hf2Ru,3,164,trigonal,-0.37342,0.0,train
734,46482,JVASP-11392,Na3AuS2,12,167,trigonal,-1.00699,2.436,train
735,87069,JVASP-178581,Ba3SrCa2Mo2O12,20,115,tetragonal,-2.95796,2.075,train
736,8864,JVASP-88495,SrMnO3,20,20,orthorhombic,-2.50847,0.58,train
737,62173,JVASP-135759,MnBO4,6,119,tetragonal,-1.39087,0.0,train
738,51737,JVASP-113780,InBi3,4,21,orthorhombic,0.04294,0.0,train
739,9899,JVASP-71070,Na2BeBi,4,99,tetragonal,0.25791,0.0,train
740,68096,JVASP-133811,SrBS,3,187,hexagonal,0.59942,0.0,train
741,65247,JVASP-138015,BaP2,3,47,orthorhombic,0.03993,0.0,train
742,75241,JVASP-148222,ErTiClO3,12,12,monoclinic,-3.31241,3.148,train
743,65497,JVASP-139087,LiAlF2,4,166,trigonal,-2.72594,0.03,train
744,61681,JVASP-123214,Er3Kr,4,164,trigonal,0.35543,0.0,train
745,85398,JVASP-186756,Ca2Ni3As,6,166,trigonal,-0.46709,0.0,train
746,42527,JVASP-21005,PrPO4,24,14,monoclinic,-3.15421,5.777,train
747,50372,JVASP-115218,MgMoO3,5,8,monoclinic,-2.08336,0.0,train
748,33485,JVASP-41948,Rb2Zr2O5,9,123,tetragonal,-2.93267,1.885,train
749,88655,JVASP-170511,Mn3CdTe4,8,160,trigonal,-0.0575,0.0,train
750,13028,JVASP-19905,Hg4Pt,5,229,cubic,0.15092,0.0,train
751,35745,JVASP-40594,RbBaTaS4,28,62,orthorhombic,-1.63518,2.458,train
752,32667,JVASP-41580,Pm2SnAu,4,225,cubic,-0.75927,0.0,train
753,73303,JVASP-152661,ZrOs2,12,194,hexagonal,-0.43472,0.0,train
754,25731,JVASP-54992,YbHgPb,6,194,hexagonal,-0.33185,0.0,train
755,70273,JVASP-154766,GdAl3B4O12,20,155,trigonal,-3.1264,2.824,train
756,51551,JVASP-117144,RbSO4,12,141,tetragonal,-1.5102,0.0,train
757,1852,JVASP-85374,Te2Pd3Pb2,14,59,orthorhombic,-0.35158,0.0,train
758,3754,JVASP-65288,BePb4W,6,216,cubic,1.39244,0.0,train
759,938,JVASP-48170,FeOF,18,10,monoclinic,-1.70084,0.0,train
760,27345,JVASP-58363,LiY2Si2,10,127,tetragonal,-0.67616,0.0,train
761,49033,JVASP-111676,TbGaPd2,16,62,orthorhombic,-0.89244,0.0,train
762,82668,JVASP-186625,HfV2Si2,5,139,tetragonal,-0.50666,0.0,train
763,65164,JVASP-134777,Mg2TiF,4,123,tetragonal,-0.8768,0.0,train
764,70062,JVASP-150046,YAu3,8,59,orthorhombic,-0.80295,0.0,train
765,2324,JVASP-65151,BeNb4W,6,216,cubic,0.57744,0.0,train
766,57824,JVASP-126429,SmPb3,4,221,cubic,-0.36786,0.0,train
767,73624,JVASP-150853,Sr2CuWO6,10,87,tetragonal,-2.44618,0.0,train
768,7314,JVASP-43984,Li2AlFeO4,16,31,orthorhombic,-2.33256,1.419,train
769,68285,JVASP-154691,Tb5Sb3,16,193,hexagonal,-0.9451,0.0,train
770,84394,JVASP-166332,La3ReCl3O6,26,176,hexagonal,-2.92138,0.532,train
771,88901,JVASP-176652,Ho4C5,18,55,orthorhombic,-0.46931,0.0,train
772,85421,JVASP-180340,SrCd2Ag,4,225,cubic,-0.2387,0.0,train
773,89376,JVASP-178255,ZnIn3Au12,16,25,orthorhombic,-0.11867,0.0,train
774,72459,JVASP-149350,LaCo5,6,191,hexagonal,-0.06529,0.0,train
775,73611,JVASP-150377,ErSnPt,9,189,hexagonal,-1.11162,0.0,train
776,89214,JVASP-176668,Tb2Si3Rh,24,194,hexagonal,-0.90547,0.0,train
777,59335,JVASP-137371,MnNb2Zn2O8,26,15,monoclinic,-2.09271,0.0,train
778,62864,JVASP-135538,Na3P,4,191,hexagonal,0.06915,0.0,train
779,54319,JVASP-117729,TlBiF,3,99,tetragonal,-0.84285,0.0,train
780,36413,JVASP-25311,P,1,225,cubic,0.91233,0.0,train
781,45010,JVASP-109446,K2LiInCl6,10,225,cubic,-1.70396,2.842,train
782,32599,JVASP-20398,HoAg2,3,139,tetragonal,-0.36918,0.0,train
783,14980,JVASP-95603,KSiHO3,48,64,orthorhombic,-2.28478,5.052,train
784,52280,JVASP-118648,NaAlP,3,38,orthorhombic,-0.11934,0.0,train
785,63913,JVASP-137693,Be3Cu,12,160,trigonal,-0.16383,0.0,train
786,80392,JVASP-170984,MgMn4O8,13,216,cubic,-2.00194,0.0,train
787,26631,JVASP-78807,CaMg,2,123,tetragonal,-0.1132,0.0,train
788,39471,JVASP-45900,Li2FeC2O6,11,12,monoclinic,-1.55118,0.064,train
789,71202,JVASP-156220,YIn2Cu,8,63,orthorhombic,-0.35632,0.0,train
790,41962,JVASP-43380,AlVO3,20,62,orthorhombic,-2.75027,0.248,train
791,60122,JVASP-141371,InCl2,24,52,orthorhombic,-1.04413,2.443,train
792,74339,JVASP-153123,UAl8Cu4,13,139,tetragonal,-0.19571,0.0,train
793,9450,JVASP-75867,NaAsRu2,4,216,cubic,0.40786,0.0,train
794,27348,JVASP-79568,MnGaFe2,4,225,cubic,-0.06557,0.0,train
795,21882,JVASP-50224,Y2HgO4,14,227,cubic,-2.73373,1.328,train
796,49433,JVASP-116390,PbSeO2,4,99,tetragonal,-0.44576,0.0,train
797,49581,JVASP-114692,TlHC,3,187,hexagonal,2.10068,0.0,train
798,11927,JVASP-94381,YMg2,6,164,trigonal,0.02411,0.0,train
799,68801,JVASP-154288,Ba5Pb3,16,140,tetragonal,-0.63331,0.0,train
800,89911,JVASP-189516,K2H2Au,5,12,monoclinic,-0.25471,0.0,train
801,19273,JVASP-104151,H6C3O,10,1,triclinic,-0.24809,5.459,train
802,91492,JVASP-193522,La3N2,5,164,trigonal,-1.28061,0.0,train
803,23365,JVASP-48571,V2O3F2,14,2,triclinic,-2.69543,0.0,train
804,10456,JVASP-74344,ScBe2Tc,4,99,tetragonal,0.08437,0.0,train
805,16940,JVASP-57046,RbCo2S2,5,139,tetragonal,-0.71261,0.0,train
806,6963,JVASP-73083,BeTePd,3,187,hexagonal,0.01016,0.0,train
807,43794,JVASP-108591,Rb2ScHgBr6,10,225,cubic,-1.45809,0.0,train
808,1435,JVASP-64770,Ba4TiTe,6,216,cubic,0.38407,0.0,train
809,89131,JVASP-178222,Li3Mg5,8,229,cubic,-0.0932,0.0,train
810,7297,JVASP-68679,Be2CdCu,4,123,tetragonal,0.16311,0.0,train
811,29616,JVASP-36671,Bi2O3,5,115,tetragonal,-1.18412,0.114,train
812,78978,JVASP-186453,YSeF2,4,99,tetragonal,-2.54258,0.0,train
813,18188,JVASP-100404,Fe3Ge2,5,164,trigonal,0.03472,0.0,train
814,50780,JVASP-115486,BPbO2,4,166,trigonal,-1.47083,0.0,train
815,83037,JVASP-172603,Rb2CrBr2Cl2,7,139,tetragonal,-1.53295,0.0,train
816,12735,JVASP-92283,LaNi2Ge2,5,139,tetragonal,-0.70147,0.0,train
817,7348,JVASP-15816,ThSi2,3,191,hexagonal,-0.54015,0.0,train
818,19303,JVASP-103874,SnH10C10O4,25,2,triclinic,-0.34581,2.843,train
819,69994,JVASP-145817,ZrTiCuS4,14,74,orthorhombic,-1.362,0.0,train
820,16594,JVASP-50723,Li5CuF6,12,12,monoclinic,-2.74534,1.92,train
821,56607,JVASP-125735,Pa3Te,4,221,cubic,-0.40865,0.0,train
822,36825,JVASP-9876,Ca2AlBiO5,18,9,monoclinic,-2.63108,2.526,train
823,90997,JVASP-186983,Ti2AgW,4,123,tetragonal,0.07919,0.0,train
824,10336,JVASP-105969,U2Si3Ru,6,25,orthorhombic,-0.36568,0.0,train
825,53845,JVASP-120464,Th2Al4Si2Au3,11,65,orthorhombic,-0.70399,0.0,train
826,46916,JVASP-59852,YNi3Se2ClO8,30,59,orthorhombic,-1.36514,0.212,train
827,31536,JVASP-35135,Ce3ZrO8,24,15,monoclinic,-3.65382,2.08,train
828,35464,JVASP-37254,SmLuTl2,4,225,cubic,-0.32645,0.0,train
829,24221,JVASP-51311,BaTaB,3,216,cubic,1.4309,0.0,train
830,85728,JVASP-171155,K2NaDyCl6,10,225,cubic,-2.15984,4.999,train
831,24364,JVASP-350,ZrO2,6,137,tetragonal,-3.6739,4.03,train
832,24809,JVASP-8419,BaAlCuNiO5,9,99,tetragonal,-1.70364,0.0,train
833,93146,JVASP-190241,Zr2ScInC,5,123,tetragonal,-0.64417,0.0,train
834,84339,JVASP-184172,InTeO2,4,99,tetragonal,-0.66312,0.0,train
835,20089,JVASP-2586,Th2TeN2,5,139,tetragonal,-1.97825,1.673,train
836,3547,JVASP-85683,EuMg2H6,9,123,tetragonal,-0.33313,0.0,train
837,63453,JVASP-137961,BaInO3,5,221,cubic,-1.97602,0.0,train
838,38151,JVASP-29542,PbI2,12,186,hexagonal,-0.6599,2.249,train
839,71803,JVASP-153033,MnCr2S4,14,227,cubic,-0.74133,0.205,train
840,84257,JVASP-184657,Ta2TeO2,5,139,tetragonal,-1.39024,0.0,train
841,36787,JVASP-12769,Sn2OF2,10,12,monoclinic,-2.02179,2.642,train
842,75138,JVASP-152448,SbSBr,12,59,orthorhombic,-0.10896,0.941,train
843,30613,JVASP-36159,CrCu2Si,4,225,cubic,0.2128,0.0,train
844,74083,JVASP-153907,K2FeCuC6N6,16,225,cubic,-0.02157,0.0,train
845,84201,JVASP-170050,V3As2O9,14,12,monoclinic,-2.09266,0.0,train
846,33661,JVASP-41953,BeFe2Si,4,225,cubic,-0.35944,0.0,train
847,52457,JVASP-115730,RbSnBr,3,6,monoclinic,-0.51229,0.0,train
848,55083,JVASP-122544,Sn7As,8,215,cubic,0.02926,0.0,train
849,58203,JVASP-124313,XeCl3,4,12,monoclinic,0.17398,0.0,train
850,39148,JVASP-18306,RuCl3,8,193,hexagonal,-0.57079,0.0,train
851,66137,JVASP-138558,CuClO,3,187,hexagonal,0.36414,0.0,train
852,33911,JVASP-56272,TiSb,4,194,hexagonal,-0.17825,0.0,train
853,80436,JVASP-166648,GaMo4S8,13,216,cubic,-0.87766,0.0,train
854,89408,JVASP-178277,MnHg4S5,10,119,tetragonal,-0.09571,0.0,train
855,12262,JVASP-94254,HfMg6Zr,8,38,orthorhombic,0.09781,0.0,train
856,83532,JVASP-173268,NaClO4,6,121,tetragonal,-0.55099,5.867,train
857,18126,JVASP-103619,Na3Cd,4,139,tetragonal,-0.09533,0.0,train
858,19816,JVASP-105279,YHo3,8,194,hexagonal,0.0025,0.0,train
859,50637,JVASP-113048,Zr7V5N2,28,74,orthorhombic,-0.55606,0.0,train
860,33943,JVASP-41499,Zn3Pt,4,139,tetragonal,-0.37842,0.0,train
861,54198,JVASP-117615,BaZnO,3,187,hexagonal,-0.52062,0.296,train
862,17404,JVASP-102174,Ti3S2,5,155,trigonal,-1.01075,0.0,train
863,78035,JVASP-185355,Sn3Cl,4,225,cubic,-0.23845,0.0,train
864,50608,JVASP-115364,SrPS,3,99,tetragonal,-0.01498,0.0,train
865,84308,JVASP-176167,Zr5InPb3,18,193,hexagonal,-0.31657,0.0,train
866,37114,JVASP-12773,Li6Br3N,10,225,cubic,-1.17122,2.519,train
867,968,JVASP-98831,HgC2N2,20,122,tetragonal,0.61807,4.684,train
868,35172,JVASP-38493,Hf5Sc,6,189,hexagonal,-0.01784,0.0,train
869,34280,JVASP-22766,Tb2MgPd2,10,127,tetragonal,-0.80408,0.0,train
870,28017,JVASP-81544,BaNaTl2,4,166,trigonal,-0.31126,0.0,train
871,89182,JVASP-182449,Ba3GeO,5,221,cubic,-1.45392,0.0,train
872,51858,JVASP-114022,SF,2,187,hexagonal,0.09318,0.0,train
873,76566,JVASP-156579,LaFe2Ge2,5,139,tetragonal,-0.48862,0.0,train
874,25873,JVASP-56594,YbHg2,3,191,hexagonal,-0.37702,0.0,train
875,63477,JVASP-142260,Zr6Fe16Si7,29,225,cubic,-0.55013,0.0,train
876,81502,JVASP-186562,ZnGeO2,4,99,tetragonal,-1.10189,0.458,train
877,30456,JVASP-56093,LiInSn,3,216,cubic,-0.21672,0.0,train
878,83953,JVASP-171096,Tb3Ga8Au3,14,71,orthorhombic,-0.54277,0.0,train
879,79161,JVASP-180118,La3Cl2,5,123,tetragonal,-1.19171,0.0,train
880,1291,JVASP-63991,Ba4ZrTa,6,216,cubic,1.39704,0.0,train
881,88906,JVASP-169451,Mg2Cd,6,63,orthorhombic,-0.10444,0.0,train
882,4024,JVASP-86874,Nb2C,12,62,orthorhombic,-0.48502,0.0,train
883,25496,JVASP-30423,CoO2,6,166,trigonal,-0.98759,0.0,train
884,10598,JVASP-90927,Sr2AgSb,4,71,orthorhombic,0.85596,0.522,train
885,19766,JVASP-102776,Cr6C3N,10,12,monoclinic,-0.24911,0.0,train
886,16433,JVASP-96912,KSb2F7,40,14,monoclinic,-2.61182,4.189,train
887,51679,JVASP-111229,Rb2TaAgI6,10,225,cubic,-0.72712,0.0,train
888,77365,JVASP-158126,NaCd2Hg2,5,139,tetragonal,0.00096,0.0,train
889,34459,JVASP-37859,AsAu3,8,194,hexagonal,0.16418,0.0,train
890,18731,JVASP-104672,TmCuGe,3,187,hexagonal,-0.65343,0.0,train
891,12918,JVASP-74645,SrBe2Cu,4,216,cubic,0.60086,0.0,train
892,25897,JVASP-12064,VO2,6,1,triclinic,-2.34687,0.0,train
893,55504,JVASP-122934,VCo,2,221,cubic,-0.07474,0.0,train
894,85404,JVASP-176519,Ga3GePt8,12,6,monoclinic,-0.47882,0.0,train
895,88316,JVASP-185783,RbAuI,3,187,hexagonal,-0.51712,0.0,train
896,4819,JVASP-66653,Ba4HfPt,6,216,cubic,0.91988,0.0,train
897,21856,JVASP-104885,CeSiRu2C,10,63,orthorhombic,-0.5843,0.0,train
898,9917,JVASP-71138,Li2BeIn,4,99,tetragonal,0.07318,0.0,train
899,28343,JVASP-79450,KMnO2,4,12,monoclinic,-1.78588,0.992,train
900,83529,JVASP-165256,K2CuC2O6,22,43,orthorhombic,-1.56877,0.697,train
901,86772,JVASP-166403,Na4Si2PbSe6,13,5,monoclinic,-0.91516,2.186,train
902,43134,JVASP-38211,Rb3Pb,4,225,cubic,-0.09068,0.0,train
903,62477,JVASP-136573,AlBr3,4,187,hexagonal,-0.22878,0.0,train
904,37307,JVASP-37320,Sm3Dy,4,139,tetragonal,0.01073,0.0,train
905,27185,JVASP-50425,Er3TaO7,22,2,triclinic,-3.69818,3.551,train
906,9415,JVASP-85358,ZrGaPt,18,190,hexagonal,-0.98715,0.0,train
907,49422,JVASP-116386,SbPbO3,5,221,cubic,-1.28962,0.0,train
908,43052,JVASP-110229,KPO3,10,12,monoclinic,-2.13945,3.017,train
909,344,JVASP-90115,Zn2Ga2S5,9,160,trigonal,-0.6912,0.0,train
910,60715,JVASP-143704,NdMoO5,28,14,monoclinic,-2.60569,2.281,train
911,58364,JVASP-129361,LaNb,2,221,cubic,0.57695,0.0,train
912,38979,JVASP-18311,SmBi,2,225,cubic,-0.97474,0.0,train
913,78505,JVASP-184897,TlSiPt2,4,99,tetragonal,-0.11952,0.0,train
914,26280,JVASP-11778,NaV2O5,16,59,orthorhombic,-2.49698,0.077,train
915,84242,JVASP-177489,Sr4Zn3Si5,12,187,hexagonal,-0.47652,0.0,train
916,58668,JVASP-128161,RuI,2,187,hexagonal,1.13805,0.0,train
917,56236,JVASP-121412,BaScCuS3,12,63,orthorhombic,-1.77506,0.872,train
918,85936,JVASP-185689,Y2Zn,3,139,tetragonal,-0.27117,0.0,train
919,5296,JVASP-15004,TiO,2,225,cubic,-2.53006,0.0,train
920,87202,JVASP-183429,ScSiO,3,187,hexagonal,-1.51306,0.0,train
921,655,JVASP-42722,LiCoOF2,10,9,monoclinic,-2.01045,0.0,train
922,37245,JVASP-33819,DyBr3,8,194,hexagonal,-1.83846,2.537,train
923,46938,JVASP-59167,LiCoP2O7,22,1,triclinic,-1.96574,0.026,train
924,46160,JVASP-21452,YbRbF3,5,221,cubic,-3.86257,6.939,train
925,12647,JVASP-92330,ThCu2Si2,5,139,tetragonal,-0.52642,0.0,train
926,66317,JVASP-136412,SbClO,3,99,tetragonal,0.86148,0.0,train
927,78358,JVASP-179394,Rb2FeSe2,5,71,orthorhombic,-0.75707,0.0,train
928,32706,JVASP-29200,Te2Mo3WSe6,12,156,trigonal,-0.4887,0.581,train
929,66196,JVASP-142064,Li3Co2C4O12,21,1,triclinic,-1.47616,0.062,train
930,36548,JVASP-55029,Al2BiSe4,28,126,tetragonal,-0.7924,2.325,train
931,17069,JVASP-99417,Rb2LaAgCl6,10,225,cubic,-1.89486,3.454,train
932,70028,JVASP-155429,LiGeS2,8,121,tetragonal,-0.7458,0.861,train
933,45837,JVASP-26867,TiAsRh,12,62,orthorhombic,-0.82493,0.0,train
934,18080,JVASP-49752,SrO,4,194,hexagonal,-2.9335,3.078,train
935,30535,JVASP-37580,SrDy2S4,28,62,orthorhombic,-2.31511,1.786,train
936,51251,JVASP-107747,NaInSn4,6,97,tetragonal,0.03174,0.0,train
937,57527,JVASP-122413,HgNO4,24,14,monoclinic,-0.09323,0.0,train
938,65571,JVASP-136387,PClO2,4,99,tetragonal,-0.4457,0.898,train
939,27349,JVASP-79266,TmInAu2,4,225,cubic,-0.73152,0.0,train
940,29214,JVASP-49684,ZnCoO3,20,62,orthorhombic,-1.17771,0.0,train
941,9572,JVASP-70511,TaBe2Sb,4,99,tetragonal,0.36658,0.0,train
942,29542,JVASP-35776,BaC2,3,166,trigonal,-0.02786,1.466,train
943,39857,JVASP-52089,Er2Ru2O7,22,227,cubic,-2.41637,0.0,train
944,11948,JVASP-3807,TmIO,6,129,tetragonal,-2.91766,3.43,train
945,91509,JVASP-193996,Y2C,3,166,trigonal,-0.40561,0.0,train
946,41343,JVASP-51724,H4IN,12,129,tetragonal,-0.40596,3.792,train
947,93090,JVASP-193025,TiVCr,6,74,orthorhombic,-0.05132,0.0,train
948,81939,JVASP-183659,BeTeRh,3,216,cubic,-0.12616,0.0,train
949,23316,JVASP-10994,BaPdF4,12,140,tetragonal,-2.69926,1.406,train
950,78200,JVASP-162772,Zr6As2Ru,9,189,hexagonal,-0.74534,0.0,train
951,26369,JVASP-78529,Li2Te,3,225,cubic,-1.11191,2.605,train
952,22894,JVASP-8182,AlP,4,186,hexagonal,-0.74511,2.05,train
953,42440,JVASP-20154,Nd5Ge3,16,193,hexagonal,-0.72665,0.0,train
954,85270,JVASP-167964,LaFe2AsN,10,63,orthorhombic,-0.814,0.0,train
955,27597,JVASP-79528,K3Pd,4,221,cubic,0.10507,0.0,train
956,3589,JVASP-65403,BaFePd2,4,123,tetragonal,0.20963,0.0,train
957,133,JVASP-91653,Mg3In,8,194,hexagonal,-0.07756,0.0,train
958,9228,JVASP-91840,CuSnF6,8,148,trigonal,-2.17167,0.0,train
959,28862,JVASP-52134,H2O,6,102,tetragonal,-0.97597,5.72,train
960,40023,JVASP-85787,BaCaCO3,12,186,hexagonal,-1.84181,0.0,train
961,74335,JVASP-153921,Tb3Ge3Ru2,16,63,orthorhombic,-0.77568,0.0,train
962,54368,JVASP-120325,MgC2,3,65,orthorhombic,0.49688,0.0,train
963,86544,JVASP-184761,Sr2PPt,4,166,trigonal,-0.81074,0.0,train
964,26324,JVASP-78322,B,1,191,hexagonal,0.75634,0.0,train
965,32622,JVASP-41304,DyGa3,8,194,hexagonal,-0.52227,0.0,train
966,9808,JVASP-71248,BeReSi,3,156,trigonal,0.28042,0.0,train
967,27865,JVASP-79535,Sr2UNi,4,225,cubic,1.02593,0.0,train
968,24141,JVASP-7824,TmSbPt,3,216,cubic,-1.21386,0.0,train
969,49166,JVASP-111759,Y3SOF5,20,6,monoclinic,-3.96076,3.663,train
970,141,JVASP-63957,Ba4MgTc,6,216,cubic,1.08591,0.0,train
971,2251,JVASP-65223,K4BePd,6,216,cubic,0.76165,0.0,train
972,37598,JVASP-4237,GaBr3,16,14,monoclinic,-0.79354,2.982,train
973,87628,JVASP-168750,BaAl2Ga2,5,139,tetragonal,-0.45924,0.0,train
974,9078,JVASP-70504,SrMgBe,3,187,hexagonal,0.25907,0.0,train
975,58236,JVASP-126536,ZnPd3,4,221,cubic,-0.3079,0.0,train
976,72078,JVASP-152029,BaPb3,12,166,trigonal,-0.43713,0.0,train
977,78099,JVASP-178673,Hf2BeSe,4,119,tetragonal,-0.16478,0.0,train
978,38627,JVASP-37150,Nb3Fe,4,139,tetragonal,0.20404,0.0,train
979,58765,JVASP-124840,AlC3,4,187,hexagonal,1.73833,0.0,train
980,13521,JVASP-74794,Be2MoRh,4,99,tetragonal,-0.23807,0.0,train
981,4453,JVASP-66494,BaInBr,3,216,cubic,-0.62564,0.0,train
982,79504,JVASP-185412,Tl2Br,3,12,monoclinic,-0.43049,0.0,train
983,5632,JVASP-66402,BaCdTe,3,216,cubic,-0.87684,1.548,train
984,48844,JVASP-111410,CO2,6,136,tetragonal,-1.30537,6.711,train
985,42391,JVASP-49778,Ba4OF6,22,137,tetragonal,-3.78653,3.534,train
986,33347,JVASP-41193,MnCuPd2,4,225,cubic,-0.16846,0.0,train
987,13042,JVASP-18421,CuO,8,139,tetragonal,-0.07367,0.0,train
988,73539,JVASP-151072,Ca7Tl3N2,12,65,orthorhombic,-0.78094,0.0,train
989,68400,JVASP-154480,CaMgAsO4F,16,15,monoclinic,-2.68529,4.008,train
990,59357,JVASP-140393,NdNb4O12,17,38,orthorhombic,-2.73284,0.0,train
991,38868,JVASP-45864,Li3Fe2Ni2O8,15,12,monoclinic,-1.55351,0.0,train
992,2395,JVASP-87240,RbMgF3,30,194,hexagonal,-2.86543,2.312,train
993,50556,JVASP-112193,H3C2,60,2,triclinic,0.00682,5.47,train
994,11084,JVASP-93917,TbNi4Au,6,216,cubic,-0.42419,0.0,train
995,41928,JVASP-17721,MnSnPd2,4,225,cubic,-0.31506,0.0,train
996,51262,JVASP-107981,ScI3,8,194,hexagonal,-1.18083,1.216,train
997,51791,JVASP-111281,MgPb2,6,12,monoclinic,-0.02999,0.0,train
998,63161,JVASP-135284,LaCo,2,99,tetragonal,4.12537,0.0,train
999,68391,JVASP-155233,TiRh2S4,7,12,monoclinic,-0.81051,0.0,train
1000,41765,JVASP-18036,Y2In,6,194,hexagonal,-0.41042,0.0,train
1001,31291,JVASP-22552,NbSbRu,3,216,cubic,-0.36973,0.369,train
1002,19488,JVASP-4128,AcBrO,6,129,tetragonal,-3.19838,4.276,train
1003,71833,JVASP-146064,Ba2Pr2Co4O11,19,139,tetragonal,-2.19734,0.0,train
1004,67098,JVASP-133727,CdBO4,6,82,tetragonal,-0.92949,0.0,train
1005,41565,JVASP-17788,Ti2PbC,8,194,hexagonal,-0.61152,0.0,train
1006,88051,JVASP-172933,Ca3Al3N5,22,2,triclinic,-1.4226,2.919,train
1007,38671,JVASP-46914,Li4V3OF11,19,1,triclinic,-2.97976,0.186,train
1008,32784,JVASP-39823,Ti3Os,4,225,cubic,-0.37198,0.0,train
1009,78638,JVASP-181229,Ba2MgSe,4,225,cubic,-0.74521,0.0,train
1010,52884,JVASP-118998,Na2BiBAsO7,24,11,monoclinic,-1.69752,0.186,train
1011,33336,JVASP-41320,NaSrAu2,4,225,cubic,-0.67333,0.0,train
1012,25395,JVASP-12029,MnSbSe2I,10,12,monoclinic,-0.33641,0.518,train
1013,24534,JVASP-8827,Li3TaO4,8,139,tetragonal,-2.66224,1.57,train
1014,41821,JVASP-9153,IrN2,12,14,monoclinic,0.30707,0.466,train
1015,84187,JVASP-165274,La2TeI2,5,166,trigonal,-1.55228,0.0,train
1016,51207,JVASP-107358,CeY4Zn5,10,123,tetragonal,-0.38973,0.0,train
1017,49484,JVASP-114640,BePRu,3,99,tetragonal,0.5871,0.0,train
1018,10167,JVASP-92641,K2PdC2,5,164,trigonal,-0.08417,1.665,train
1019,7155,JVASP-18837,MnInPd2,4,225,cubic,-0.31454,0.0,train
1020,47007,JVASP-21485,SmF3,16,62,orthorhombic,-4.34266,8.037,train
1021,20000,JVASP-104587,LiGe2Ir,4,225,cubic,-0.32952,0.0,train
1022,30955,JVASP-35452,Ce2AlNO3,7,107,tetragonal,-2.96026,0.0,train
1023,45422,JVASP-21211,Se,3,152,trigonal,0.0,0.898,train
1024,70006,JVASP-155616,YGe2Os2,5,139,tetragonal,-0.39187,0.0,train
1025,80996,JVASP-179481,HfAl2Rh,4,225,cubic,-0.4196,0.0,train
1026,20933,JVASP-104760,BaNdFe2O6,10,225,cubic,-2.35808,0.0,train
1027,58588,JVASP-124673,NaSb5,6,164,trigonal,-0.03137,0.0,train
1028,74745,JVASP-152908,CdIn2O4,14,227,cubic,-1.5936,0.93,train
1029,81902,JVASP-184528,ZrPO,3,187,hexagonal,-0.42888,0.0,train
1030,78179,JVASP-176321,Dy4MgIr,24,216,cubic,-0.47281,0.0,train
1031,55561,JVASP-123773,HfTl,2,187,hexagonal,0.12924,0.0,train
1032,85775,JVASP-169007,Li3MnCoNiO6,12,5,monoclinic,-1.78512,0.632,train
1033,49207,JVASP-114501,LaBO3,5,221,cubic,-2.44889,1.929,train
1034,80578,JVASP-180500,MnVCr2,4,99,tetragonal,-0.10843,0.0,train
1035,29025,JVASP-34347,BaFeF4,12,36,orthorhombic,-3.04634,0.0,train
1036,32337,JVASP-23446,CuSO4,24,62,orthorhombic,-1.09532,0.0,train
1037,77164,JVASP-158638,CeCdAu,9,189,hexagonal,-0.58799,0.0,train
1038,33250,JVASP-23900,RbVCl3,10,194,hexagonal,-1.47025,0.0,train
1039,87714,JVASP-163926,Pr3Si2,10,127,tetragonal,-0.63263,0.0,train
1040,35368,JVASP-16444,HoAu,2,221,cubic,-0.94261,0.0,train
1041,43641,JVASP-108148,Ce2ZrO6,9,71,orthorhombic,-3.66845,1.921,train
1042,71344,JVASP-150083,UHg3,8,194,hexagonal,0.30368,0.0,train
1043,45432,JVASP-35955,MgIn2Se4,14,227,cubic,-0.73977,0.789,train
1044,89418,JVASP-188052,Zr3AgO,5,221,cubic,-1.16174,0.0,train
1045,53456,JVASP-119607,Li2OsO6,18,15,monoclinic,-1.11967,0.7,train
1046,85781,JVASP-182693,VCO3,5,8,monoclinic,-1.4066,0.216,train
1047,44065,JVASP-109687,SrTaNO2,5,25,orthorhombic,-2.6033,0.807,train
1048,6137,JVASP-42597,LiVF4,6,12,monoclinic,-2.96304,1.21,train
1049,8376,JVASP-68460,BePIr,3,156,trigonal,-0.05809,0.0,train
1050,1832,JVASP-64421,Ba4MgNb,6,216,cubic,0.90407,0.0,train
1051,48760,JVASP-106286,LaNi3B,10,74,orthorhombic,-0.47605,0.0,train
1052,26304,JVASP-78485,TbPd2,3,139,tetragonal,-0.63931,0.0,train
1053,6166,JVASP-66681,Ba4GeSe,6,216,cubic,0.05178,0.0,train
1054,74577,JVASP-148142,Li7Mn2Co3O12,24,12,monoclinic,-1.85487,0.0,train
1055,51437,JVASP-117102,LiV6O7F5,19,1,triclinic,-2.62586,0.0,train
1056,52519,JVASP-115826,CdSF,6,129,tetragonal,-1.06618,0.0,train
1057,92074,JVASP-187612,Cr2CoTcH,5,123,tetragonal,0.04474,0.0,train
1058,77747,JVASP-159354,Y6CoI10,17,2,triclinic,-1.28906,0.0,train
1059,93187,JVASP-190730,Sc2SbP,4,166,trigonal,-1.27708,0.0,train
1060,36562,JVASP-38253,Rb3Ca,4,139,tetragonal,0.14893,0.0,train
1061,70519,JVASP-154953,BaVS3,10,36,orthorhombic,-1.54587,0.0,train
1062,35679,JVASP-38916,Pr2CdPb,4,225,cubic,-0.47541,0.0,train
1063,50363,JVASP-115215,LiSi,2,123,tetragonal,0.2366,0.0,train
1064,52879,JVASP-118253,MnInF2,4,99,tetragonal,-1.4675,0.0,train
1065,32873,JVASP-13971,Nd2O3,5,191,hexagonal,-3.31367,1.577,train
1066,8910,JVASP-70842,LiSc2Be,4,99,tetragonal,0.16846,0.0,train
1067,57993,JVASP-127804,YCd,2,187,hexagonal,-0.15175,0.0,train
1068,68566,JVASP-152535,BiRhSe,12,198,cubic,-0.40762,0.291,train
1069,85407,JVASP-184720,ZrTiO3,5,221,cubic,-2.41091,0.0,train
1070,82463,JVASP-170697,CeDyFe4,6,216,cubic,-0.12328,0.0,train
1071,47711,JVASP-54556,K3Mo2Cl9,28,176,hexagonal,-1.45149,0.678,train
1072,56021,JVASP-121916,Fe3O2F2,14,14,monoclinic,-1.39876,0.0,train
1073,59200,JVASP-125511,Al3In,4,221,cubic,0.14805,0.0,train
1074,50492,JVASP-116842,Na3CoO3,28,198,cubic,-1.39599,0.583,train
1075,14578,JVASP-95103,CaB2H8,88,61,orthorhombic,-0.3788,5.545,train
1076,7558,JVASP-15780,PrMgGa,9,189,hexagonal,-0.49951,0.0,train
1077,27100,JVASP-79017,NaAg3,4,139,tetragonal,-0.03385,0.0,train
1078,49138,JVASP-111741,LaTa2CuBrO7,12,123,tetragonal,-2.68953,0.0,train
1079,45933,JVASP-24466,In7GeIrO8,17,216,cubic,-1.4294,0.468,train
1080,76333,JVASP-155793,CaAg2Hg2,5,139,tetragonal,-0.11068,0.0,train
1081,21851,JVASP-18540,TmI2,3,164,trigonal,-1.18352,0.0,train
1082,36199,JVASP-39992,ErHg3,8,194,hexagonal,-0.15487,0.0,train
1083,15214,JVASP-15402,TbCu2Ge2,5,139,tetragonal,-0.50099,0.0,train
1084,77657,JVASP-159260,Tb4Ga12Fe,17,229,cubic,-0.54846,0.0,train
1085,40962,JVASP-52474,NbO2F,8,38,orthorhombic,-2.77631,1.801,train
1086,59000,JVASP-128291,TaSn,2,221,cubic,0.37401,0.0,train
1087,39612,JVASP-44662,Li2Mn3O6,22,64,orthorhombic,-1.9346,0.0,train
1088,75981,JVASP-156032,PaB2Os2,5,139,tetragonal,-0.36608,0.0,train
1089,18432,JVASP-2340,Sr2PdO3,6,71,orthorhombic,-2.30145,0.254,train
1090,67998,JVASP-133777,NaBSe,3,187,hexagonal,0.88422,0.0,train
1091,20544,JVASP-107512,TmUTe4,6,44,orthorhombic,-0.96762,0.0,train
1092,30313,JVASP-27680,CaCo4Cu3O12,20,204,cubic,-1.23084,0.0,train
1093,50242,JVASP-115147,InSnS,3,99,tetragonal,0.08562,0.0,train
1094,74876,JVASP-147078,Sm2MgSe4,28,62,orthorhombic,-1.75482,1.98,train
1095,82647,JVASP-179872,RuCl4O,6,87,tetragonal,-0.49771,0.0,train
1096,7911,JVASP-75735,AsRh2W,4,216,cubic,-0.04893,0.0,train
1097,62119,JVASP-135757,O,3,38,orthorhombic,1.79209,0.0,train
1098,39043,JVASP-34882,AsH3,16,208,cubic,0.88693,0.0,train
1099,53381,JVASP-119147,Sr12Sn4N3,19,123,tetragonal,-0.78225,0.0,train
1100,53805,JVASP-120089,TlGeCl2,4,99,tetragonal,-0.49055,0.0,train
1101,70284,JVASP-151983,Zr2V3Ru,12,194,hexagonal,-0.27141,0.0,train
1102,17295,JVASP-103711,In2CuAgSe4,8,82,tetragonal,-0.41351,0.042,train
1103,43981,JVASP-11700,KCr4O8,13,87,tetragonal,-2.16506,0.0,train
1104,61043,JVASP-132891,Co3O4,14,227,cubic,-1.09591,0.005,train
1105,15220,JVASP-96947,Na2Ca3Si6O16,54,2,triclinic,-2.98906,4.424,train
1106,20610,JVASP-104647,Co4N,5,221,cubic,0.04007,0.0,train
1107,83880,JVASP-171765,BaAl2Si2O8,13,164,trigonal,-3.18192,4.276,train
1108,76444,JVASP-159980,Li2AgTe2,5,12,monoclinic,-0.60159,0.0,train
1109,77626,JVASP-159593,Ho4Ga12Fe,17,229,cubic,-0.53504,0.0,train
1110,65249,JVASP-134203,BiTeO,3,6,monoclinic,0.5814,0.18,train
1111,69825,JVASP-146211,Pr2Mn4Co13,19,160,trigonal,-0.00034,0.0,train
1112,79592,JVASP-165123,BaI2O6,18,15,monoclinic,-1.16987,3.486,train
1113,39336,JVASP-37172,NaDyS2,4,166,trigonal,-2.01038,2.312,train
1114,73637,JVASP-145599,V2O3F,12,74,orthorhombic,-2.65181,0.0,train
1115,79755,JVASP-170571,La2Tl3Pb3,8,47,orthorhombic,-0.46409,0.0,train
1116,76074,JVASP-160899,ZnPbAu,3,216,cubic,-0.04038,0.0,train
1117,11748,JVASP-92903,Mg6MoW,8,38,orthorhombic,0.2014,0.0,train
1118,41399,JVASP-17818,Tb3SnC,5,221,cubic,1.43357,0.0,train
1119,70374,JVASP-147530,PaBe13,28,226,cubic,-0.21119,0.0,train
1120,42815,JVASP-101281,CeGe2Ru2,5,139,tetragonal,-0.60986,0.0,train
1121,70969,JVASP-147359,Cr2CuS4,28,62,orthorhombic,-0.52105,0.0,train
1122,30897,JVASP-22911,K7TaS6O24,38,148,trigonal,-1.92674,3.632,train
1123,73957,JVASP-149500,Ca3Al2Si2,7,71,orthorhombic,-0.5311,0.0,train
1124,59746,JVASP-143928,Li3Mn2P2O8F3,18,1,triclinic,-2.37316,0.0,train
1125,3782,JVASP-15676,CeB2Rh2C,6,139,tetragonal,-0.64679,0.0,train
1126,24061,JVASP-22441,Na3Cd2IrO6,12,12,monoclinic,-1.36123,0.0,train
1127,3362,JVASP-65590,BaBi2Br,4,99,tetragonal,-0.95313,0.0,train
1128,72690,JVASP-157094,Yb2ZnSi,4,225,cubic,-0.50723,0.0,train
1129,22837,JVASP-13100,HgAsO3,10,162,trigonal,-0.91983,1.324,train
1130,41489,JVASP-52526,Li2CuSiO4,8,121,tetragonal,-2.15337,0.123,train
1131,47912,JVASP-110801,Ge3Pd,4,221,cubic,0.09243,0.0,train
1132,27384,JVASP-34841,FeAs2O7,10,5,monoclinic,-1.12915,0.03,train
1133,35600,JVASP-16487,TaSe2,3,164,trigonal,-0.8047,0.0,train
1134,89927,JVASP-190259,VNiRu2H,5,123,tetragonal,-0.10089,0.0,train
1135,29467,JVASP-10924,MgMn2O5,16,59,orthorhombic,-1.88321,0.0,train
1136,93543,JVASP-193851,Sr3SnO,5,221,cubic,-1.71327,0.0,train
1137,1801,JVASP-64712,Ba4YCu,6,216,cubic,0.70177,0.0,train
1138,55740,JVASP-123956,MgPt,2,187,hexagonal,-0.67947,0.0,train
1139,12824,JVASP-95230,KH3Se2O6,48,60,orthorhombic,-1.08517,4.459,train
1140,5575,JVASP-1420,Na2Te,3,225,cubic,-1.00223,2.137,train
1141,36007,JVASP-58360,HfNi3,12,166,trigonal,-0.56945,0.0,train
1142,75086,JVASP-154266,Y3Ru,16,62,orthorhombic,-0.36227,0.0,train
1143,16573,JVASP-2754,SrCd2P2,5,164,trigonal,-0.65435,0.725,train
1144,81797,JVASP-168174,YAgSe2,8,8,monoclinic,-1.2651,0.562,train
1145,58911,JVASP-126764,ZnPd,2,187,hexagonal,-0.43037,0.0,train
1146,60982,JVASP-144431,Li2FeP2O8,13,2,triclinic,-2.09206,0.211,train
1147,10180,JVASP-28376,MoSeS,6,187,hexagonal,-0.79948,0.624,train
1148,24525,JVASP-12668,V2Pb3O8,13,5,monoclinic,-2.05488,2.861,train
1149,35496,JVASP-37295,Sm3Cr,4,139,tetragonal,0.59114,0.0,train
1150,79677,JVASP-168515,La3Tm,4,139,tetragonal,-0.03999,0.0,train
1151,55998,JVASP-122260,Ti2AlO4,14,227,cubic,-3.04215,0.0,train
1152,65646,JVASP-138843,LiTlF4,6,10,monoclinic,-2.29059,2.474,train
1153,40814,JVASP-34443,Tb2SnS5,16,55,orthorhombic,-1.58166,0.106,train
1154,83831,JVASP-164871,Re3Os,8,194,hexagonal,-0.07702,0.0,train
1155,76763,JVASP-161282,Er2CdIr,4,225,cubic,-0.65594,0.0,train
1156,25124,JVASP-8789,TaO2F,8,131,tetragonal,-3.01617,2.12,train
1157,8845,JVASP-44000,LiMnF3,10,182,hexagonal,-2.69403,2.392,train
1158,12906,JVASP-42887,LiZnAg2,4,225,cubic,-0.20205,0.0,train
1159,52314,JVASP-119248,Li2VO2F,12,12,monoclinic,-2.6387,0.0,train
1160,21287,JVASP-15634,HfAlNi2,4,225,cubic,-0.65658,0.0,train
1161,38985,JVASP-33808,PmCl3,8,194,hexagonal,-2.22707,3.096,train
1162,8308,JVASP-69538,SrBe2Mo,4,123,tetragonal,0.34919,0.0,train
1163,80579,JVASP-186517,TaGaO,3,187,hexagonal,-0.94285,0.0,train
1164,29806,JVASP-9530,MgCrO2,16,12,monoclinic,-1.97417,0.0,train
1165,50907,JVASP-102436,Li2MnCoO4,8,119,tetragonal,-1.69764,0.0,train
1166,27526,JVASP-79309,CuS,2,216,cubic,-0.25291,0.0,train
1167,67616,JVASP-138351,SBr2,3,1,triclinic,0.06197,1.118,train
1168,65839,JVASP-143120,Li5Mn2Co2P4O16,29,1,triclinic,-2.08642,0.0,train
1169,23634,JVASP-13303,Fe2NiO4,14,74,orthorhombic,-1.26191,0.0,train
1170,23354,JVASP-19103,Ca2SiO4,28,14,monoclinic,-3.28354,5.172,train
1171,89395,JVASP-178259,TmGaAg,6,12,monoclinic,-0.48932,0.0,train
1172,3034,JVASP-86055,Zr2Al3C4,18,194,hexagonal,-0.60186,0.0,train
1173,34290,JVASP-39312,Fe3B,16,62,orthorhombic,-0.20168,0.0,train
1174,18743,JVASP-101737,CdAu,2,187,hexagonal,-0.12654,0.0,train
1175,77357,JVASP-158056,CaGa2Pt2,5,139,tetragonal,-0.82511,0.0,train
1176,10573,JVASP-69918,YBe2Co,4,123,tetragonal,-0.01572,0.0,train
1177,41967,JVASP-17448,HoCuPb,6,186,hexagonal,-0.40872,0.0,train
1178,78461,JVASP-166123,YbH4N2,14,141,tetragonal,-0.68413,2.403,train
1179,64929,JVASP-135044,HO2,3,1,triclinic,-0.12327,0.0,train
1180,8018,JVASP-73931,TiBeV2,4,99,tetragonal,-0.0128,0.0,train
1181,13496,JVASP-96800,LiYP4O12,36,15,monoclinic,-2.56452,6.319,train
1182,3570,JVASP-69236,BaGaBi2,4,99,tetragonal,-0.32927,0.0,train
1183,39685,JVASP-55675,BaZnCl4,24,60,orthorhombic,-1.928,4.683,train
1184,66970,JVASP-134829,RbOF2,4,99,tetragonal,-0.98325,0.0,train
1185,77157,JVASP-159845,RbVSO,8,51,orthorhombic,-1.64103,0.0,train
1186,16062,JVASP-100328,UMnAl,6,74,orthorhombic,-0.15471,0.0,train
1187,60341,JVASP-137855,BaBiO,3,187,hexagonal,-0.0098,0.0,train
1188,72694,JVASP-147642,CoH2O2,5,164,trigonal,-0.84201,0.0,train
1189,23837,JVASP-29675,CdI2,24,156,trigonal,-0.58106,2.188,train
1190,5903,JVASP-69068,BaYPd2,4,123,tetragonal,-0.53072,0.0,train
1191,85186,JVASP-186746,Ga2Ni,3,123,tetragonal,-0.29095,0.0,train
1192,69668,JVASP-156170,ScAl2Ir,8,63,orthorhombic,-0.88604,0.0,train
1193,28886,JVASP-11028,CaMn2O4,14,12,monoclinic,-2.13022,0.0,train
1194,37631,JVASP-39029,Sm3Ti,4,139,tetragonal,0.22235,0.0,train
1195,90977,JVASP-190920,TiAlRu2,4,123,tetragonal,-0.76178,0.0,train
1196,89193,JVASP-170192,FeAgBr4,24,14,monoclinic,-0.44961,0.397,train
1197,53096,JVASP-118424,HIO,3,6,monoclinic,-0.34824,0.0,train
1198,45662,JVASP-53358,Tb2YbS4,14,122,tetragonal,-2.31753,2.162,train
1199,63839,JVASP-136899,LaCl2,3,25,orthorhombic,-2.13757,0.0,train
1200,59023,JVASP-125052,Ar3Pd,4,221,cubic,0.84907,0.0,train
1201,43845,JVASP-44131,LiCoSiO4,28,33,orthorhombic,-2.01572,0.149,train
1202,35340,JVASP-16315,LuRh3C,5,221,cubic,-0.58193,0.0,train
1203,79816,JVASP-166609,Zr3PbO4F6,28,225,cubic,-3.58377,2.902,train
1204,81759,JVASP-179835,CaMgIn,3,187,hexagonal,-0.37847,0.0,train
1205,24157,JVASP-29631,CdI2,15,156,trigonal,-0.58144,2.19,train
1206,85545,JVASP-165725,Ta2Pb2O7,22,227,cubic,-2.45249,1.641,train
1207,52111,JVASP-117355,Ho2CoPtO6,20,14,monoclinic,-2.34903,0.0,train
1208,83971,JVASP-178882,SrNiGe,3,187,hexagonal,-0.5549,0.0,train
1209,71513,JVASP-150087,Ce3Al,8,194,hexagonal,-0.23289,0.0,train
1210,19837,JVASP-106680,ZrMo,2,65,orthorhombic,0.06741,0.0,train
1211,37110,JVASP-9173,P2Pt,12,205,cubic,-0.68546,1.024,train
1212,25074,JVASP-50785,Ho2Ge2O7,22,227,cubic,-2.8275,3.221,train
1213,73935,JVASP-148888,HoAlGe,6,63,orthorhombic,-0.67974,0.0,train
1214,45558,JVASP-20207,ThOs2,6,227,cubic,-0.30777,0.0,train
1215,23318,JVASP-12187,SiAs3,8,194,hexagonal,0.55963,0.0,train
1216,71268,JVASP-147549,NaNbS6,16,9,monoclinic,-0.73401,1.649,train
1217,22362,JVASP-12914,MgBi2O6,18,136,tetragonal,-1.39854,0.048,train
1218,1776,JVASP-90546,NaMg6Nb,8,123,tetragonal,0.15368,0.0,train
1219,58963,JVASP-128276,PrTa,2,221,cubic,0.7883,0.0,train
1220,36494,JVASP-15890,ThGe2,6,141,tetragonal,-0.51818,0.0,train
1221,5861,JVASP-67907,SrBeV2,4,216,cubic,0.93672,0.0,train
1222,39392,JVASP-42908,LiMnPO4,14,148,trigonal,-2.14732,2.189,train
1223,76345,JVASP-160876,LuInHg,3,216,cubic,-0.26996,0.0,train
1224,22642,JVASP-2865,Ca4As2O,7,139,tetragonal,-1.89181,1.237,train
1225,57819,JVASP-126427,Pb3Se,4,221,cubic,-0.07345,0.0,train
1226,18371,JVASP-103623,NdHgAu2,4,225,cubic,-0.5914,0.0,train
1227,65078,JVASP-137184,VAsO2,4,99,tetragonal,-1.45954,0.0,train
1228,83260,JVASP-182962,GaCuO,3,187,hexagonal,-0.3124,0.0,train
1229,56117,JVASP-122359,LiFeSiO4,28,198,cubic,-2.20567,1.449,train
1230,20032,JVASP-106681,ZrNbB4,6,191,hexagonal,-0.84442,0.0,train
1231,88749,JVASP-170515,Mn3Co3Te2O12,20,146,trigonal,-1.13196,0.0,train
1232,67691,JVASP-139453,AlTeO4,6,10,monoclinic,-1.65464,0.0,train
1233,8500,JVASP-15266,Er2Mo2C3,7,12,monoclinic,-0.46613,0.0,train
1234,51881,JVASP-111326,Zr2As3Se,6,99,tetragonal,-0.98724,0.0,train
1235,64189,JVASP-141001,V2O3F3,16,1,triclinic,-2.69869,0.184,train
1236,52316,JVASP-118679,Mg2Cd,3,47,orthorhombic,0.06043,0.0,train
1237,3030,JVASP-97420,AsCS3N2F11,36,2,triclinic,-1.28957,3.276,train
1238,61685,JVASP-138981,AlSCl,3,25,orthorhombic,-1.06068,2.601,train
1239,21501,JVASP-16922,YTiO3,5,221,cubic,-3.22673,0.0,train
1240,18637,JVASP-15625,K2CuF4,7,139,tetragonal,-2.45716,0.0,train
1241,8950,JVASP-88112,B2Se2O7,44,19,orthorhombic,-1.53571,3.885,train
1242,20780,JVASP-104823,Rb2LiAsF6,10,225,cubic,-2.75102,4.677,train
1243,13829,JVASP-3732,Sr2H6Ru,9,225,cubic,-0.63704,2.179,train
1244,54575,JVASP-120741,Li2AlCoO4,16,7,monoclinic,-2.19003,0.0,train
1245,30956,JVASP-53678,InAgS2,4,187,hexagonal,-0.25559,0.0,train
1246,91925,JVASP-187507,Nb2HIrOs,5,123,tetragonal,-0.2399,0.0,train
1247,53477,JVASP-117633,BeTlBr,3,187,hexagonal,0.50364,0.0,train
1248,67701,JVASP-135150,TaSeI,3,25,orthorhombic,0.20626,0.0,train
1249,57608,JVASP-122438,Sb4Te7Pb,12,164,trigonal,-0.18141,0.133,train
1250,10742,JVASP-63894,Ba4NbGe,6,216,cubic,0.90163,0.0,train
1251,32360,JVASP-35327,ThSi2Ru3,6,191,hexagonal,-0.67216,0.0,train
1252,27843,JVASP-55631,Bi2O3,20,114,tetragonal,-1.32622,1.404,train
1253,69921,JVASP-156780,Mn2SiMo,4,225,cubic,-0.21679,0.0,train
1254,29336,JVASP-13967,SrSi,2,221,cubic,-0.21644,0.0,train
1255,30166,JVASP-58377,Zn3P2,10,224,cubic,-0.01164,0.0,train
1256,34875,JVASP-39191,ScNb,2,187,hexagonal,0.16506,0.0,train
1257,58486,JVASP-124604,SO7,8,1,triclinic,-0.08265,0.987,train
1258,21304,JVASP-107469,Pm2CdGa,4,225,cubic,-0.47185,0.0,train
1259,7176,JVASP-68386,BeIn2Ge,4,119,tetragonal,0.49153,0.0,train
1260,80999,JVASP-182566,BaY2Sn,4,99,tetragonal,-0.29614,0.0,train
1261,46156,JVASP-29663,Er6I7,13,12,monoclinic,-0.9447,0.0,train
1262,65962,JVASP-139382,Li2P,3,2,triclinic,-0.63382,0.0,train
1263,80057,JVASP-173066,YMgCu,9,189,hexagonal,-0.26597,0.0,train
1264,68245,JVASP-133673,Li2CrP2O7,24,2,triclinic,-2.24896,1.332,train
1265,23166,JVASP-18655,TbCd3,8,194,hexagonal,-0.31383,0.0,train
1266,74840,JVASP-151758,Ce2Au,12,62,orthorhombic,-0.519,0.0,train
1267,41739,JVASP-54739,ZnH2O2,20,19,orthorhombic,-1.23047,3.068,train
1268,44609,JVASP-17685,LiGa2Pt,4,225,cubic,-0.60099,0.0,train
1269,23036,JVASP-4343,S5N6,22,15,monoclinic,0.64863,2.014,train
1270,92976,JVASP-190238,Li2CdHPd,5,123,tetragonal,-0.42115,0.0,train
1271,20472,JVASP-102787,Ce2CdSb4,7,115,tetragonal,-0.71992,0.0,train
1272,66662,JVASP-134247,SrBrF,6,129,tetragonal,-3.3006,5.169,train
1273,26489,JVASP-43484,LiFeF4,12,63,orthorhombic,-2.47895,1.938,train
1274,55359,JVASP-122867,LiSm3,4,164,trigonal,0.05988,0.0,train
1275,24305,JVASP-49168,Sr2Ta2O7,22,36,orthorhombic,-3.2969,3.067,train
1276,89619,JVASP-190253,Y2MgSnC,5,123,tetragonal,-0.62269,0.0,train
1277,47023,JVASP-53535,Sm2PbS4,14,122,tetragonal,-1.75622,2.22,train
1278,38880,JVASP-47083,LiVF3,10,63,orthorhombic,-2.73936,0.527,train
1279,13903,JVASP-15011,TaBe2,6,227,cubic,-0.17009,0.0,train
1280,40895,JVASP-35152,Ga3BN4,8,215,cubic,-0.56042,2.624,train
1281,70027,JVASP-150255,PrInRh,9,189,hexagonal,-0.72847,0.0,train
1282,52180,JVASP-117412,Li3Fe7O12,22,5,monoclinic,-1.56535,0.021,train
1283,53578,JVASP-119681,Mg2Cr3FeS8,14,166,trigonal,-0.9239,0.0,train
1284,62395,JVASP-140262,PrCO4,24,62,orthorhombic,-2.13327,0.0,train
1285,50803,JVASP-113150,Li2V3O6,11,12,monoclinic,-2.47186,0.0,train
1286,49228,JVASP-112560,PtS,16,84,tetragonal,-0.42937,0.195,train
1287,72025,JVASP-149683,LaSi,8,62,orthorhombic,-0.77042,0.0,train
1288,71251,JVASP-147167,Li2CrP2O8,26,2,triclinic,-2.2825,0.0,train
1289,65199,JVASP-136109,Br3N,4,146,trigonal,0.60833,1.467,train
1290,76271,JVASP-159967,HgSb,8,51,orthorhombic,0.18844,0.0,train
1291,48251,JVASP-110493,TmCdCu4,6,216,cubic,-0.2733,0.0,train
1292,14250,JVASP-92434,KCrF3,5,221,cubic,-2.66007,0.0,train
1293,44141,JVASP-109138,Ti4Fe2P3,9,38,orthorhombic,-1.02575,0.0,train
1294,29250,JVASP-81990,Ca3Mg,4,123,tetragonal,-0.02259,0.0,train
1295,14697,JVASP-92582,TbCoSi3,5,107,tetragonal,-0.60347,0.0,train
1296,58225,JVASP-129301,NaHo,2,187,hexagonal,0.26256,0.0,train
1297,194,JVASP-42804,V4O3F9,16,5,monoclinic,-2.89723,0.0,train
1298,82605,JVASP-181323,Fe3SiC,5,221,cubic,-0.08218,0.0,train
1299,3870,JVASP-66245,Ba4TaIr,6,216,cubic,1.41979,0.0,train
1300,56003,JVASP-122265,LiVO2,16,2,triclinic,-2.50556,0.393,train
1301,6681,JVASP-90842,FeSe,4,63,orthorhombic,-0.03684,0.0,train
1302,47851,JVASP-54498,Na2ZnCl4,28,62,orthorhombic,-1.61651,4.621,train
1303,29047,JVASP-81370,Hf2MoPt,4,71,orthorhombic,3.34318,0.0,train
1304,34040,JVASP-42098,PmAgHg2,4,225,cubic,-0.2663,0.0,train
1305,3419,JVASP-97798,SmGeRu,12,62,orthorhombic,-0.68044,0.0,train
1306,68038,JVASP-121696,Li2MoP2O8,13,8,monoclinic,-2.24999,0.0,train
1307,1154,JVASP-88720,K11LiMn4O16,32,121,tetragonal,-1.93397,1.154,train
1308,33609,JVASP-35521,SiSbPt5,7,123,tetragonal,-0.3616,0.0,train
1309,51393,JVASP-113569,CaZrS2,4,123,tetragonal,-1.66102,0.0,train
1310,47153,JVASP-58468,AlFe2O4,14,227,cubic,-1.95825,0.0,train
1311,36917,JVASP-77299,CdCuPd2,4,71,orthorhombic,1.95712,0.157,train
1312,69427,JVASP-150465,Mn2P,9,38,orthorhombic,-0.40717,0.0,train
1313,73503,JVASP-149746,PbS,8,28,orthorhombic,-0.4271,0.699,train
1314,78658,JVASP-180100,SrIrO,3,187,hexagonal,-0.55355,0.0,train
1315,29848,JVASP-10713,BaC2S2N2,14,15,monoclinic,-0.56864,3.912,train
1316,91974,JVASP-187610,LaY2ScH,5,123,tetragonal,-0.16832,0.0,train
1317,58677,JVASP-124711,VSb5,6,164,trigonal,0.20982,0.0,train
1318,69138,JVASP-157304,TiV2W,4,225,cubic,0.1267,0.0,train
1319,75830,JVASP-156142,B2Ir2Au,5,139,tetragonal,-0.10745,0.0,train
1320,24425,JVASP-47888,LiMn2O4,14,74,orthorhombic,-1.94689,0.0,train
1321,40233,JVASP-41234,DyB4Mo,24,55,orthorhombic,-0.64153,0.209,train
1322,20856,JVASP-105535,DyMnGa,9,38,orthorhombic,-0.15931,0.0,train
1323,16728,JVASP-18473,TbBr,4,166,trigonal,-1.2532,0.0,train
1324,60967,JVASP-138661,RbTlCl,3,38,orthorhombic,-0.78396,0.0,train
1325,67174,JVASP-136174,SnBr,4,129,tetragonal,-0.35561,0.0,train
1326,82544,JVASP-177440,Tb2Be2SiO7,24,113,tetragonal,-3.43769,5.178,train
1327,8241,JVASP-88004,Ba2MnReO6,10,225,cubic,-2.38841,0.0,train
1328,60563,JVASP-138128,AsO,2,187,hexagonal,-0.46433,0.0,train
1329,69789,JVASP-150959,Dy3Cu4Sn4,11,71,orthorhombic,-0.53035,0.0,train
1330,15339,JVASP-99765,Eu2CdGe,4,225,cubic,-0.52733,0.0,train
1331,9657,JVASP-85534,Pb4SeBr6,11,8,monoclinic,-0.86801,2.105,train
1332,27680,JVASP-80005,YbInPd2,4,225,cubic,-0.81676,0.0,train
1333,24811,JVASP-9399,Nb2SnO6,18,15,monoclinic,-2.48048,1.844,train
1334,84205,JVASP-171106,Lu5Re2C7,14,65,orthorhombic,-0.53772,0.0,train
1335,39695,JVASP-37032,TiFeCoSi,4,216,cubic,-0.62306,0.0,train
1336,2452,JVASP-62229,CuAs2O4,28,135,tetragonal,-1.08469,0.603,train
1337,36759,JVASP-14213,TlP5,24,26,orthorhombic,-0.04146,1.128,train
1338,68277,JVASP-148234,Ta2SiNi3,12,194,hexagonal,-0.426,0.0,train
1339,68338,JVASP-149990,BC7,8,156,trigonal,0.18669,0.0,train
1340,87507,JVASP-182386,LiBF2,4,166,trigonal,-1.67288,0.656,train
1341,2563,JVASP-97709,ThTe2O6,36,14,monoclinic,-2.16379,3.492,train
1342,48181,JVASP-110804,HoTmAg2,4,225,cubic,-0.38353,0.0,train
1343,69543,JVASP-157162,La2ErMg,4,225,cubic,0.0017,0.0,train
1344,39822,JVASP-77354,ScCuHg2,4,71,orthorhombic,1.59542,0.008,train
1345,43529,JVASP-57642,Yb2S3,10,167,trigonal,-1.40784,0.0,train
1346,60382,JVASP-135462,SrAlP2,4,99,tetragonal,-0.42374,0.0,train
1347,75674,JVASP-156424,InPbAu,3,216,cubic,-0.10825,0.0,train
1348,10238,JVASP-69514,Be2PdCl,4,119,tetragonal,0.14069,0.0,train
1349,9511,JVASP-91325,Er2WO6,36,19,orthorhombic,-3.29319,0.612,train
1350,85097,JVASP-165714,SrI2O6,18,4,monoclinic,-1.15242,3.415,train
1351,68234,JVASP-154688,Cu2HgGeS4,16,31,orthorhombic,-0.29899,0.034,train
1352,56560,JVASP-128466,YbTe2,3,12,monoclinic,-0.96171,0.0,train
1353,56718,JVASP-128548,XeBr,2,187,hexagonal,0.48752,0.0,train
1354,8023,JVASP-67025,Be2CoHg,4,123,tetragonal,0.14435,0.0,train
1355,1498,JVASP-64170,Ba4HgSe,6,216,cubic,0.07374,0.0,train
1356,84929,JVASP-172766,Er6MgGe2S14,23,143,trigonal,-1.69525,1.935,train
1357,54767,JVASP-119749,LiV2OF5,27,1,triclinic,-2.9002,0.0,train
1358,7462,JVASP-73709,Be2CrCu,4,225,cubic,0.08346,0.0,train
1359,16766,JVASP-99554,Nb2Tc,3,69,orthorhombic,-0.11265,0.0,train
1360,32596,JVASP-41230,Mn2AlRe,4,225,cubic,-0.19607,0.0,train
1361,5691,JVASP-88671,SbS24I3,28,160,trigonal,-0.05935,2.222,train
1362,70107,JVASP-150257,LuInCu,9,189,hexagonal,-0.42582,0.0,train
1363,86745,JVASP-170461,NdHoAl4,6,216,cubic,-0.52697,0.0,train
1364,77934,JVASP-172982,Ba2Mn2O5,18,74,orthorhombic,-2.34183,0.0,train
1365,44604,JVASP-58487,ZnNi4S8,13,166,trigonal,-0.33877,0.0,train
1366,77694,JVASP-159559,K2ZrF6,18,63,orthorhombic,-3.62188,5.918,train
1367,14239,JVASP-93843,TbCu5,6,216,cubic,-0.21099,0.0,train
1368,50699,JVASP-115429,NaAsS,3,99,tetragonal,0.07291,0.0,train
1369,84131,JVASP-168243,UMn4P2,14,136,tetragonal,-0.56565,0.0,train
1370,10312,JVASP-105888,Zr3Mn,4,221,cubic,0.28991,0.0,train
1371,90450,JVASP-190039,V2CrRh,4,123,tetragonal,-0.2692,0.0,train
1372,2629,JVASP-62041,LiAlH4,24,14,monoclinic,-0.24754,4.884,train
1373,20338,JVASP-15036,PaO,2,225,cubic,-2.63767,0.0,train
1374,44281,JVASP-108908,Sr2PrTaO6,10,225,cubic,-3.22162,3.446,train
1375,90199,JVASP-189795,Rh7W,8,225,cubic,-0.049,0.0,train
1376,78569,JVASP-165097,KGaSb4,24,62,orthorhombic,-0.25755,0.292,train
1377,90901,JVASP-186981,Ti2VCu,4,123,tetragonal,-0.05294,0.0,train
1378,26722,JVASP-78592,LaTl,2,221,cubic,-0.44888,0.0,train
1379,21444,JVASP-50066,Y4Cu2O7,13,12,monoclinic,-3.00586,1.928,train
1380,44014,JVASP-40358,RhCl2,6,136,tetragonal,-0.41472,0.0,train
1381,62150,JVASP-123243,Er3Ru,4,164,trigonal,-0.09327,0.0,train
1382,61722,JVASP-136558,MgMoF3,5,221,cubic,-1.94421,0.0,train
1383,24779,JVASP-55758,CoSeO3,20,62,orthorhombic,-0.81779,0.178,train
1384,47594,JVASP-21701,ScRe2,12,194,hexagonal,-0.38219,0.0,train
1385,35646,JVASP-36582,MgGeAs2,8,122,tetragonal,-0.29762,0.554,train
1386,65889,JVASP-136128,AgIO,3,99,tetragonal,0.39438,0.0,train
1387,51527,JVASP-117134,La3MnO7,22,4,monoclinic,-3.05734,0.0,train
1388,63689,JVASP-135004,NaHS,3,6,monoclinic,-0.53555,2.268,train
1389,23234,JVASP-8594,K2SnCl6,9,225,cubic,-1.52161,2.167,train
1390,77706,JVASP-159372,Er4Ga12Ni,17,229,cubic,-0.55653,0.0,train
1391,14182,JVASP-93893,NbNi2,6,227,cubic,-0.1832,0.0,train
1392,5378,JVASP-62548,CeB2C2,10,127,tetragonal,-0.4861,0.0,train
1393,27091,JVASP-9946,Ca2YSnO5,18,1,triclinic,-2.88382,2.543,train
1394,84134,JVASP-171100,DyZn12,13,139,tetragonal,-0.17319,0.0,train
1395,49277,JVASP-114536,BaMnBr2,4,99,tetragonal,-0.81111,0.0,train
1396,59068,JVASP-126850,RbSb,2,187,hexagonal,-0.18455,0.0,train
1397,43006,JVASP-107915,DyTmIr2,4,225,cubic,-0.99692,0.0,train
1398,50887,JVASP-113179,BaMn3O6,20,12,monoclinic,-2.11266,0.0,train
1399,72728,JVASP-149089,RbBi2,6,227,cubic,-0.3783,0.0,train
1400,40564,JVASP-55237,Lu2ZnS4,28,62,orthorhombic,-1.83115,2.372,train
1401,73480,JVASP-151485,PrP2Rh2,10,129,tetragonal,-1.08951,0.0,train
1402,35651,JVASP-39070,SmHoIr2,4,225,cubic,-0.85978,0.0,train
1403,64839,JVASP-144763,Li2VCrO4,8,119,tetragonal,-2.31185,0.0,train
1404,4926,JVASP-90882,CaFeAsF,8,129,tetragonal,-1.94137,0.0,train
1405,76549,JVASP-159652,AcMgNO,8,26,orthorhombic,-2.03075,0.76,train
1406,5988,JVASP-87975,RbClO4,24,62,orthorhombic,-0.65183,6.028,train
1407,74904,JVASP-146680,ThV2PbO8,12,119,tetragonal,-2.79231,2.139,train
1408,44305,JVASP-108748,NbMoSe3,10,11,monoclinic,-0.69263,0.0,train
1409,42908,JVASP-106320,YGaAg,6,12,monoclinic,-0.5261,0.0,train
1410,6738,JVASP-66814,MnBe2Tc,4,123,tetragonal,0.01841,0.0,train
1411,69198,JVASP-148943,Rb2Te,6,194,hexagonal,-1.10501,1.448,train
1412,1697,JVASP-64929,BeCo4Pb,6,216,cubic,0.44284,0.0,train
1413,30468,JVASP-42384,Li3Mn2P4O14,23,1,triclinic,-2.20043,0.202,train
1414,38646,JVASP-37073,TbKS2,4,166,trigonal,-2.06139,2.369,train
1415,67135,JVASP-133320,K3NaOs2O9,30,194,hexagonal,-1.56163,0.0,train
1416,77680,JVASP-161717,In2Te5,14,9,monoclinic,-0.21747,0.7,train
1417,22300,JVASP-106770,MnNiSb2,4,164,trigonal,-0.0743,0.0,train
1418,52714,JVASP-116461,Zn3Mo3O8,14,12,monoclinic,-1.73084,0.0,train
1419,82113,JVASP-170344,Rb3GeF7,22,127,tetragonal,-2.91101,4.423,train
1420,67731,JVASP-139175,TlIO,6,129,tetragonal,-0.3895,0.0,train
1421,21840,JVASP-52232,Li3Cu4O4,11,44,orthorhombic,-1.19378,0.0,train
1422,47145,JVASP-56378,DyAl3,16,194,hexagonal,-0.45639,0.0,train
1423,77566,JVASP-133064,Nb6AgSe8,15,147,trigonal,-0.74566,0.0,train
1424,46611,JVASP-31299,AsHPbO4,14,13,monoclinic,-1.29878,3.054,train
1425,39119,JVASP-10082,ReAgO4,12,88,tetragonal,-1.34988,1.963,train
1426,81737,JVASP-172473,ZnGeAsP,8,24,orthorhombic,-0.18362,0.446,train
1427,45644,JVASP-17637,MnGaNi2,4,225,cubic,-0.23558,0.0,train
1428,15320,JVASP-99582,InAgTe2,4,123,tetragonal,-0.15841,0.0,train
1429,38089,JVASP-37350,TbYTl2,4,225,cubic,-0.38477,0.0,train
1430,82239,JVASP-170688,Cr4GaCuSe8,14,216,cubic,-0.53354,0.0,train
1431,40935,JVASP-19353,CaBiO3,20,62,orthorhombic,-2.03073,0.0,train
1432,84647,JVASP-171804,Ca,1,229,cubic,0.01482,0.0,train
1433,78014,JVASP-173979,AlSb3Pb4O13,21,160,trigonal,-1.69947,1.291,train
1434,57749,JVASP-122505,Li2Mn2FeO6,22,12,monoclinic,-1.90897,0.143,train
1435,51758,JVASP-111265,CuBiO3,5,221,cubic,-0.86448,0.0,train
1436,18928,JVASP-103733,AlAu4,5,12,monoclinic,-0.17355,0.0,train
1437,40473,JVASP-46065,K2Mg2O3,28,96,tetragonal,-2.23085,3.325,train
1438,81327,JVASP-184508,TaPO,6,71,orthorhombic,-1.46756,0.0,train
1439,35528,JVASP-39474,Re3Ir,4,139,tetragonal,-0.0802,0.0,train
1440,14466,JVASP-94945,UGa5Ru,7,123,tetragonal,-0.31928,0.0,train
1441,79521,JVASP-170956,LaAsO3,10,11,monoclinic,-2.63529,2.963,train
1442,75945,JVASP-156416,PrHgPb,3,216,cubic,-0.26003,0.0,train
1443,16713,JVASP-100677,K2InAgCl6,10,225,cubic,-1.37039,0.851,train
1444,38283,JVASP-45849,LiCoPO4,14,9,monoclinic,-1.90851,0.814,train
1445,25189,JVASP-21751,RbVSe2,16,70,orthorhombic,-0.98778,0.0,train
1446,54584,JVASP-119932,BaCaBr2,4,99,tetragonal,-1.60003,0.0,train
1447,30675,JVASP-29060,MoWSeS3,12,156,trigonal,-0.82673,0.773,train
1448,90993,JVASP-193167,LiMgPb2,4,225,cubic,-0.22409,0.0,train
1449,35282,JVASP-40591,ScTlRh2,4,225,cubic,-0.58321,0.0,train
1450,15988,JVASP-99917,TiIn,2,123,tetragonal,-0.14414,0.0,train
1451,48552,JVASP-112372,Cu3Ag3P2S8,16,1,triclinic,-0.25752,0.97,train
1452,53553,JVASP-119220,Ce2MgS4,14,122,tetragonal,-1.95026,0.0,train
1453,36177,JVASP-16294,Tm,1,229,cubic,0.14599,0.0,train
1454,65961,JVASP-144790,Na2Ni3O7,24,1,triclinic,-1.13219,0.591,train
1455,40280,JVASP-46471,Li4Cr3NiO8,16,12,monoclinic,-2.06106,0.018,train
1456,91599,JVASP-191425,Ti3ZnO,5,221,cubic,-1.23739,0.0,train
1457,90309,JVASP-191036,LiTiZn6,8,187,hexagonal,-0.19598,0.0,train
1458,83251,JVASP-169715,Mn2CrSi,4,225,cubic,-0.267,0.0,train
1459,31683,JVASP-35288,ErInNi4,6,216,cubic,-0.4322,0.0,train
1460,55797,JVASP-123261,Er3V,4,164,trigonal,0.36631,0.0,train
1461,28361,JVASP-79451,MnHO2,4,8,monoclinic,-1.44358,0.281,train
1462,40034,JVASP-97992,Ba2YSbO6,10,225,cubic,-0.78418,0.0,train
1463,5460,JVASP-65650,BaSr2Mg,4,123,tetragonal,-0.02747,0.0,train
1464,61,JVASP-64090,Ba4MnW,6,216,cubic,1.80863,0.0,train
1465,37205,JVASP-29267,Sc5CCl8,14,12,monoclinic,-1.95556,0.0,train
1466,14707,JVASP-3225,NaSrP,9,189,hexagonal,-0.93476,1.413,train
1467,20553,JVASP-105232,Pm2CdPb,4,225,cubic,-0.47236,0.0,train
1468,33190,JVASP-20437,TmMg2,12,194,hexagonal,-0.04006,0.0,train
1469,58437,JVASP-128085,NdPt3,4,221,cubic,-0.91303,0.0,train
1470,11662,JVASP-105627,K2LiAuCl6,10,225,cubic,-1.26228,0.0,train
1471,74435,JVASP-152705,Fe5C2,14,15,monoclinic,0.07381,0.0,train
1472,45069,JVASP-108914,ZnAu4,5,166,trigonal,-0.0807,0.0,train
1473,37506,JVASP-40693,Co3TeO8,24,186,hexagonal,-1.07316,0.0,train
1474,25599,JVASP-10545,K2GeSe3,12,2,triclinic,-0.91145,1.589,train
1475,71190,JVASP-157039,Yb2IrAu,4,225,cubic,-0.85803,0.0,train
1476,9081,JVASP-86148,DyFe2B2,5,139,tetragonal,-0.49345,0.0,train
1477,14477,JVASP-105947,ZrTaC2,4,166,trigonal,-0.85441,0.0,train
1478,12635,JVASP-71854,Mn2BeW,4,225,cubic,-0.12195,0.0,train
1479,49541,JVASP-112665,MgZn4O5,20,156,trigonal,-1.86811,1.022,train
1480,16312,JVASP-2430,ZnGa2S4,7,82,tetragonal,-0.80653,2.295,train
1481,34151,JVASP-40624,K2Rh2O5,9,123,tetragonal,-1.06702,0.0,train
1482,24177,JVASP-33314,ZnH8C2S2N6,38,14,monoclinic,-0.08745,4.305,train
1483,42250,JVASP-29258,Zr6CCl14,42,64,orthorhombic,-1.86185,1.283,train
1484,12204,JVASP-74672,Be2CoNi,4,99,tetragonal,-0.19486,0.0,train
1485,49500,JVASP-114646,BePSe,3,6,monoclinic,1.28423,0.0,train
1486,24056,JVASP-51342,ZrH,2,119,tetragonal,-0.33518,0.0,train
1487,38733,JVASP-30461,C3N4,21,144,trigonal,0.31028,2.204,train
1488,26270,JVASP-45378,BaSi4O9,28,188,hexagonal,-2.99624,4.498,train
1489,54307,JVASP-118753,NCl2,3,6,monoclinic,0.76797,0.0,train
1490,87203,JVASP-183882,SrCoCl,3,187,hexagonal,-0.39967,0.0,train
1491,34883,JVASP-39469,Re3Sb,4,225,cubic,0.69319,0.0,train
1492,21397,JVASP-107258,TbCdPd,9,189,hexagonal,-0.73415,0.0,train
1493,5178,JVASP-86409,LiBIr,12,70,orthorhombic,-0.5202,0.0,train
1494,13065,JVASP-93383,CeSe2,6,166,trigonal,-1.56523,0.921,train
1495,79848,JVASP-179069,ScB2Pt3,6,191,hexagonal,-0.44678,0.0,train
1496,7849,JVASP-63406,Li3BN2,24,141,tetragonal,-1.00372,3.423,train
1497,15491,JVASP-100174,Eu2ZnGa,4,225,cubic,-0.50785,0.0,train
1498,62340,JVASP-138182,MgF,2,123,tetragonal,-2.16466,0.0,train
1499,52409,JVASP-119266,LiV3O4,8,12,monoclinic,-2.22842,0.0,train
1500,29842,JVASP-36192,BC2N,4,115,tetragonal,0.26398,1.907,train
1501,10262,JVASP-71334,Be2BiRu,4,99,tetragonal,0.33141,0.0,train
1502,84898,JVASP-163850,Li2VF4,7,65,orthorhombic,-2.90567,1.237,train
1503,19514,JVASP-50489,Li6MnS4,22,137,tetragonal,-1.30995,1.801,train
1504,57210,JVASP-127362,CrSi,2,221,cubic,0.0718,0.0,train
1505,41362,JVASP-9596,CdCO3,10,167,trigonal,-1.42809,2.986,train
1506,57194,JVASP-121716,Li3MnSi2O7,13,1,triclinic,-2.45152,1.284,train
1507,12486,JVASP-18552,NiGePt2,8,69,orthorhombic,-0.29929,0.0,train
1508,20712,JVASP-19916,HgSe,2,225,cubic,0.07304,0.0,train
1509,10143,JVASP-71004,Ti2BeCl,4,99,tetragonal,-0.18325,0.0,train
1510,3062,JVASP-62768,HoBC,6,65,orthorhombic,-0.11069,0.0,train
1511,62631,JVASP-124514,SI3,4,38,orthorhombic,0.15609,0.0,train
1512,83520,JVASP-186661,TiIrO,3,187,hexagonal,-1.22185,0.0,train
1513,55147,JVASP-122579,Sn7Kr,8,215,cubic,0.29895,0.0,train
1514,33887,JVASP-13808,AsCl3O,20,14,monoclinic,-0.61765,2.326,train
1515,46557,JVASP-21048,Y4Ga12Pd,17,229,cubic,-0.60872,0.0,train
1516,57048,JVASP-127304,TlXe,2,187,hexagonal,0.35551,0.0,train
1517,54638,JVASP-117981,CaNO,3,187,hexagonal,0.09388,0.0,train
1518,89067,JVASP-164311,BaLa4Cu5O12,22,83,tetragonal,-2.30805,0.0,train
1519,13014,JVASP-92758,LaCuO3,5,221,cubic,-2.22349,0.0,train
1520,21098,JVASP-103890,TiH24C13O4,42,1,triclinic,-0.33264,2.429,train
1521,58907,JVASP-128259,MgTa,2,221,cubic,0.62813,0.0,train
1522,79130,JVASP-183207,YPdIr,3,187,hexagonal,-0.31103,0.0,train
1523,79546,JVASP-165522,NaHf2CuSe5,18,63,orthorhombic,-1.19457,0.563,train
1524,36688,JVASP-9874,Ca2AlSnO5,18,1,triclinic,-2.7455,2.238,train
1525,78426,JVASP-185866,BaCu2Te2,5,139,tetragonal,-0.71188,0.187,train
1526,31593,JVASP-41982,AlZnIr2,4,225,cubic,-0.60582,0.0,train
1527,20371,JVASP-106687,YbErSe2,4,166,trigonal,-2.00096,0.0,train
1528,52633,JVASP-117996,CdCuO2,4,166,trigonal,-0.7795,0.0,train
1529,63581,JVASP-138781,AlBiBr,3,99,tetragonal,-0.01211,0.0,train
1530,9157,JVASP-18406,SmH2,3,225,cubic,-0.70459,0.0,train
1531,30556,JVASP-36258,MnCoTe,3,216,cubic,-0.00927,0.0,train
1532,66291,JVASP-144092,LiMnPO4,28,33,orthorhombic,-2.14026,2.065,train
1533,37108,JVASP-30306,MnC2O6,9,148,trigonal,-1.25533,0.0,train
1534,67879,JVASP-134884,AlC2,3,6,monoclinic,0.72511,0.0,train
1535,84565,JVASP-171796,LaInPt,9,189,hexagonal,-1.03376,0.0,train
1536,54042,JVASP-117486,B2H,3,12,monoclinic,0.32636,0.0,train
1537,31582,JVASP-36112,KNdS2,4,166,trigonal,-2.01861,2.297,train
1538,323,JVASP-323,TiS2,3,164,trigonal,-1.42034,0.0,train
1539,67435,JVASP-135135,ICl2,3,2,triclinic,-0.14298,0.0,train
1540,29956,JVASP-36645,TmAu,4,63,orthorhombic,-0.96797,0.0,train
1541,26025,JVASP-29524,VTeO4,24,14,monoclinic,-1.80867,0.78,train
1542,87416,JVASP-168329,Pr3Ir,16,62,orthorhombic,-0.49551,0.0,train
1543,35769,JVASP-963,Pd,1,225,cubic,0.0,0.0,train
1544,87308,JVASP-186357,CuRuO2,4,166,trigonal,-0.76309,0.0,train
1545,10094,JVASP-69390,Be2ZnGa,4,119,tetragonal,0.32023,0.0,train
1546,79057,JVASP-173571,Ti2Se3,20,163,trigonal,-1.22597,0.0,train
1547,55733,JVASP-123211,Er3In,4,164,trigonal,-0.14617,0.0,train
1548,6231,JVASP-72866,TiBe2Cd,4,225,cubic,0.17258,0.0,train
1549,10065,JVASP-91250,Na2BeGeO4,32,14,monoclinic,-2.20746,3.933,train
1550,72586,JVASP-156873,DyErZn2,4,225,cubic,-0.38201,0.0,train
1551,36834,JVASP-29416,MnSbS2Cl,20,62,orthorhombic,-0.62288,0.668,train
1552,92958,JVASP-192584,TiNbVIr,4,216,cubic,-0.48752,0.0,train
1553,22442,JVASP-49375,Nd3SiAgSe7,24,173,hexagonal,-1.39287,1.507,train
1554,50952,JVASP-102850,WO2F2,10,26,orthorhombic,-2.37967,0.34,train
1555,72991,JVASP-146289,PrGe4Rh6,11,187,hexagonal,-0.71755,0.0,train
1556,80702,JVASP-178765,NbSeCl2,4,99,tetragonal,-0.57262,0.0,train
1557,61095,JVASP-144665,Mn3Co3Te2O12,20,1,triclinic,-1.15159,0.11,train
1558,29279,JVASP-81859,K2AgAu,4,123,tetragonal,-0.20054,0.0,train
1559,41127,JVASP-38200,NdTlAg2,4,225,cubic,-0.27598,0.0,train
1560,64197,JVASP-136345,SiClF,3,187,hexagonal,-0.65441,0.0,train
1561,44353,JVASP-108695,TmO2,6,11,monoclinic,-2.9951,0.0,train
1562,45431,JVASP-110227,La2NiSn4,7,38,orthorhombic,-0.71488,0.0,train
1563,1619,JVASP-64226,Ba4GaSn,6,216,cubic,0.23625,0.0,train
1564,14845,JVASP-19890,LaPt2,6,227,cubic,-1.12477,0.0,train
1565,66674,JVASP-141750,Sr4NbCoO8,14,65,orthorhombic,-2.81015,0.7,train
1566,17329,JVASP-100505,Sr3Sc,4,139,tetragonal,0.2737,0.0,train
1567,88391,JVASP-185332,Ti2Se3,5,160,trigonal,-0.93198,0.0,train
1568,36723,JVASP-29967,Bi2PbSe4,7,166,trigonal,-0.45752,0.444,train
1569,59113,JVASP-125171,VB11,12,8,monoclinic,0.22505,0.0,train
1570,2936,JVASP-98421,Ti3Zn3C,28,227,cubic,-0.46842,0.0,train
1571,65434,JVASP-133986,BaYSe,3,99,tetragonal,-0.10966,0.0,train
1572,64384,JVASP-129992,Pu7Pt,8,16,orthorhombic,0.06694,0.0,train
1573,10074,JVASP-74206,BeBi2W,4,139,tetragonal,1.02578,0.0,train
1574,7162,JVASP-75497,AsRu2Se,4,216,cubic,0.69389,0.0,train
1575,43218,JVASP-110004,Mg2CdHg,4,225,cubic,-0.13046,0.0,train
1576,38892,JVASP-45877,Li2MnOF2,12,63,orthorhombic,-2.44456,0.439,train
1577,45202,JVASP-109547,Li2AcAl,4,225,cubic,-0.16815,0.0,train
1578,35131,JVASP-39198,Mg2SnO4,14,227,cubic,-2.47602,2.098,train
1579,34097,JVASP-25004,Pr3Si2S8I,28,15,monoclinic,-1.57452,2.611,train
1580,43793,JVASP-24968,Pr4S3NCl3,22,186,hexagonal,-2.23735,3.019,train
1581,26864,JVASP-79185,Mg3B,4,221,cubic,0.51796,0.0,train
1582,44331,JVASP-52205,Li8HfO6,15,148,trigonal,-2.45772,5.529,train
1583,34157,JVASP-39910,YbScRh2,4,225,cubic,-0.93033,0.0,train
1584,90362,JVASP-187467,ZrTi2AgO,5,123,tetragonal,-1.15638,0.0,train
1585,42141,JVASP-54785,SrPt5,6,191,hexagonal,-0.57623,0.0,train
1586,21990,JVASP-107369,MgAl2Sn2,5,164,trigonal,-0.00994,0.0,train
1587,47450,JVASP-56684,MnB4O7,24,63,orthorhombic,-2.37635,2.218,train
1588,20399,JVASP-50969,Ta2CuO6,9,44,orthorhombic,-2.44046,0.279,train
1589,26770,JVASP-78705,Rb,2,63,orthorhombic,-8e-05,0.0,train
1590,67936,JVASP-142658,Li5NiO3F,20,12,monoclinic,-2.06503,0.864,train
1591,39429,JVASP-11728,Ba2CoMoO6,10,225,cubic,-2.39323,0.0,train
1592,45682,JVASP-17691,DyTh,2,221,cubic,0.13081,0.0,train
1593,50199,JVASP-116730,TmSbO4,24,14,monoclinic,-2.6104,2.254,train
1594,84258,JVASP-185623,Tc2Se3,5,166,trigonal,-0.16237,0.0,train
1595,67975,JVASP-133773,NaBS2,4,166,trigonal,-0.17387,0.466,train
1596,14770,JVASP-99853,Y2ZnAu,4,225,cubic,-0.67273,0.0,train
1597,14866,JVASP-15357,ErSi2Cu2,5,139,tetragonal,-0.53377,0.0,train
1598,64817,JVASP-134191,LiBiS,3,187,hexagonal,-0.10047,0.0,train
1599,50580,JVASP-112198,CdH18C11O4,34,1,triclinic,-0.3522,3.572,train
1600,60239,JVASP-139743,Au2Cl,3,25,orthorhombic,0.29587,0.0,train
1601,91723,JVASP-188007,Zr3HgRh2,6,123,tetragonal,-0.55285,0.0,train
1602,22569,JVASP-14308,Ta2InCuTe4,8,121,tetragonal,0.33661,0.0,train
1603,44576,JVASP-109597,Sr3Zn,4,221,cubic,0.0096,0.0,train
1604,42422,JVASP-65029,BeZnW4,6,216,cubic,0.50754,0.0,train
1605,17389,JVASP-103914,ZnH8C6O4,19,1,triclinic,-0.55167,3.894,train
1606,80262,JVASP-183999,LiCrP,6,129,tetragonal,-0.60031,0.0,train
1607,87850,JVASP-162065,Na2VP2O8,26,100,tetragonal,-2.35437,1.154,train
1608,15405,JVASP-100172,GaGe3,8,194,hexagonal,0.28789,0.0,train
1609,69534,JVASP-146569,LiVF3,20,62,orthorhombic,-2.82214,1.164,train
1610,70230,JVASP-151982,La2Au,12,62,orthorhombic,-0.66904,0.0,train
1611,22388,JVASP-1261,HgF,4,139,tetragonal,-1.11636,1.83,train
1612,25028,JVASP-10235,ZnGeO3,10,148,trigonal,-1.70203,2.373,train
1613,93425,JVASP-188616,Be2Os,6,227,cubic,-0.31782,0.0,train
1614,93586,JVASP-187810,Pb,1,225,cubic,-0.01704,0.0,train
1615,39228,JVASP-45245,PrGeBO5,24,144,trigonal,-2.68841,4.101,train
1616,24632,JVASP-29122,Te2MoWSeS,12,156,trigonal,-0.36778,0.151,train
1617,37438,JVASP-37268,Si3MoPt2,12,26,orthorhombic,-0.54219,0.0,train
1618,34933,JVASP-38423,PrSm3,4,221,cubic,0.00971,0.0,train
1619,37082,JVASP-11681,SrMoO4,12,88,tetragonal,-2.79122,3.704,train
1620,75719,JVASP-157459,Pm2BeSi,4,225,cubic,-0.1892,0.0,train
1621,36506,JVASP-38738,Pm2Mg,3,139,tetragonal,-0.05207,0.0,train
1622,7627,JVASP-18913,HgPt,2,123,tetragonal,0.18834,0.0,train
1623,71445,JVASP-151413,FeCO3,10,167,trigonal,-1.27109,0.0,train
1624,26299,JVASP-10554,SbPO5,14,15,monoclinic,-1.82739,2.747,train
1625,73535,JVASP-149747,LaZnSbO,8,129,tetragonal,-1.89959,0.0,train
1626,77886,JVASP-168071,LaMg3,8,194,hexagonal,-0.1343,0.0,train
1627,37479,JVASP-37493,Sm3Tm,8,194,hexagonal,0.02077,0.0,train
1628,38317,JVASP-45921,VOF,12,14,monoclinic,-2.71198,0.0,train
1629,41954,JVASP-36810,CuClO2,8,20,orthorhombic,-0.31367,0.821,train
1630,51945,JVASP-114090,BaTe,2,123,tetragonal,-0.3399,1.143,train
1631,72220,JVASP-148781,LuRh,2,221,cubic,-1.07729,0.0,train
1632,20082,JVASP-1432,NaTlO2,4,166,trigonal,-1.22213,0.715,train
1633,80351,JVASP-162945,Y2Co3Ge,6,166,trigonal,-0.40283,0.0,train
1634,10005,JVASP-71768,BeCr2P,4,119,tetragonal,-0.06145,0.0,train
1635,30892,JVASP-50754,Li3CuF5,18,15,monoclinic,-2.54622,0.601,train
1636,83094,JVASP-181362,NbAgS2,4,187,hexagonal,-0.86119,0.0,train
1637,77765,JVASP-159331,Y6CoBr10,17,2,triclinic,-1.67864,0.0,train
1638,16365,JVASP-28891,Te2MoW3Se6,12,156,trigonal,-0.40633,0.659,train
1639,85412,JVASP-185675,Y2Se3,5,160,trigonal,-1.80961,1.313,train
1640,80493,JVASP-176763,NaScCl4,24,60,orthorhombic,-2.1309,3.713,train
1641,57151,JVASP-127343,NbCr,2,221,cubic,0.04544,0.0,train
1642,8388,JVASP-92885,HfMg6Cr,8,38,orthorhombic,0.26501,0.0,train
1643,72125,JVASP-147597,KNbWO6,18,46,orthorhombic,-2.45974,0.639,train
1644,8046,JVASP-1975,Ca2PI,4,166,trigonal,-1.55531,1.602,train
1645,36860,JVASP-22615,NiF2,6,136,tetragonal,-1.59868,0.0,train
1646,44946,JVASP-36951,BaHfO3,5,221,cubic,-3.65018,3.683,train
1647,68788,JVASP-151768,UReB4,12,65,orthorhombic,-0.53767,0.0,train
1648,80203,JVASP-164424,C,2,69,orthorhombic,-0.00297,0.0,train
1649,29835,JVASP-36999,TlPdF3,5,221,cubic,-1.54657,0.0,train
1650,73208,JVASP-149927,CeGe,8,62,orthorhombic,-0.75978,0.0,train
1651,758,JVASP-48101,LiFeO2,8,59,orthorhombic,-1.72316,0.0,train
1652,56294,JVASP-126909,NaAu3,4,221,cubic,-0.26623,0.0,train
1653,41787,JVASP-17949,Mn3InC,5,221,cubic,2.43378,0.0,train
1654,40736,JVASP-55293,Ba2CoB6O12,21,148,trigonal,-2.5943,0.0,train
1655,45314,JVASP-109548,Li2CeSn,4,225,cubic,-0.43747,0.0,train
1656,34152,JVASP-29089,TeMoWSeS2,12,156,trigonal,-0.57294,0.1,train
1657,7139,JVASP-66836,BePdCl,3,107,tetragonal,-0.15432,0.0,train
1658,38022,JVASP-40665,LiMnPO4,28,62,orthorhombic,-2.14173,1.72,train
1659,28542,JVASP-80048,TiInRh2,4,225,cubic,-0.62976,0.0,train
1660,56139,JVASP-122385,Mn8O13F3,24,1,triclinic,-1.91028,0.0,train
1661,46713,JVASP-16736,NbSi2,9,181,hexagonal,-0.4159,0.0,train
1662,77236,JVASP-159877,LiAlSeO,8,26,orthorhombic,-2.01633,3.311,train
1663,9888,JVASP-71399,CaMnBe2,4,123,tetragonal,0.20612,0.0,train
1664,64772,JVASP-135335,LiTaO,3,6,monoclinic,-1.08652,0.0,train
1665,31702,JVASP-41124,NaAcHg2,4,225,cubic,-0.3152,0.0,train
1666,47332,JVASP-21118,BaBPO5,24,154,trigonal,-2.8287,5.875,train
1667,37275,JVASP-5476,HfFeCl6,16,163,trigonal,-1.44129,0.0,train
1668,85841,JVASP-181563,Sc2InRh,4,225,cubic,-0.65249,0.0,train
1669,35950,JVASP-1035,Tm,2,194,hexagonal,0.0,0.0,train
1670,24340,JVASP-22583,TlAsF6,8,148,trigonal,-2.18221,4.313,train
1671,32236,JVASP-35861,ErH2,6,194,hexagonal,-0.52262,0.0,train
1672,25859,JVASP-77045,Ca2InHg,4,139,tetragonal,-0.52839,0.0,train
1673,75992,JVASP-156008,ThSn2Ru2,5,139,tetragonal,-0.28045,0.0,train
1674,40298,JVASP-46394,LiMnBO4,28,62,orthorhombic,-2.21485,0.681,train
1675,55424,JVASP-123694,PmSe2,3,12,monoclinic,-1.39256,0.0,train
1676,40333,JVASP-19364,Ca2TaSbO6,20,11,monoclinic,-2.75163,0.889,train
1677,67393,JVASP-121509,Sc3Si3Ru,28,62,orthorhombic,-0.84958,0.0,train
1678,13455,JVASP-92918,Mg6SbW,8,38,orthorhombic,0.1181,0.0,train
1679,31526,JVASP-58219,Ni2O3,20,63,orthorhombic,-0.73336,0.0,train
1680,29903,JVASP-52154,Mg2TcO4,14,74,orthorhombic,-2.35529,0.0,train
1681,5232,JVASP-66631,Ba4TaNb,6,216,cubic,1.51087,0.0,train
1682,69125,JVASP-152546,HoNiGe,12,62,orthorhombic,-0.84393,0.0,train
1683,59650,JVASP-140410,MnCu2S2,20,216,cubic,-0.22205,0.05,train
1684,43596,JVASP-110239,Ho2AlFe3,6,166,trigonal,-0.24772,0.0,train
1685,35054,JVASP-56296,ErAgSn,6,186,hexagonal,-0.57551,0.0,train
1686,49740,JVASP-116540,Tb2LaRuO7,22,63,orthorhombic,-3.01309,0.182,train
1687,67772,JVASP-133756,BCl2,3,25,orthorhombic,-0.01322,0.434,train
1688,54636,JVASP-119586,Li5Mn2CoO8,16,6,monoclinic,-1.99539,0.012,train
1689,30878,JVASP-28484,Te4Mo3Se2,9,187,hexagonal,-0.32864,0.386,train
1690,64455,JVASP-139942,MgCoNi,12,38,orthorhombic,-0.16207,0.0,train
1691,5105,JVASP-66628,BaTlPb,3,216,cubic,-0.06379,0.0,train
1692,18239,JVASP-101565,HfTaRu2,4,225,cubic,-0.55819,0.0,train
1693,18839,JVASP-103094,Ge2TeSe,4,166,trigonal,-0.161,0.536,train
1694,79734,JVASP-180788,ZrSN,3,187,hexagonal,-1.10451,0.0,train
1695,10231,JVASP-85438,UI4,10,15,monoclinic,-0.8356,0.282,train
1696,14018,JVASP-72476,InAgS2,16,33,orthorhombic,-0.45522,0.42,train
1697,22439,JVASP-101935,ZrH6C5O4,16,1,triclinic,-0.77706,2.075,train
1698,92755,JVASP-189846,Ti3MnRh2,6,123,tetragonal,-0.6737,0.0,train
1699,54025,JVASP-120195,CaAlF,3,99,tetragonal,-1.28707,0.0,train
1700,61615,JVASP-132296,TbNa,2,187,hexagonal,0.24565,0.0,train
1701,23061,JVASP-4636,MgAl2Se4,7,166,trigonal,-1.04883,1.223,train
1702,81131,JVASP-168878,VP3Pb6O16,26,1,triclinic,-2.02853,3.085,train
1703,58064,JVASP-124197,TcO,2,187,hexagonal,-0.40947,0.0,train
1704,29359,JVASP-34479,Ba4Fe2S4I5,15,87,tetragonal,-1.59165,0.001,train
1705,20959,JVASP-107464,MgNi2,6,227,cubic,-0.28025,0.0,train
1706,34898,JVASP-40528,LiCa2Ga,4,225,cubic,-0.31798,0.0,train
1707,84854,JVASP-184190,InPPt,3,187,hexagonal,-0.11119,0.0,train
1708,74249,JVASP-151292,HfFe2,12,63,orthorhombic,-0.32514,0.0,train
1709,43732,JVASP-109768,CeOsRu,6,74,orthorhombic,-0.33819,0.0,train
1710,52636,JVASP-117997,NbAgS3,5,221,cubic,-0.25233,0.0,train
1711,77793,JVASP-159460,LaFe4As12,17,204,cubic,-0.41481,0.0,train
1712,39570,JVASP-9591,Ho2CdSe4,14,227,cubic,-1.54909,0.616,train
1713,8722,JVASP-68020,BeGeRu2,4,119,tetragonal,0.09144,0.0,train
1714,84162,JVASP-184650,YSiO2,4,99,tetragonal,-1.8376,0.0,train
1715,20492,JVASP-102674,TaNbV,3,42,orthorhombic,0.04344,0.0,train
1716,3135,JVASP-90256,Co2As,9,189,hexagonal,-0.0798,0.0,train
1717,41302,JVASP-18069,UCu2Ge2,5,139,tetragonal,-0.16375,0.0,train
1718,40690,JVASP-11697,LiFeAs2O7,11,5,monoclinic,-1.43681,0.633,train
1719,11954,JVASP-1858,NaCoO2,4,166,trigonal,-1.50687,0.876,train
1720,23504,JVASP-8065,GeO2,6,136,tetragonal,-1.76177,1.366,train
1721,8399,JVASP-42630,LiMnO2,24,25,orthorhombic,-1.92908,0.0,train
1722,61595,JVASP-136270,CaI2,3,123,tetragonal,-0.71062,3.064,train
1723,47418,JVASP-4966,YbCuS2,16,62,orthorhombic,-1.17406,0.0,train
1724,48645,JVASP-102225,Ce3Th3Si4,10,38,orthorhombic,-0.58235,0.0,train
1725,73746,JVASP-147230,CeGe4Rh6,11,187,hexagonal,-0.72641,0.0,train
1726,70192,JVASP-151616,Lu2Ga8Co,11,123,tetragonal,-0.46285,0.0,train
1727,80921,JVASP-179106,Ba2InCl,4,225,cubic,-0.99391,0.0,train
1728,38112,JVASP-37505,YbPr3,4,221,cubic,0.0293,0.0,train
1729,54338,JVASP-118815,NaZn2,3,47,orthorhombic,0.16261,0.0,train
1730,46233,JVASP-17712,SnPt3C,5,221,cubic,0.34496,0.0,train
1731,92680,JVASP-189981,TiTc2W,4,123,tetragonal,-0.23881,0.0,train
1732,56326,JVASP-128361,Yb3Pa,4,221,cubic,0.47662,0.0,train
1733,41109,JVASP-30721,MgSn2O4,28,59,orthorhombic,-1.83493,2.214,train
1734,61939,JVASP-123230,Er3Pa,4,164,trigonal,0.02507,0.0,train
1735,78632,JVASP-173555,Er2MgSi2,10,127,tetragonal,-0.69524,0.0,train
1736,53882,JVASP-120123,AlAs,2,216,cubic,-0.58352,1.568,train
1737,51886,JVASP-114039,BaGeO,3,99,tetragonal,-0.77176,0.0,train
1738,47495,JVASP-26251,Zr5SiSb3,18,193,hexagonal,-0.77874,0.0,train
1739,92776,JVASP-193332,ScTiRh2,4,225,cubic,-0.88952,0.0,train
1740,34314,JVASP-40001,Ho2IrRu,4,225,cubic,-0.73311,0.0,train
1741,93245,JVASP-191839,YFe2C2,5,139,tetragonal,-0.32712,0.0,train
1742,48530,JVASP-29405,TaS2,3,166,trigonal,-1.11222,0.0,train
1743,32968,JVASP-39880,LiGaAg2,4,225,cubic,-0.22223,0.0,train
1744,19962,JVASP-106737,Sr2MnRuO6,10,87,tetragonal,-2.28591,0.0,train
1745,27280,JVASP-78864,HfMg,4,194,hexagonal,1.56035,0.0,train
1746,63068,JVASP-132396,MnO7,8,1,triclinic,0.2763,0.0,train
1747,50827,JVASP-116872,Li7NiO4F2,28,1,triclinic,-2.16151,0.0,train
1748,91696,JVASP-194659,Mg2AlPd3,6,164,trigonal,-0.82626,0.0,train
1749,62946,JVASP-132930,SrPrCo2O6,20,31,orthorhombic,-2.18631,0.0,train
1750,9417,JVASP-70737,BeRe2Br,4,99,tetragonal,0.3795,0.0,train
1751,9285,JVASP-92929,Mg6GaW,8,38,orthorhombic,0.15471,0.0,train
1752,11819,JVASP-74853,BeSnCl2,4,123,tetragonal,0.0855,0.0,train
1753,63169,JVASP-133545,BaTi4AlO7,26,186,hexagonal,-2.80331,0.113,train
1754,2247,JVASP-65370,BaSc2Cu,4,65,orthorhombic,0.46167,0.0,train
1755,6946,JVASP-15645,HoCo2Si2,5,139,tetragonal,-0.79553,0.0,train
1756,93195,JVASP-187181,Al2FePt,4,123,tetragonal,-0.71237,0.0,train
1757,80962,JVASP-169971,Nb4Co2C,28,227,cubic,-0.29937,0.0,train
1758,92962,JVASP-190336,Sc2H2C,5,164,trigonal,-0.7266,0.0,train
1759,73308,JVASP-146301,Ta4GaTe4Se4,13,216,cubic,-0.59441,0.0,train
1760,42459,JVASP-22085,Ca3MnN3,14,63,orthorhombic,-1.05233,0.0,train
1761,25376,JVASP-8450,DyCuSb2,8,129,tetragonal,-0.60486,0.0,train
1762,63501,JVASP-133558,VO2,9,12,monoclinic,-2.45029,0.0,train
1763,37474,JVASP-29289,ZnC2S2O6F6,17,148,trigonal,-1.43897,5.96,train
1764,68242,JVASP-149529,Pd3Pb2Se2,7,166,trigonal,-0.40766,0.0,train
1765,2630,JVASP-86288,Tb2Al4NiGe2,9,139,tetragonal,-0.6621,0.0,train
1766,8743,JVASP-68215,BeRu2Rh,4,119,tetragonal,0.031,0.0,train
1767,6255,JVASP-87874,NaZr2TiF11,15,12,monoclinic,-3.60517,0.0,train
1768,53985,JVASP-111978,LiFeF3,15,1,triclinic,-2.3761,0.0,train
1769,6176,JVASP-63339,Tb5Ge3B,18,193,hexagonal,-0.6759,0.0,train
1770,81430,JVASP-169608,Li5Ti2Fe3O10,20,2,triclinic,-2.27405,0.116,train
1771,75789,JVASP-156403,AcAgPb,3,216,cubic,-0.44209,0.0,train
1772,87283,JVASP-168325,Tm2Ge5Ru3,20,72,orthorhombic,-0.59324,0.0,train
1773,46506,JVASP-21599,Nb5Ni4P4,13,87,tetragonal,-0.80387,0.0,train
1774,3080,JVASP-15437,PrScGe,6,139,tetragonal,-0.73453,0.0,train
1775,28416,JVASP-36313,MgO,2,187,hexagonal,-2.65054,3.647,train
1776,56152,JVASP-122411,Li2V4CuNiO12,20,5,monoclinic,-2.19703,0.494,train
1777,65703,JVASP-132562,Pm3Pa,4,164,trigonal,0.0868,0.0,train
1778,70949,JVASP-146416,Zr3MnCo8,12,160,trigonal,-0.29313,0.0,train
1779,35994,JVASP-37729,Pm2InHg,4,225,cubic,-0.44074,0.0,train
1780,19888,JVASP-16073,SrSbPt,3,187,hexagonal,-0.99197,0.0,train
1781,18545,JVASP-105489,Hg2TeSe,4,160,trigonal,0.02606,0.0,train
1782,1242,JVASP-63989,Ba4SiPb,6,216,cubic,0.35959,0.0,train
1783,21374,JVASP-104766,AlGaN2,4,156,trigonal,-1.11182,2.776,train
1784,88064,JVASP-178609,Ba2BiPb,4,225,cubic,-0.70779,0.0,train
1785,29112,JVASP-1082,Mg2Sn,3,225,cubic,-0.25673,0.0,train
1786,13805,JVASP-94060,Mg6NbV,8,38,orthorhombic,0.28361,0.0,train
1787,89959,JVASP-187454,NbV3,4,225,cubic,0.05069,0.0,train
1788,76322,JVASP-161174,Ba2LiAg,4,225,cubic,-0.11872,0.0,train
1789,34945,JVASP-39376,PaFe3,4,221,cubic,-0.05626,0.0,train
1790,9762,JVASP-71709,BeRuRh2,4,119,tetragonal,-0.04325,0.0,train
1791,74781,JVASP-151550,NdCrGe3,10,194,hexagonal,-0.40889,0.0,train
1792,61306,JVASP-139521,Zr2N2O,5,164,trigonal,-2.26556,1.646,train
1793,10567,JVASP-53094,Cd3AsI3,7,6,monoclinic,-0.40556,0.854,train
1794,67395,JVASP-138340,TaSBr,3,99,tetragonal,0.24116,0.0,train
1795,27270,JVASP-78863,MgGa3,4,187,hexagonal,-0.00383,0.0,train
1796,73028,JVASP-146460,MgCr4FeO8,14,216,cubic,-2.00966,0.0,train
1797,49074,JVASP-114446,BaAuO2,4,99,tetragonal,-1.17374,0.0,train
1798,77988,JVASP-163370,Re4Cl8O9,21,2,triclinic,-1.18449,0.902,train
1799,22355,JVASP-106653,Nd2GaCo2,5,71,orthorhombic,-0.34225,0.0,train
1800,79170,JVASP-180864,CaAg2Ge,4,225,cubic,-0.27182,0.0,train
1801,16876,JVASP-101545,Ca3Cd,4,221,cubic,-0.17444,0.0,train
1802,43797,JVASP-109653,ZrAu,2,123,tetragonal,-0.55629,0.0,train
1803,25471,JVASP-50790,Ca3P2O8,13,6,monoclinic,-2.99148,4.981,train
1804,27863,JVASP-79395,Ti2ReTc,4,225,cubic,-0.46815,0.0,train
1805,68324,JVASP-145221,ErMnB4,24,55,orthorhombic,-0.68487,0.0,train
1806,62067,JVASP-136283,AgP,2,187,hexagonal,0.43271,0.0,train
1807,73161,JVASP-146633,Li5MnCo2O8,16,12,monoclinic,-1.89744,0.0,train
1808,56297,JVASP-121425,NdCo12B6,19,166,trigonal,-0.34169,0.0,train
1809,81559,JVASP-178796,VCrS,3,216,cubic,-0.09414,0.0,train
1810,88917,JVASP-163354,RbPH2O2,24,62,orthorhombic,-1.40601,5.298,train
1811,83854,JVASP-169289,Rb2CrCl4,7,139,tetragonal,-1.67586,0.0,train
1812,10545,JVASP-93185,KSrMg6,8,38,orthorhombic,0.05505,0.0,train
1813,45588,JVASP-22903,KHfPdF7,40,52,orthorhombic,-2.97078,0.794,train
1814,56912,JVASP-128689,RbN3,4,38,orthorhombic,0.66987,0.0,train
1815,78703,JVASP-185875,BaGaGe2,4,99,tetragonal,-0.27059,0.0,train
1816,42180,JVASP-25787,Na2PHO3,28,14,monoclinic,-1.95213,5.994,train
1817,80015,JVASP-180797,NaSb2,3,10,monoclinic,-0.16595,0.0,train
1818,49643,JVASP-116508,Li4MnCo2O7,28,8,monoclinic,-1.86915,0.025,train
1819,28493,JVASP-81624,LiCd2In,4,12,monoclinic,-0.12437,0.0,train
1820,76122,JVASP-161361,Ca2ZnCu,4,225,cubic,-0.23485,0.0,train
1821,71725,JVASP-149672,CeCoGe2,8,63,orthorhombic,-0.69526,0.0,train
1822,26132,JVASP-57483,WO3,12,191,hexagonal,-2.33446,0.632,train
1823,44878,JVASP-21091,LiSi2N3,12,36,orthorhombic,-1.26168,5.301,train
1824,32006,JVASP-22215,Li2US3,12,12,monoclinic,-1.47216,0.0,train
1825,74526,JVASP-154415,K3Sn4Au,16,59,orthorhombic,-0.40315,0.375,train
1826,3840,JVASP-88747,TlZnPO4,28,4,monoclinic,-1.91856,4.009,train
1827,51131,JVASP-113251,Li4Cr3Sn3Te2O16,28,8,monoclinic,-1.79223,0.0,train
1828,8679,JVASP-86554,HgCSO3F3,18,2,triclinic,-1.20003,3.362,train
1829,76697,JVASP-158182,KCd2As2,5,139,tetragonal,-0.29102,0.0,train
1830,53038,JVASP-118395,GePbS3,5,99,tetragonal,-0.30716,0.0,train
1831,69748,JVASP-152166,ZrCr2,12,194,hexagonal,-0.0497,0.0,train
1832,54954,JVASP-123371,ArZr,2,187,hexagonal,1.04123,0.0,train
1833,46850,JVASP-52257,Li2WS4,7,121,tetragonal,-1.0137,1.738,train
1834,88128,JVASP-178180,CeZnAu2,4,225,cubic,-0.61085,0.0,train
1835,85056,JVASP-168987,Mo2As3P,6,8,monoclinic,-0.27929,0.0,train
1836,41563,JVASP-10244,K2CuF4,14,64,orthorhombic,-2.45834,0.152,train
1837,80236,JVASP-167676,LiErSn,24,186,hexagonal,-0.68982,0.0,train
1838,61724,JVASP-138682,Sr2AgO3,6,71,orthorhombic,-2.16934,0.0,train
1839,92519,JVASP-189733,Sc2AlTl,4,123,tetragonal,-0.37362,0.0,train
1840,24988,JVASP-10094,Sr3GaN3,14,176,hexagonal,-0.82711,0.708,train
1841,81864,JVASP-184059,Rb2GaO2,5,139,tetragonal,-1.36549,0.0,train
1842,69371,JVASP-148330,Mg2Sc3MnS8,14,166,trigonal,-1.66595,0.0,train
1843,82100,JVASP-183669,CaCoN,6,131,tetragonal,-0.7734,0.0,train
1844,59181,JVASP-125489,CaAl3,4,221,cubic,-0.23831,0.0,train
1845,18210,JVASP-103270,La2GaAg,4,225,cubic,-0.45211,0.0,train
1846,90652,JVASP-191406,TaHRh3,5,221,cubic,-0.45546,0.0,train
1847,65146,JVASP-144303,Na2Ga2GeS6,22,43,orthorhombic,-0.88895,2.487,train
1848,7885,JVASP-91932,TbH3,8,194,hexagonal,-0.65614,0.0,train
1849,33274,JVASP-59667,V2P,12,62,orthorhombic,-0.75033,0.0,train
1850,69660,JVASP-147332,Li2MgTi3O8,14,160,trigonal,-3.04918,2.401,train
1851,58579,JVASP-126619,TmAg,2,187,hexagonal,-0.17987,0.0,train
1852,1914,JVASP-64655,Ba4CuHg,6,216,cubic,0.56265,0.0,train
1853,76654,JVASP-161598,AlVN2,4,187,hexagonal,-1.14089,0.0,train
1854,86761,JVASP-173871,MnTePb2O6,10,225,cubic,-1.28968,0.0,train
1855,92514,JVASP-188266,Ta3Mo,4,225,cubic,-0.08081,0.0,train
1856,20741,JVASP-18530,Pr3B2N4,9,71,orthorhombic,-1.43592,0.0,train
1857,25408,JVASP-57462,Yb3S2F4,9,139,tetragonal,-3.37406,0.0,train
1858,42810,JVASP-52513,LiTi4O8,13,166,trigonal,-3.04039,0.0,train
1859,24975,JVASP-8174,Sb2TeSe2,5,160,trigonal,-0.23647,0.4,train
1860,57718,JVASP-127662,W3N,4,123,tetragonal,1.49946,0.0,train
1861,36157,JVASP-37444,YOsO3,5,221,cubic,-1.67749,0.0,train
1862,54514,JVASP-120381,AsP,2,6,monoclinic,0.18708,0.0,train
1863,9605,JVASP-68029,Ti2MnBe,4,119,tetragonal,-0.01644,0.0,train
1864,50251,JVASP-112136,ZnH18C11O4,34,1,triclinic,-0.3718,4.815,train
1865,34027,JVASP-39096,SiTc2W,4,225,cubic,-0.33037,0.0,train
1866,44499,JVASP-109527,Er2ZnGa,4,225,cubic,-0.51894,0.0,train
1867,59553,JVASP-140403,Nb2Ni5Te6,26,2,triclinic,-0.32562,0.0,train
1868,89513,JVASP-193093,Be2NiRu,4,225,cubic,-0.38087,0.0,train
1869,50891,JVASP-112255,H6C6O,52,14,monoclinic,-0.13399,2.579,train
1870,90577,JVASP-190175,YScRuRh,4,216,cubic,-0.74142,0.0,train
1871,30148,JVASP-57438,Ba2PrIrO6,20,128,tetragonal,-2.48495,0.0,train
1872,57348,JVASP-127419,MnGe7,8,215,cubic,0.17595,0.0,train
1873,3069,JVASP-91760,NaCd4As3,8,166,trigonal,-0.20609,0.0,train
1874,7689,JVASP-87025,Li2BeSiO4,16,7,monoclinic,-2.82719,6.397,train
1875,4924,JVASP-69019,Ba2SnTe,4,225,cubic,-0.956,0.0,train
1876,16141,JVASP-99785,Ho2AgOs,4,225,cubic,-0.40311,0.0,train
1877,44969,JVASP-25367,Sr,1,229,cubic,0.00187,0.0,train
1878,3633,JVASP-98353,BaAl4O7,48,62,orthorhombic,-3.2923,4.324,train
1879,89322,JVASP-170211,CuPdF6,8,148,trigonal,-1.47874,0.0,train
1880,7855,JVASP-68398,Be2OsCl,4,123,tetragonal,0.02241,0.0,train
1881,8057,JVASP-88321,BH5CSN2,40,62,orthorhombic,-0.23587,3.86,train
1882,32712,JVASP-35633,MnAg2GeTe4,8,121,tetragonal,-0.0181,0.0,train
1883,52372,JVASP-118741,MnSbO4,6,10,monoclinic,-1.46164,0.0,train
1884,55954,JVASP-122225,Ba2LaTlCu2O7,13,25,orthorhombic,-2.05273,0.0,train
1885,18744,JVASP-104721,MgNiO2,4,166,trigonal,-1.85603,0.911,train
1886,49424,JVASP-116387,SbPbO2,4,99,tetragonal,-0.96954,0.0,train
1887,55959,JVASP-121880,Ba6Mn2ZnCl6F12,27,147,trigonal,-3.14759,2.49,train
1888,93315,JVASP-189752,Ta2MoW,4,123,tetragonal,-0.02446,0.0,train
1889,17791,JVASP-102300,Tb2CoGe2,10,12,monoclinic,-0.77742,0.005,train
1890,55057,JVASP-122004,Li3Mn2CoO6,12,2,triclinic,-1.88648,0.0,train
1891,3744,JVASP-90731,LiH2N,8,15,monoclinic,-0.52422,2.691,train
1892,597,JVASP-48923,Li2MnO2F,6,71,orthorhombic,-2.34448,1.079,train
1893,36102,JVASP-38240,Rb3Hf,4,225,cubic,1.07302,0.0,train
1894,64341,JVASP-142297,RbYMo2O8,24,15,monoclinic,-2.66446,3.152,train
1895,3361,JVASP-69196,KBa2Ni,4,225,cubic,0.32587,0.0,train
1896,40529,JVASP-17947,CeGe2,6,141,tetragonal,-0.56744,0.0,train
1897,53288,JVASP-117465,BaBSe,3,99,tetragonal,0.53196,0.0,train
1898,17904,JVASP-28833,Te4MoW3Se2S2,12,156,trigonal,-0.30474,0.141,train
1899,17781,JVASP-101071,ZrNbAl6,8,123,tetragonal,-0.45221,0.0,train
1900,73714,JVASP-148872,RbBi2,6,227,cubic,-0.37829,0.0,train
1901,52804,JVASP-118124,SrPCl2,4,99,tetragonal,-1.06895,0.0,train
1902,42701,JVASP-25662,K3LuSi2O7,26,194,hexagonal,-2.91519,3.526,train
1903,90194,JVASP-190032,Hf2BeTc,4,123,tetragonal,-0.34481,0.0,train
1904,4243,JVASP-86465,LaNi4B,12,191,hexagonal,-0.43932,0.0,train
1905,59360,JVASP-142388,Sm3SiS6Cl,22,4,monoclinic,-1.85458,1.81,train
1906,14635,JVASP-92719,Ti2H2Pd,5,139,tetragonal,-0.48165,0.0,train
1907,27316,JVASP-10908,CaTi2F10,13,5,monoclinic,-3.6191,4.126,train
1908,21144,JVASP-106932,AcSe3,4,139,tetragonal,-1.1699,0.0,train
1909,49596,JVASP-112018,H5C8SNO,16,1,triclinic,-0.02091,0.952,train
1910,52245,JVASP-117715,BiOF,3,99,tetragonal,-0.18458,1.217,train
1911,7313,JVASP-85697,Fe2CuAs2H2O10,17,2,triclinic,-1.09165,0.328,train
1912,24592,JVASP-14392,YbTaO4,12,13,monoclinic,-2.98739,0.0,train
1913,26994,JVASP-36131,HfPd,4,63,orthorhombic,-0.69657,0.0,train
1914,93334,JVASP-189374,MgTiRh2,4,123,tetragonal,-0.77858,0.0,train
1915,6018,JVASP-66966,BeNbRh,3,107,tetragonal,-0.36481,0.0,train
1916,61281,JVASP-140668,Y2Th8O19,29,115,tetragonal,-4.10335,2.857,train
1917,31958,JVASP-41045,Zn2NiRh,4,225,cubic,-0.33316,0.0,train
1918,92984,JVASP-188723,Ti3Ga2Rh,6,123,tetragonal,-0.54505,0.0,train
1919,41333,JVASP-10248,Rb2Li2GeO4,18,2,triclinic,-2.00955,3.705,train
1920,86394,JVASP-165995,PrInPd,9,189,hexagonal,-0.80831,0.0,train
1921,63617,JVASP-136894,KP,2,47,orthorhombic,-0.05498,0.0,train
1922,82245,JVASP-168914,SrSm3Mn4O12,20,6,monoclinic,-2.78093,0.0,train
1923,33086,JVASP-23511,CaRuO3,20,62,orthorhombic,-2.06987,0.0,train
1924,42182,JVASP-17437,LiB,8,62,orthorhombic,-0.18921,0.0,train
1925,34204,JVASP-4564,AlPO4,6,82,tetragonal,-2.75852,5.891,train
1926,5158,JVASP-66315,Ba4GeP,6,216,cubic,0.35662,0.0,train
1927,22483,JVASP-51322,AlTc2Pb,4,216,cubic,0.57732,0.0,train
1928,43967,JVASP-26039,RbMgF3,30,194,hexagonal,-3.49581,7.304,train
1929,16144,JVASP-15360,PrCo2B2,5,139,tetragonal,-0.50618,0.0,train
1930,52948,JVASP-118314,SrOF2,4,123,tetragonal,-2.12469,0.0,train
1931,26817,JVASP-11519,CoSi2O6,18,15,monoclinic,-2.10898,0.0,train
1932,32970,JVASP-20290,Sc2O3,40,206,cubic,-3.81476,3.846,train
1933,7174,JVASP-67929,MgBeTe2,4,99,tetragonal,-0.36183,0.0,train
1934,46193,JVASP-40245,RbZnH2Se2BrO6,26,13,monoclinic,-1.15315,4.13,train
1935,82747,JVASP-182939,NaCr2O3,6,164,trigonal,-1.80897,0.0,train
1936,58845,JVASP-126743,ZnIn,2,187,hexagonal,0.11727,0.0,train
1937,19941,JVASP-2044,Ca2AsI,4,166,trigonal,-1.52948,1.499,train
1938,59838,JVASP-140889,CaBi2Au6,18,156,trigonal,-0.32388,0.0,train
1939,64693,JVASP-134463,CdI2,3,191,hexagonal,0.17308,0.0,train
1940,50249,JVASP-115151,ZnInS,3,99,tetragonal,0.18703,0.0,train
1941,21390,JVASP-104875,Tb2TlHg,4,225,cubic,-0.39049,0.0,train
1942,52020,JVASP-117298,Mn8O13F3,24,1,triclinic,-1.9238,0.0,train
1943,29872,JVASP-57567,AgHgSBr,16,51,orthorhombic,-0.20431,1.206,train
1944,76217,JVASP-161333,Ca2AlHg,4,225,cubic,-0.39415,0.0,train
1945,77531,JVASP-108484,Yb2Pt2Pb,10,127,tetragonal,-1.00489,0.0,train
1946,34208,JVASP-21585,SmSi3Ni,10,65,orthorhombic,-0.63553,0.0,train
1947,85685,JVASP-165968,PrBi2Au,8,129,tetragonal,-0.62458,0.0,train
1948,86905,JVASP-169033,KFeH5S2O10,19,1,triclinic,-1.32035,0.235,train
1949,54592,JVASP-119936,BaCN2,4,123,tetragonal,2.26571,0.0,train
1950,28647,JVASP-80227,CdRh2Pb,4,12,monoclinic,0.10626,0.0,train
1951,28854,JVASP-20858,Na2Ta4O11,34,167,trigonal,-2.95082,3.524,train
1952,10706,JVASP-69621,Be2VFe,4,216,cubic,-0.16551,0.0,train
1953,57466,JVASP-127481,HgMo,2,221,cubic,0.98482,0.0,train
1954,6259,JVASP-86941,Ba2CaReO6,10,225,cubic,-2.76182,0.0,train
1955,80938,JVASP-185040,ZrZnRh,3,187,hexagonal,-0.21822,0.0,train
1956,21551,JVASP-18767,Li2AlRh,4,216,cubic,-0.53433,0.0,train
1957,4147,JVASP-69045,BaVTe2,4,99,tetragonal,-0.58254,0.0,train
1958,70264,JVASP-157015,Sm2GaHg,4,225,cubic,-0.46778,0.0,train
1959,24271,JVASP-48613,CrPO4,24,62,orthorhombic,-2.19432,1.056,train
1960,76695,JVASP-158766,ErHfOs2,4,225,cubic,-0.50816,0.0,train
1961,56427,JVASP-126945,YbAu3,4,221,cubic,-0.72095,0.0,train
1962,56256,JVASP-121417,CaMo6S8,15,148,trigonal,-0.97425,0.0,train
1963,75641,JVASP-156126,Ce2N,6,136,tetragonal,-0.97811,0.0,train
1964,35828,JVASP-37476,DyYCu2,4,225,cubic,-0.31235,0.0,train
1965,39659,JVASP-53363,K3ClO,10,38,orthorhombic,-1.57076,1.288,train
1966,68356,JVASP-147306,KYBeF6,18,11,monoclinic,-3.83524,7.587,train
1967,57774,JVASP-126408,Pb3O,4,221,cubic,0.07355,0.0,train
1968,35807,JVASP-39477,Re2C,6,194,hexagonal,-0.03604,0.0,train
1969,44193,JVASP-36948,RbCaBr3,20,62,orthorhombic,-2.08494,4.479,train
1970,68486,JVASP-154026,HoZn3,16,62,orthorhombic,-0.39087,0.0,train
1971,67293,JVASP-136498,CuCl2,3,47,orthorhombic,-0.13855,0.0,train
1972,88904,JVASP-173516,Sr3Si2As4,18,15,monoclinic,-0.88597,0.895,train
1973,27800,JVASP-78921,LiIr3,4,44,orthorhombic,-0.21334,0.0,train
1974,13343,JVASP-15606,YMgGa,9,189,hexagonal,-0.54336,0.0,train
1975,26866,JVASP-55540,InAgP2Se6,20,163,trigonal,-0.20364,0.463,train
1976,42983,JVASP-107886,MgBr2O6,9,12,monoclinic,-0.48757,3.834,train
1977,62715,JVASP-124516,ScI3,4,123,tetragonal,-0.74191,0.0,train
1978,17900,JVASP-102992,YbTmPd2,4,225,cubic,-0.98258,0.0,train
1979,81700,JVASP-166270,NpH3,24,165,trigonal,-0.23188,0.0,train
1980,70517,JVASP-155443,MnCu2HgSe4,8,121,tetragonal,-0.17727,0.0,train
1981,53185,JVASP-119492,MnVGa5,14,65,orthorhombic,-0.14738,0.0,train
1982,77838,JVASP-164006,Mg6Ni16As7,29,225,cubic,-0.34168,0.0,train
1983,10165,JVASP-71598,Be2BiMo,4,123,tetragonal,0.44249,0.0,train
1984,83333,JVASP-175017,TePIr,24,61,orthorhombic,-0.45306,0.814,train
1985,29196,JVASP-1154,GeTe,2,225,cubic,-0.09207,0.496,train
1986,25598,JVASP-50795,Li3BiS3,14,148,trigonal,-1.08729,2.472,train
1987,88100,JVASP-168762,Tm3SbO7,22,63,orthorhombic,-3.24612,2.762,train
1988,26116,JVASP-57822,Y2Zr2O7,22,227,cubic,-3.75002,2.965,train
1989,18158,JVASP-5200,BiSeI,12,62,orthorhombic,-0.43535,1.529,train
1990,22844,JVASP-55309,Y2Mn2O7,22,227,cubic,-2.84065,1.113,train
1991,18195,JVASP-15798,SrGe2,3,164,trigonal,-0.57309,0.0,train
1992,2288,JVASP-98880,BaAlH5,28,33,orthorhombic,-0.43914,2.95,train
1993,34328,JVASP-41469,Be2CuRh,4,225,cubic,-0.40483,0.0,train
1994,70636,JVASP-147535,Y4CdIr,24,216,cubic,-0.59493,0.0,train
1995,57498,JVASP-126327,PuNi3,4,221,cubic,0.28649,0.0,train
1996,51236,JVASP-107589,Sr2Mn3Bi2O2,9,139,tetragonal,-1.04665,0.0,train
1997,78644,JVASP-179724,InPdAu2,4,99,tetragonal,-0.22525,0.0,train
1998,43883,JVASP-108972,Na2TmCuCl6,10,225,cubic,-1.65082,1.55,train
1999,609,JVASP-88010,Ag2W2O7,22,2,triclinic,-1.80083,1.368,train
2000,23923,JVASP-8292,MgSn2N2,5,115,tetragonal,-0.16734,0.0,train
2001,22010,JVASP-106540,KCa3,4,225,cubic,0.13439,0.0,train
2002,65599,JVASP-141048,LiV2OF5,27,152,trigonal,-2.92932,0.507,train
2003,59233,JVASP-144871,Mn6O5F7,18,1,triclinic,-2.14293,0.0,train
2004,55531,JVASP-122944,VFe,2,221,cubic,-0.12899,0.0,train
2005,90046,JVASP-194510,BeCo2Mo,4,123,tetragonal,-0.19952,0.0,train
2006,51474,JVASP-110845,Pm2NiGe,4,225,cubic,-0.52657,0.0,train
2007,91303,JVASP-187113,Nb2VRh,4,123,tetragonal,-0.23569,0.0,train
2008,62017,JVASP-103023,AuBr2,6,131,tetragonal,0.13555,0.0,train
2009,92855,JVASP-193337,ZrScZn2,4,225,cubic,-0.34461,0.0,train
2010,87259,JVASP-179364,Sr2LiF,4,225,cubic,-0.89809,0.0,train
2011,38498,JVASP-45932,LiVCoO4,14,74,orthorhombic,-2.03193,0.0,train
2012,85962,JVASP-173418,MoW2S6,9,1,triclinic,-0.77468,0.863,train
2013,31755,JVASP-21888,Sc2InNi2,10,127,tetragonal,-0.58168,0.0,train
2014,80778,JVASP-180514,NbH2O2,5,164,trigonal,-1.21328,0.0,train
2015,9947,JVASP-75800,CuSi2As,4,216,cubic,0.57717,0.0,train
2016,72670,JVASP-152646,HoRu2,12,194,hexagonal,-0.38074,0.0,train
2017,75939,JVASP-156410,CeHgPb,3,216,cubic,-0.15483,0.0,train
2018,14080,JVASP-94842,CdPb2Cl2O2,7,12,monoclinic,-1.28727,2.481,train
2019,55472,JVASP-122924,BeV,2,221,cubic,0.02178,0.0,train
2020,77895,JVASP-165478,La5Sn3Br,18,193,hexagonal,-1.02728,0.0,train
2021,65291,JVASP-134204,BiTeO,3,99,tetragonal,0.50185,0.0,train
2022,48438,JVASP-110579,In2AgTe3Br,7,123,tetragonal,-0.26757,0.0,train
2023,53623,JVASP-119742,Co6O7F5,18,5,monoclinic,-1.41009,0.0,train
2024,59658,JVASP-142108,Tm5S7,12,12,monoclinic,-2.22473,0.0,train
2025,64858,JVASP-143594,LiMg16Al12,29,160,trigonal,-0.08118,0.0,train
2026,56202,JVASP-125527,Al3O,4,221,cubic,-0.03422,0.0,train
2027,45971,JVASP-20531,HoCu,2,221,cubic,-0.32355,0.0,train
2028,54562,JVASP-119921,SrBH,3,99,tetragonal,1.0753,0.0,train
2029,76594,JVASP-158212,YMg2Ag2,5,139,tetragonal,-0.24682,0.0,train
2030,20736,JVASP-11984,CoRe3,8,194,hexagonal,-0.07452,0.0,train
2031,13683,JVASP-75031,BeMo4W,6,216,cubic,0.38503,0.0,train
2032,25090,JVASP-11758,Ho6WO12,19,148,trigonal,-3.58754,0.472,train
2033,11096,JVASP-71534,Sr2BeIr,4,99,tetragonal,-0.05344,0.0,train
2034,13235,JVASP-5665,TaTe2Cl6,18,2,triclinic,-1.00329,0.803,train
2035,83550,JVASP-169722,MgAu2,3,71,orthorhombic,-0.52609,0.0,train
2036,39218,JVASP-44643,Li2CrNiO4,8,119,tetragonal,-1.84922,0.0,train
2037,63667,JVASP-141474,Ba4PrYCu6O14,26,115,tetragonal,-2.02952,0.0,train
2038,8869,JVASP-75636,AsPt2W,4,216,cubic,-0.00243,0.0,train
2039,59601,JVASP-142104,ZrFeSi,12,62,orthorhombic,-0.75407,0.0,train
2040,87948,JVASP-176609,Sn4As3,7,166,trigonal,-0.10151,0.0,train
2041,48440,JVASP-106382,AlCuNi6,8,123,tetragonal,-0.19368,0.0,train
2042,51142,JVASP-116984,La5SbPb3,18,193,hexagonal,-0.81409,0.0,train
2043,83065,JVASP-169267,CaMgAsO4F,16,15,monoclinic,-2.68525,4.008,train
2044,72398,JVASP-146078,Sr2CoBr2O2,7,139,tetragonal,-2.13682,0.0,train
2045,47739,JVASP-55229,TbInNi,9,189,hexagonal,-0.54242,0.0,train
2046,68808,JVASP-153416,Sr2FeO3F,14,129,tetragonal,-2.77734,0.0,train
2047,38281,JVASP-47067,LiMnPO4,28,60,orthorhombic,-2.17501,1.651,train
2048,9690,JVASP-71246,Be2CoBr,4,99,tetragonal,0.30029,0.0,train
2049,42674,JVASP-922,Mn,29,217,cubic,0.0,0.0,train
2050,59624,JVASP-137388,CoOF,24,5,monoclinic,-1.46044,0.0,train
2051,20271,JVASP-18640,TlBi2,3,191,hexagonal,-0.01852,0.0,train
2052,58548,JVASP-129423,NePm3,4,164,trigonal,0.3195,0.0,train
2053,50927,JVASP-113192,Ba4CeMn3O12,20,166,trigonal,-2.76746,1.517,train
2054,40562,JVASP-12397,Ba2CePtO6,10,225,cubic,-2.62156,1.599,train
2055,56831,JVASP-128613,TaXe,2,187,hexagonal,2.48366,0.0,train
2056,11589,JVASP-71160,BeBiBr2,4,99,tetragonal,0.01357,0.0,train
2057,12074,JVASP-105981,TePb2S,4,123,tetragonal,-0.44058,0.446,train
2058,62356,JVASP-142213,U4Ge6Os7,17,229,cubic,-0.39681,0.0,train
2059,10020,JVASP-70240,NaBe2Cr,4,99,tetragonal,0.55234,0.0,train
2060,56623,JVASP-128502,InKr,2,187,hexagonal,0.29991,0.0,train
2061,60332,JVASP-140438,HfCrCuSe4,14,74,orthorhombic,-0.81911,0.032,train
2062,36522,JVASP-37524,TbAs3,8,194,hexagonal,-0.52187,0.0,train
2063,48695,JVASP-115882,TiNCl4,6,87,tetragonal,-0.49596,0.0,train
2064,44502,JVASP-108722,TlBiS2,4,123,tetragonal,-0.31768,0.0,train
2065,75065,JVASP-147278,Sm3AlFeS7,24,173,hexagonal,-1.72592,0.4,train
2066,62815,JVASP-141651,Li4Mn3Cr3Sb2O16,28,8,monoclinic,-1.9866,0.0,train
2067,51068,JVASP-113233,Li4Cr5BiO12,22,12,monoclinic,-2.0203,0.0,train
2068,63768,JVASP-111438,Dy4Ga16Co3,23,123,tetragonal,-0.50374,0.0,train
2069,9850,JVASP-91327,Nd2W3O12,34,15,monoclinic,-2.69562,1.092,train
2070,64880,JVASP-130012,Pu7Ti,8,16,orthorhombic,0.18773,0.0,train
2071,81534,JVASP-170648,Dy6AgGe2S14,23,143,trigonal,-1.56393,0.0,train
2072,81346,JVASP-178788,CrTeO3,5,221,cubic,-0.99488,0.0,train
2073,22051,JVASP-107438,Er2CdOs,4,225,cubic,-0.35493,0.0,train
2074,78820,JVASP-178695,ZrBe2Rh2,5,139,tetragonal,-0.66902,0.0,train
2075,20130,JVASP-102781,CeSiBRh3,6,187,hexagonal,-0.75558,0.0,train
2076,68258,JVASP-155376,Cu2GePbSe4,8,121,tetragonal,-0.25134,0.551,train
2077,45857,JVASP-57682,Pr3Te4,14,220,cubic,-1.49926,0.0,train
2078,37648,JVASP-38860,ErLuMg2,4,225,cubic,-0.04068,0.0,train
2079,266,JVASP-37031,TiFe2Sb,4,225,cubic,-0.23465,0.0,train
2080,65852,JVASP-111812,La3PrCo8P8,20,123,tetragonal,-1.00099,0.0,train
2081,29576,JVASP-36241,ReC2,3,187,hexagonal,0.41459,0.0,train
2082,77418,JVASP-155033,Nd2Ga2Co15,19,166,trigonal,-0.10203,0.0,train
2083,16704,JVASP-101486,K2RbAuBr6,10,225,cubic,-1.01106,0.0,train
2084,48150,JVASP-110968,UReSi2Ru,5,119,tetragonal,-0.43706,0.0,train
2085,83652,JVASP-170730,Ce6MnSb15,22,44,orthorhombic,-0.63704,0.0,train
2086,12002,JVASP-93436,CaAu5,6,216,cubic,-0.45172,0.0,train
2087,55799,JVASP-123993,Pr3Au,4,164,trigonal,-0.2895,0.0,train
2088,18518,JVASP-102550,PmSmAl2,4,225,cubic,-0.41073,0.0,train
2089,62831,JVASP-130700,Li8Pd,9,156,trigonal,-0.14567,0.0,train
2090,17046,JVASP-100696,Rb3SbF6,10,225,cubic,-2.70852,3.979,train
2091,116,JVASP-48383,NaFePO4,14,63,orthorhombic,-1.99266,0.0,train
2092,11838,JVASP-107881,Li2CuSnO4,8,119,tetragonal,-1.67273,0.0,train
2093,35965,JVASP-27266,MnCr2O4,14,227,cubic,-1.96164,0.572,train
2094,83232,JVASP-164165,Nd2Zn15Ge2,19,166,trigonal,-0.2221,0.0,train
2095,42331,JVASP-98501,La3MnGaS7,24,173,hexagonal,-1.74302,0.0,train
2096,82286,JVASP-176432,Nd4Zn3Au5,12,6,monoclinic,-0.75837,0.0,train
2097,36591,JVASP-898,In,1,139,tetragonal,0.0,0.0,train
2098,87510,JVASP-165773,K3MgPCO7,26,59,orthorhombic,-2.33519,5.004,train
2099,43445,JVASP-109766,CrFeSi2,8,4,monoclinic,-0.28749,0.0,train
2100,4662,JVASP-62522,KAs2F7,40,14,monoclinic,-2.4084,4.933,train
2101,74900,JVASP-154877,U2Zn17,19,166,trigonal,-0.06929,0.0,train
2102,71881,JVASP-155673,KSn2Rh2,5,139,tetragonal,-0.35062,0.0,train
2103,87908,JVASP-184360,Ni2F,3,1,triclinic,-0.53483,0.0,train
2104,22889,JVASP-32367,HgNO2,16,14,monoclinic,-0.13313,1.795,train
2105,72703,JVASP-153858,Tb3Ru,16,62,orthorhombic,-0.33675,0.0,train
2106,67797,JVASP-136742,NaHN2,4,99,tetragonal,1.38304,0.0,train
2107,25000,JVASP-30285,Co2NiO6,9,12,monoclinic,-0.9196,0.0,train
2108,15388,JVASP-92590,NdSi2Ir2,5,139,tetragonal,-0.85734,0.0,train
2109,66580,JVASP-132737,MgRu,2,187,hexagonal,0.11571,0.0,train
2110,43791,JVASP-26773,Sm3CuGeS7,24,173,hexagonal,-1.59659,1.78,train
2111,18046,JVASP-103668,Zn2NiO3,6,71,orthorhombic,-1.19423,0.083,train
2112,11020,JVASP-69716,MnBe2In,4,99,tetragonal,0.31431,0.0,train
2113,52748,JVASP-118963,TmTc2,12,194,hexagonal,-0.27284,0.0,train
2114,8480,JVASP-69869,Be2PtRh,4,99,tetragonal,-0.53371,0.0,train
2115,93544,JVASP-191462,HfNbTc2,4,225,cubic,-0.44408,0.0,train
2116,64899,JVASP-123593,NaP3,4,8,monoclinic,-0.05045,0.0,train
2117,6230,JVASP-85620,CeZn3,8,63,orthorhombic,-0.31118,0.0,train
2118,42106,JVASP-16465,CaHg,2,221,cubic,-0.50932,0.0,train
2119,71246,JVASP-151644,U3O8,11,189,hexagonal,-3.43055,0.074,train
2120,4889,JVASP-22725,HfSiRu2,4,225,cubic,-0.73328,0.125,train
2121,21965,JVASP-18861,TbAgPb,6,186,hexagonal,-0.42912,0.0,train
2122,27697,JVASP-11590,Sr4CaFe2S2O6,15,115,tetragonal,-2.34205,0.0,train
2123,44381,JVASP-58584,MgCu2O4,14,74,orthorhombic,-1.1996,0.0,train
2124,80905,JVASP-173128,K6CdO4,22,186,hexagonal,-1.32865,1.832,train
2125,50182,JVASP-115110,SbIO,3,187,hexagonal,0.43861,0.0,train
2126,55391,JVASP-123674,KSe2,3,12,monoclinic,-0.68375,0.0,train
2127,70316,JVASP-157189,La2CdAg,4,225,cubic,-0.31936,0.0,train
2128,87393,JVASP-163617,LaRe2Si2,10,74,orthorhombic,-0.5317,0.0,train
2129,61432,JVASP-134371,CaI,2,123,tetragonal,-0.91763,0.0,train
2130,65350,JVASP-138269,TlBiS2,4,166,trigonal,-0.50243,0.432,train
2131,56146,JVASP-122392,Li4VF6,11,12,monoclinic,-2.98526,1.917,train
2132,19416,JVASP-101690,TaTi,2,65,orthorhombic,0.04701,0.0,train
2133,31827,JVASP-35605,ZrZnF6,8,225,cubic,-3.32041,6.252,train
2134,72676,JVASP-155698,SrLi2Pd2,5,139,tetragonal,-0.506,0.0,train
2135,17916,JVASP-2199,MgSiP2,8,122,tetragonal,-0.48997,1.458,train
2136,93841,JVASP-187819,ScMoRu2,4,225,cubic,-0.26208,0.0,train
2137,48322,JVASP-110474,Tc3Ge,4,225,cubic,0.11152,0.0,train
2138,20335,JVASP-104921,TePb3Br2O4,10,38,orthorhombic,-1.26667,1.898,train
2139,88281,JVASP-166057,CaSeO4,12,88,tetragonal,-1.77953,3.249,train
2140,17063,JVASP-102222,CeIrPt,6,74,orthorhombic,-0.92668,0.0,train
2141,37507,JVASP-38742,NpSb3,8,194,hexagonal,-0.20232,0.0,train
2142,67068,JVASP-136167,SnBr2,3,6,monoclinic,-0.44316,0.0,train
2143,3416,JVASP-92218,Li3NbO4,8,139,tetragonal,-2.52053,1.043,train
2144,26216,JVASP-11775,Na3MoNO3,16,31,orthorhombic,-1.74313,3.81,train
2145,58712,JVASP-129516,NdIn,2,123,tetragonal,-0.52502,0.0,train
2146,4693,JVASP-65684,K2BaV,4,99,tetragonal,0.65144,0.0,train
2147,60510,JVASP-138647,SiAgO,3,187,hexagonal,0.26919,0.0,train
2148,6728,JVASP-87985,Li7TaO6,14,146,trigonal,-2.41258,4.448,train
2149,22713,JVASP-50071,Li8ZrO6,15,148,trigonal,-2.42889,4.982,train
2150,45898,JVASP-44533,Li3MgPCO7,26,4,monoclinic,-2.36806,5.7,train
2151,91080,JVASP-190535,Zr3CdN,5,221,cubic,-0.90016,0.0,train
2152,2894,JVASP-98606,SnSO4,24,62,orthorhombic,-1.46124,3.919,train
2153,85953,JVASP-186780,Li2RuO3,6,71,orthorhombic,-1.75183,0.0,train
2154,46202,JVASP-54512,VZn2P2O9,28,108,tetragonal,-2.1447,1.382,train
2155,59969,JVASP-137846,B2Pb,3,107,tetragonal,0.44217,0.0,train
2156,93722,JVASP-190873,VZnPd2,4,123,tetragonal,-0.36934,0.0,train
2157,27347,JVASP-9709,KAuF4,12,140,tetragonal,-1.88232,2.347,train
2158,68004,JVASP-133779,NaBSe2,4,166,trigonal,0.01528,0.0,train
2159,62792,JVASP-124522,TaI3,4,65,orthorhombic,0.27214,0.0,train
2160,48516,JVASP-31698,NbW3Se8,12,187,hexagonal,-0.47418,0.0,train
2161,65235,JVASP-144773,Li4Mn3TeO12,20,3,monoclinic,-1.78374,0.0,train
2162,71305,JVASP-152807,LiMo6S8,15,148,trigonal,-0.84735,0.0,train
2163,55681,JVASP-123008,VZn,2,221,cubic,0.19184,0.0,train
2164,90645,JVASP-187578,HfTi2BiH,5,123,tetragonal,-0.18274,0.0,train
2165,67095,JVASP-144113,Li7Mn2Co3O12,24,5,monoclinic,-1.93142,0.4,train
2166,4074,JVASP-65213,MgBeCu4,6,216,cubic,0.09464,0.0,train
2167,18993,JVASP-104537,KRb2TlCl6,10,225,cubic,-1.52763,2.306,train
2168,29578,JVASP-57251,XeO3,16,19,orthorhombic,1.3955,1.662,train
2169,88162,JVASP-173930,DyEr,2,187,hexagonal,0.0091,0.0,train
2170,70839,JVASP-150988,Tl2CuS2O6,11,12,monoclinic,-1.09365,0.163,train
2171,87358,JVASP-176254,Mg3AsN,5,221,cubic,-0.88596,1.522,train
2172,90999,JVASP-188357,La2YSc,4,123,tetragonal,0.00568,0.0,train
2173,84662,JVASP-169766,ThTaN3,20,62,orthorhombic,-1.70075,0.695,train
2174,3337,JVASP-69071,BaInBr2,4,123,tetragonal,-1.30277,0.0,train
2175,85416,JVASP-164219,Er3CuGeS7,24,173,hexagonal,-1.55533,1.649,train
2176,57396,JVASP-126303,Ni3Ir,4,221,cubic,0.03103,0.0,train
2177,50484,JVASP-115286,TePbO,3,99,tetragonal,-0.26405,0.0,train
2178,53566,JVASP-119667,Ag3PO4,16,161,trigonal,-1.16432,0.745,train
2179,73289,JVASP-149736,Mn3Ga,8,194,hexagonal,0.08067,0.0,train
2180,71719,JVASP-157229,Pr2ZnRh,4,225,cubic,-0.48951,0.0,train
2181,29796,JVASP-11163,Rb2NaRhF6,10,225,cubic,-2.57483,1.957,train
2182,40679,JVASP-17882,ZrSnIr,9,189,hexagonal,-0.74864,0.0,train
2183,9556,JVASP-71392,Na2BeCo,4,99,tetragonal,0.25457,0.0,train
2184,92567,JVASP-188714,Mg2SnRh3,6,164,trigonal,-0.65058,0.0,train
2185,55974,JVASP-122242,Ba3TiN3,14,176,hexagonal,-0.94175,0.0,train
2186,19896,JVASP-48137,LiMnF3,20,33,orthorhombic,-2.63958,2.363,train
2187,56562,JVASP-121497,Ba2CuP2O9,28,11,monoclinic,-2.33733,0.0,train
2188,8498,JVASP-75850,ZrCr2As,4,216,cubic,0.22291,0.0,train
2189,72099,JVASP-152228,NOF,12,19,orthorhombic,-0.47467,2.844,train
2190,90595,JVASP-192149,Zr2GaHg,4,123,tetragonal,-0.33701,0.0,train
2191,80162,JVASP-170583,KCu7S4,12,1,triclinic,-0.35819,0.549,train
2192,84371,JVASP-171110,Ho3Si2Sn3Rh9,17,189,hexagonal,-0.86423,0.0,train
2193,14788,JVASP-100125,K2RbNdCl6,10,225,cubic,-2.06706,4.451,train
2194,47727,JVASP-40968,ErRh2Pb,4,225,cubic,-0.57961,0.0,train
2195,25852,JVASP-11299,ZnCuF4,12,15,monoclinic,-1.99138,0.921,train
2196,73830,JVASP-153899,Mn5O8,13,12,monoclinic,-1.62864,0.0,train
2197,20502,JVASP-105231,PaInPd2,4,225,cubic,-0.58833,0.0,train
2198,11034,JVASP-48920,LiV2OF5,27,143,trigonal,-2.94332,0.349,train
2199,56382,JVASP-126933,TaAu3,4,221,cubic,0.26807,0.0,train
2200,87606,JVASP-167285,BaNa3PCO7,26,11,monoclinic,-2.31204,3.82,train
2201,75598,JVASP-156125,Ce2Co,6,136,tetragonal,-0.0436,0.0,train
2202,59210,JVASP-141781,Ti2AgN3,18,152,trigonal,-1.14002,1.002,train
2203,311,JVASP-37583,VFeRu2,4,225,cubic,-0.07385,0.0,train
2204,30024,JVASP-30634,W3O8,11,12,monoclinic,-2.00268,0.102,train
2205,1999,JVASP-98774,KGe2BO6,40,19,orthorhombic,-2.06661,3.498,train
2206,30144,JVASP-27664,Ca2Mo3O8,26,186,hexagonal,-2.32041,0.364,train
2207,23023,JVASP-18731,Ir3W,8,194,hexagonal,-0.3528,0.0,train
2208,65558,JVASP-136659,SrAlCl,3,99,tetragonal,-0.41891,0.0,train
2209,27351,JVASP-57096,BiAsO4,12,88,tetragonal,-1.42153,3.19,train
2210,3638,JVASP-14849,VNi3,4,139,tetragonal,-0.25555,0.0,train
2211,31462,JVASP-21840,SrPIr,12,198,cubic,-1.04863,0.0,train
2212,38411,JVASP-37096,BMo,4,63,orthorhombic,-0.44301,0.0,train
2213,17902,JVASP-101074,ZnCdTe2,4,160,trigonal,-0.42575,0.511,train
2214,33195,JVASP-58346,LiTiO2,16,227,cubic,-2.83607,0.0,train
2215,4765,JVASP-66541,BaNaGa,3,216,cubic,0.22878,0.0,train
2216,15440,JVASP-7565,HS,2,99,tetragonal,0.87841,0.0,train
2217,1624,JVASP-64709,Ba4BeBr,6,216,cubic,0.41746,0.0,train
2218,3758,JVASP-65788,Ba2NaFe,4,225,cubic,0.47257,0.0,train
2219,72104,JVASP-151436,Ta2FeB2,10,127,tetragonal,-0.64844,0.0,train
2220,2504,JVASP-91901,CeMg7,8,187,hexagonal,0.07743,0.0,train
2221,75716,JVASP-156459,YbAcGa,3,216,cubic,-0.30189,0.0,train
2222,75888,JVASP-156412,YInHg,3,216,cubic,-0.37692,0.021,train
2223,15967,JVASP-100647,NaPr2Cl6,9,147,trigonal,-2.19339,0.0,train
2224,66986,JVASP-134830,RbOF,3,99,tetragonal,-0.66503,2.246,train
2225,39241,JVASP-46852,LiCoPO4,14,148,trigonal,-1.93904,0.0,train
2226,45894,JVASP-16644,PrGe2,6,141,tetragonal,-0.63025,0.0,train
2227,55913,JVASP-123327,Ag3F,4,221,cubic,-0.40768,0.0,train
2228,50410,JVASP-116813,V6O7F5,18,1,triclinic,-2.69059,0.0,train
2229,10137,JVASP-68292,BeRu2Pb,4,99,tetragonal,0.34573,0.0,train
2230,81405,JVASP-167813,K2O,3,12,monoclinic,-1.27453,1.812,train
2231,48121,JVASP-110924,PrIn2Rh,8,63,orthorhombic,-0.61313,0.0,train
2232,72746,JVASP-152249,DyAlPd,12,62,orthorhombic,-0.91756,0.0,train
2233,69313,JVASP-155597,AcIn2Ag2,5,139,tetragonal,-0.33665,0.0,train
2234,52941,JVASP-118310,SnOF2,4,99,tetragonal,-1.18511,0.0,train
2235,19318,JVASP-101580,LiGa3,4,139,tetragonal,-0.20481,0.0,train
2236,7815,JVASP-86491,LaSi2Ru2,5,139,tetragonal,-0.8388,0.0,train
2237,40012,JVASP-86207,DyInNi,9,189,hexagonal,-0.54495,0.0,train
2238,17582,JVASP-15027,ErIr,2,221,cubic,-1.00712,0.0,train
2239,89293,JVASP-162412,Ca2BN2Cl,24,62,orthorhombic,-1.7373,3.432,train
2240,13399,JVASP-93212,CeMg6Co,8,38,orthorhombic,0.11828,0.0,train
2241,46687,JVASP-16683,LiAlAg2,4,225,cubic,-0.26856,0.0,train
2242,61058,JVASP-137872,BaPdBr,3,187,hexagonal,-0.54577,0.0,train
2243,72701,JVASP-154150,AlHO2,16,59,orthorhombic,-2.40215,3.644,train
2244,20592,JVASP-107462,LiThPt2,4,225,cubic,-1.02787,0.0,train
2245,8888,JVASP-69479,Be2TlSb,4,123,tetragonal,0.68177,0.0,train
2246,67611,JVASP-137822,SrBP,3,99,tetragonal,0.96784,1.55,train
2247,69214,JVASP-145474,MgMn5N4,20,59,orthorhombic,-0.29628,0.0,train
2248,22801,JVASP-50742,YbAlO3,10,194,hexagonal,-2.9511,0.0,train
2249,7018,JVASP-90159,IrN2Cl6,9,225,cubic,1.26397,0.0,train
2250,14723,JVASP-99756,Ca3Nd,4,225,cubic,0.08016,0.0,train
2251,51138,JVASP-116983,La3BeGaS7,24,173,hexagonal,-1.88481,2.401,train
2252,4448,JVASP-65536,Ba2VPb,4,225,cubic,0.18238,0.0,train
2253,27587,JVASP-79896,Yb2TlPb,4,225,cubic,-0.58873,0.0,train
2254,73899,JVASP-154663,CeB2ClO4,16,2,triclinic,-2.81575,0.0,train
2255,42642,JVASP-20472,NbAl3,4,139,tetragonal,-0.42786,0.0,train
2256,77810,JVASP-181692,NaPd2S2,5,139,tetragonal,-0.38041,0.0,train
2257,12798,JVASP-94262,LaP3,8,194,hexagonal,-0.43646,0.0,train
2258,27647,JVASP-79614,TmTlS2,4,166,trigonal,-1.62311,1.433,train
2259,82955,JVASP-186635,YIO2,4,99,tetragonal,-1.76856,0.0,train
2260,38945,JVASP-34886,MgTi2O4,14,227,cubic,-3.07274,0.0,train
2261,11705,JVASP-74521,Be2CrGe,4,123,tetragonal,0.23573,0.0,train
2262,79759,JVASP-183979,Ti2CoSn,4,216,cubic,-0.16396,0.0,train
2263,75180,JVASP-154453,LaF3,4,139,tetragonal,-4.28549,4.922,train
2264,1243,JVASP-90775,ZrSn,8,187,hexagonal,-0.18127,0.0,train
2265,15708,JVASP-103202,Rb2NaLaCl6,10,225,cubic,-2.20332,5.036,train
2266,90864,JVASP-192701,HfTi2CdC,5,123,tetragonal,-0.45794,0.0,train
2267,41352,JVASP-42975,Li4Mn3FeB4O12,24,1,triclinic,-2.13071,0.011,train
2268,44620,JVASP-40371,LiAlCu2,4,225,cubic,-0.25494,0.0,train
2269,27368,JVASP-79522,CuO,4,131,tetragonal,-0.73202,0.0,train
2270,55080,JVASP-122543,ArSn7,8,215,cubic,0.30863,0.0,train
2271,61849,JVASP-133151,EuMo6Se8,15,148,trigonal,-0.73562,0.0,train
2272,20373,JVASP-15975,BaMg2Si2,5,139,tetragonal,-0.39608,0.0,train
2273,8478,JVASP-89227,NaTh2F9,24,121,tetragonal,-4.11941,6.96,train
2274,19371,JVASP-101640,SmInCu4,6,216,cubic,-0.27258,0.0,train
2275,50088,JVASP-112111,ZnH6C5O4,16,1,triclinic,-0.62263,4.37,train
2276,77087,JVASP-155059,Hf3B2Ir5,20,127,tetragonal,-0.84235,0.0,train
2277,53757,JVASP-120068,CaTaO2,4,166,trigonal,-2.27001,0.0,train
2278,68019,JVASP-133783,NbBO,3,6,monoclinic,3.37546,0.0,train
2279,17287,JVASP-52841,NaH3SO5,20,9,monoclinic,-1.38823,5.801,train
2280,17927,JVASP-101520,Rb2LiLaCl6,10,225,cubic,-2.24712,4.53,train
2281,41649,JVASP-9926,MgBi2O4,14,63,orthorhombic,-1.55329,1.026,train
2282,73437,JVASP-151484,Y3Cu4Sn4,11,71,orthorhombic,-0.55946,0.0,train
2283,87783,JVASP-181689,NaPb,2,221,cubic,-0.19444,0.0,train
2284,26460,JVASP-78460,RbB,2,225,cubic,1.96749,0.0,train
2285,14843,JVASP-18895,NaZnAs,3,216,cubic,-0.34586,0.0,train
2286,17380,JVASP-100664,CeMnSi2Pd,5,119,tetragonal,-0.6287,0.0,train
2287,51963,JVASP-117280,Li2CrO2,5,12,monoclinic,-1.84223,0.0,train
2288,76604,JVASP-108282,Li2ZnBr4,28,62,orthorhombic,-1.33135,3.823,train
2289,3635,JVASP-69117,Ba2CaGe,4,225,cubic,-0.18574,0.0,train
2290,48670,JVASP-115869,IClO,3,99,tetragonal,0.29016,0.0,train
2291,19622,JVASP-102667,Th2Si3Ir,6,44,orthorhombic,-0.91887,0.0,train
2292,65180,JVASP-144304,Rb6HgSe4,22,186,hexagonal,-1.07856,1.204,train
2293,70272,JVASP-153198,Ag2GePbS4,16,40,orthorhombic,-0.35893,1.355,train
2294,13486,JVASP-92876,Mg6CrMo,8,38,orthorhombic,0.41373,0.0,train
2295,28254,JVASP-35970,LiZrSe2,4,164,trigonal,-1.43483,0.0,train
2296,74147,JVASP-145938,MgC8N6,30,53,orthorhombic,0.14564,2.931,train
2297,6562,JVASP-68369,KBe2Te,4,123,tetragonal,0.55025,0.0,train
2298,82844,JVASP-163807,Li5TaO5,22,15,monoclinic,-2.53876,3.928,train
2299,50987,JVASP-105003,K3TmCl6,10,225,cubic,-2.1657,4.562,train
2300,92564,JVASP-188268,TcMo3,4,225,cubic,0.04213,0.0,train
2301,59579,JVASP-140404,NaGdTi2O6,20,31,orthorhombic,-3.37941,2.355,train
2302,70308,JVASP-151618,La3Zn4Pt4,11,71,orthorhombic,-0.98558,0.0,train
2303,90152,JVASP-190031,Al2FePd,4,123,tetragonal,-0.66205,0.0,train
2304,12284,JVASP-107898,CaAg3,4,225,cubic,-0.25743,0.0,train
2305,58380,JVASP-128071,Pt3I,4,221,cubic,0.63216,0.0,train
2306,71400,JVASP-154114,Tb3In5,16,63,orthorhombic,-0.49453,0.0,train
2307,293,JVASP-38842,MgMnRh2,4,225,cubic,-0.30028,0.0,train
2308,26565,JVASP-51419,NbO,2,123,tetragonal,-1.28503,0.0,train
2309,33478,JVASP-58350,V5As3,16,140,tetragonal,-0.3732,0.0,train
2310,57346,JVASP-128922,BaSe,2,221,cubic,-2.03054,1.323,train
2311,57522,JVASP-122412,LiAlH4,12,88,tetragonal,-0.2441,4.302,train
2312,6710,JVASP-43979,Li2MnF4,7,65,orthorhombic,-2.807,1.979,train
2313,27621,JVASP-79898,HoMgTl2,4,225,cubic,-0.21115,0.0,train
2314,74086,JVASP-148097,Y3AlO6,20,148,trigonal,-3.7032,4.745,train
2315,21952,JVASP-18684,MgInCu4,6,216,cubic,-0.1047,0.0,train
2316,48699,JVASP-112412,Rb2Na4Co2O5,26,136,tetragonal,-1.35139,0.148,train
2317,65253,JVASP-134779,MgTlF,3,99,tetragonal,-1.20847,0.0,train
2318,64671,JVASP-139332,MgAlSe,3,187,hexagonal,0.00101,0.0,train
2319,26638,JVASP-13733,TlPt,6,191,hexagonal,0.53414,0.0,train
2320,44534,JVASP-109376,Nb5N2O2,9,8,monoclinic,-1.3254,0.0,train
2321,40917,JVASP-34677,KCoO2,8,82,tetragonal,-1.33412,0.0,train
2322,50150,JVASP-116713,Al5O8,13,216,cubic,-3.01122,0.0,train
2323,69364,JVASP-102160,ZrVCr,6,74,orthorhombic,-0.02998,0.0,train
2324,53468,JVASP-119174,La3YSc4O12,20,6,monoclinic,-3.82714,4.007,train
2325,42479,JVASP-17204,CeMgZn2,4,225,cubic,-0.30635,0.0,train
2326,63688,JVASP-134437,CdCl2,3,47,orthorhombic,-0.83066,2.258,train
2327,87373,JVASP-169042,InGaAg2S4,8,82,tetragonal,-0.50437,0.559,train
2328,24063,JVASP-7665,SrTe,2,221,cubic,-1.61914,0.64,train
2329,43482,JVASP-109384,Mn5Al2V,8,166,trigonal,-0.17226,0.0,train
2330,14908,JVASP-2181,As2Os,6,58,orthorhombic,-0.19168,0.614,train
2331,36409,JVASP-19776,ZrHg3,4,221,cubic,0.11964,0.0,train
2332,23330,JVASP-8319,CaTiF6,8,148,trigonal,-3.77588,4.761,train
2333,56160,JVASP-128306,TaZn,2,221,cubic,0.21661,0.0,train
2334,29597,JVASP-34374,Mg2SiO4,14,164,trigonal,-2.98525,5.017,train
2335,61678,JVASP-134685,CuH,2,8,monoclinic,0.15489,0.406,train
2336,43840,JVASP-109481,Rb2InAgCl6,10,225,cubic,-1.43602,0.86,train
2337,64161,JVASP-111498,Nd2UTe5,16,25,orthorhombic,-1.14503,0.0,train
2338,72194,JVASP-154362,BH6N,16,36,orthorhombic,-0.26876,6.129,train
2339,79244,JVASP-170279,KP2Ru2,5,139,tetragonal,-0.6384,0.0,train
2340,31474,JVASP-35822,YBPt3,5,221,cubic,-0.75801,0.0,train
2341,26012,JVASP-42376,LiFe6O7F5,19,1,triclinic,-1.71751,0.0,train
2342,56927,JVASP-125867,K3O,4,221,cubic,-0.39222,0.0,train
2343,67014,JVASP-144109,Li4Co3O7,28,2,triclinic,-1.74627,0.0,train
2344,85831,JVASP-176913,Ce3MgAlS7,24,173,hexagonal,-1.90693,0.0,train
2345,18655,JVASP-103801,H2C4SO2,9,1,triclinic,-0.1607,0.463,train
2346,43478,JVASP-110299,CdSiN2,8,122,tetragonal,-0.65163,1.802,train
2347,75482,JVASP-157614,Tl2NiBr6,9,225,cubic,-0.56381,0.002,train
2348,71494,JVASP-148696,Ne,1,225,cubic,-0.01521,12.155,train
2349,91714,JVASP-190300,TcMo2,6,65,orthorhombic,0.04896,0.0,train
2350,30630,JVASP-30642,BiO2,6,194,hexagonal,-0.58654,0.0,train
2351,16375,JVASP-99406,Hf2Al3Ag,6,166,trigonal,-0.34788,0.0,train
2352,64097,JVASP-134749,InHF,3,187,hexagonal,-0.54763,0.0,train
2353,86852,JVASP-170463,Ni4Ge3As9,16,8,monoclinic,-0.15805,0.0,train
2354,16746,JVASP-3966,K3BrO,5,221,cubic,-1.50881,1.017,train
2355,11285,JVASP-70422,Be2PW,4,119,tetragonal,-0.17646,0.0,train
2356,19529,JVASP-105054,Rb2GaHgBr6,10,225,cubic,-1.10773,0.0,train
2357,91398,JVASP-187494,Sc2AlInC,5,123,tetragonal,-0.54275,0.0,train
2358,2870,JVASP-91712,PrNiGe2,8,63,orthorhombic,-0.74502,0.0,train
2359,63270,JVASP-125376,BaH3,4,8,monoclinic,-0.16988,0.0,train
2360,61515,JVASP-137079,Na2WO2,5,71,orthorhombic,-1.16529,0.0,train
2361,78564,JVASP-184899,VSi2Pt,4,71,orthorhombic,-0.16114,0.0,train
2362,62019,JVASP-125201,FeBr3,4,65,orthorhombic,-0.05881,0.0,train
2363,69763,JVASP-151361,UAl2Au2,10,129,tetragonal,-0.39192,0.0,train
2364,92376,JVASP-190697,Zr3Au,4,123,tetragonal,-0.35399,0.0,train
2365,24833,JVASP-7750,NdTeF,6,129,tetragonal,-2.73249,0.579,train
2366,11932,JVASP-108175,CaRu2N2,5,164,trigonal,-0.32315,0.0,train
2367,54022,JVASP-111999,Y5Tl3,16,193,hexagonal,-0.3755,0.0,train
2368,16268,JVASP-101216,CdInAsSe,4,160,trigonal,-0.4004,0.0,train
2369,51313,JVASP-109383,MnCd4S5,10,160,trigonal,-0.63046,0.113,train
2370,63128,JVASP-131764,PrDy8,9,164,trigonal,-0.00459,0.0,train
2371,54771,JVASP-120409,TbNb6Sn6,13,191,hexagonal,-0.30618,0.0,train
2372,16990,JVASP-100794,ThAl2Ni3,6,191,hexagonal,-0.55415,0.0,train
2373,45885,JVASP-46517,Li3Al2VO6,12,12,monoclinic,-2.75896,0.0,train
2374,84721,JVASP-169767,TlSn,2,8,monoclinic,0.03143,0.0,train
2375,39773,JVASP-14773,HoRh2,6,227,cubic,-0.79341,0.0,train
2376,58905,JVASP-126761,ZnP,2,187,hexagonal,0.41119,0.0,train
2377,74681,JVASP-148154,AlH3,24,63,orthorhombic,-0.08994,3.342,train
2378,40401,JVASP-76932,Li2MgAu,4,71,orthorhombic,-0.19831,0.0,train
2379,591,JVASP-64726,Ba4MgZr,6,216,cubic,0.75237,0.0,train
2380,53039,JVASP-116739,Ba3Ru3N5,22,2,triclinic,-0.41353,0.0,train
2381,70995,JVASP-155455,RbAg2SbS4,8,121,tetragonal,-0.42259,0.291,train
2382,86365,JVASP-177555,Si,2,227,cubic,-0.00475,0.739,train
2383,78463,JVASP-169500,HoZn12,13,139,tetragonal,-0.17818,0.0,train
2384,48469,JVASP-106390,CrHO2,8,31,orthorhombic,-1.71614,1.112,train
2385,74150,JVASP-153324,LiMoS2,16,2,triclinic,-1.12108,1.032,train
2386,88034,JVASP-168060,PbS,2,225,cubic,-0.64368,0.504,train
2387,38525,JVASP-30317,NiP2S6,9,5,monoclinic,-0.18,0.329,train
2388,4869,JVASP-69172,BaSnSb2,4,99,tetragonal,-0.36942,0.0,train
2389,53389,JVASP-119149,Sm2Co16Ag,19,160,trigonal,-0.0418,0.0,train
2390,22484,JVASP-107220,SrSbO3,5,221,cubic,-2.1565,0.0,train
2391,92399,JVASP-189973,Ti2ZnW,4,123,tetragonal,-0.02508,0.0,train
2392,46948,JVASP-9807,CaSn2O4,14,227,cubic,-1.83373,0.0,train
2393,44327,JVASP-39187,LiTl3,4,221,cubic,-0.06544,0.0,train
2394,86512,JVASP-179647,MnNbS2,4,99,tetragonal,-0.54032,0.0,train
2395,86710,JVASP-175812,TiIn2O5,32,62,orthorhombic,-2.29578,2.171,train
2396,20893,JVASP-104124,H6C11S2O,20,1,triclinic,0.02372,1.496,train
2397,32120,JVASP-21847,Dy2CdPd2,10,127,tetragonal,-0.84585,0.0,train
2398,809,JVASP-65074,BeVSe,3,107,tetragonal,-0.05497,0.0,train
2399,31025,JVASP-35453,Sm2AlNO3,7,107,tetragonal,-3.0483,1.232,train
2400,46597,JVASP-17407,UGe2,6,63,orthorhombic,-0.18657,0.0,train
2401,68387,JVASP-154702,Li3CaMnN3,16,148,trigonal,-0.86655,0.311,train
2402,7334,JVASP-67795,CaBeTc2,4,216,cubic,0.34979,0.0,train
2403,34452,JVASP-38213,KPtO3,5,221,cubic,-0.72227,0.0,train
2404,16022,JVASP-102207,In3CuSe5,9,1,triclinic,-0.47697,0.203,train
2405,27369,JVASP-79041,Ge3Te,4,139,tetragonal,0.37004,0.0,train
2406,4067,JVASP-66293,BaGeBi,3,216,cubic,0.02921,0.0,train
2407,31624,JVASP-35682,NbCo3,4,221,cubic,-0.17798,0.0,train
2408,32268,JVASP-41438,LuMgZn2,4,225,cubic,-0.34334,0.0,train
2409,22440,JVASP-7761,MgS,2,216,cubic,-1.59855,3.582,train
2410,43726,JVASP-58560,MgTi2O4,14,227,cubic,-3.07274,0.0,train
2411,9914,JVASP-70888,NaBePd2,4,99,tetragonal,-0.16627,0.0,train
2412,21065,JVASP-18854,UGa3Ni,5,119,tetragonal,-0.17742,0.0,train
2413,31773,JVASP-35734,CrAgTe2,4,160,trigonal,-0.07635,0.0,train
2414,19423,JVASP-18634,ErBiPt,3,216,cubic,-1.04403,0.0,train
2415,13838,JVASP-106087,Dy2InAg,4,123,tetragonal,-0.42501,0.0,train
2416,80802,JVASP-185037,Ti3Rh,4,221,cubic,-0.29957,0.0,train
2417,93225,JVASP-191717,TiAl2Zn,4,123,tetragonal,-0.39584,0.0,train
2418,6930,JVASP-68382,Be2CrCl,4,123,tetragonal,0.37736,0.0,train
2419,13928,JVASP-108139,CoNiSe2,4,164,trigonal,-0.2152,0.0,train
2420,47368,JVASP-56237,NiTePd,12,62,orthorhombic,-0.20409,0.0,train
2421,1103,JVASP-23437,HgSb2O6,9,162,trigonal,-1.20483,0.486,train
2422,84926,JVASP-171815,BaGe2As2,20,105,tetragonal,-0.53618,0.045,train
2423,24018,JVASP-56824,HoSi2Ir2,5,139,tetragonal,-1.02716,0.0,train
2424,77944,JVASP-164736,La2S2O,20,62,orthorhombic,-2.91651,2.156,train
2425,21456,JVASP-44518,Li5Nb2Fe5O12,24,1,triclinic,-1.88713,0.0,train
2426,40952,JVASP-18086,YCoC,6,131,tetragonal,-0.42051,0.0,train
2427,11755,JVASP-74664,Be2MoW,4,123,tetragonal,0.02524,0.0,train
2428,61404,JVASP-139833,Nb3RhSe6,20,182,hexagonal,-0.79033,0.0,train
2429,15551,JVASP-95332,ZnPb2F6,36,138,tetragonal,-2.48778,4.042,train
2430,20008,JVASP-107289,SmMn2Ni3,6,191,hexagonal,-0.1718,0.0,train
2431,37124,JVASP-41422,Tm2ZnOs,4,225,cubic,-0.43473,0.0,train
2432,55712,JVASP-123198,DyEr3,4,164,trigonal,-0.002,0.0,train
2433,30549,JVASP-41804,LiLu2Os,4,225,cubic,-0.40371,0.0,train
2434,63894,JVASP-140749,Sm6Mg23C,30,225,cubic,-0.1286,0.0,train
2435,31475,JVASP-35850,DyS2,6,129,tetragonal,-1.85978,0.0,train
2436,31630,JVASP-58395,LaF3,8,194,hexagonal,-4.37937,7.036,train
2437,32395,JVASP-41261,HfTaRe2,4,225,cubic,-0.4262,0.0,train
2438,6085,JVASP-73845,Be2TlW,4,99,tetragonal,0.56937,0.0,train
2439,69477,JVASP-150709,Dy2CdGe2,10,127,tetragonal,-0.74943,0.0,train
2440,15755,JVASP-100018,CePd2Pt,4,123,tetragonal,-0.91186,0.0,train
2441,75983,JVASP-156367,YbPrPd,3,216,cubic,-0.56635,0.0,train
2442,70446,JVASP-146585,LiMnBO3,24,14,monoclinic,-2.10997,1.471,train
2443,6959,JVASP-67792,Be2GaCl,4,123,tetragonal,0.54988,0.0,train
2444,61505,JVASP-143502,V3Ag2TeS6,12,189,hexagonal,-0.79904,0.0,train
2445,27611,JVASP-79765,KLaTe2,4,166,trigonal,-1.5703,1.583,train
2446,92354,JVASP-187407,ScTcMoRu,4,216,cubic,-0.29611,0.0,train
2447,65065,JVASP-136106,Br2N,3,25,orthorhombic,0.97992,0.0,train
2448,13147,JVASP-107921,ErTmHg2,4,225,cubic,-0.39714,0.0,train
2449,53678,JVASP-111629,Tb5Pb3,16,193,hexagonal,-0.55704,0.0,train
2450,72804,JVASP-146091,La2W2O9,26,2,triclinic,-2.94298,0.536,train
2451,9471,JVASP-105613,K2NaAuCl6,10,225,cubic,-1.23548,0.0,train
2452,74720,JVASP-148157,YbLaS3,20,62,orthorhombic,-1.94859,0.0,train
2453,16888,JVASP-100838,Dy2Al3Co,6,166,trigonal,-0.47403,0.0,train
2454,25907,JVASP-34455,Li4CO4,18,31,orthorhombic,-1.88631,6.781,train
2455,53952,JVASP-120165,ScOF,3,187,hexagonal,-2.63343,0.0,train
2456,37292,JVASP-29428,NpIO,6,129,tetragonal,-1.93079,0.0,train
2457,5946,JVASP-63236,SbAsPd5,28,227,cubic,-0.31581,0.0,train
2458,93127,JVASP-191715,Y2AsS,4,166,trigonal,-1.94999,0.0,train
2459,29351,JVASP-49581,YCoO3,20,62,orthorhombic,-2.54417,0.27,train
2460,51327,JVASP-117064,BaLaMn2O6,10,225,cubic,-2.66248,0.0,train
2461,77400,JVASP-113833,Pr3GePO9,56,14,monoclinic,-3.06436,4.745,train
2462,55667,JVASP-121313,Rb3AuS,5,221,cubic,-0.69922,1.243,train
2463,5133,JVASP-3192,KAg2PS4,8,121,tetragonal,-0.53726,1.057,train
2464,57744,JVASP-129124,Ce3Th,4,221,cubic,-0.09274,0.0,train
2465,77340,JVASP-113817,CeYMg2Ni8,12,160,trigonal,-0.43736,0.0,train
2466,54429,JVASP-117816,InSbBr,3,187,hexagonal,-0.05765,0.0,train
2467,24658,JVASP-7715,YNiSb,3,216,cubic,-0.94452,0.274,train
2468,91376,JVASP-187996,ZrFeAs2,8,129,tetragonal,-0.63881,0.0,train
2469,73747,JVASP-154659,NaCoSO4F,16,15,monoclinic,-1.64336,0.036,train
2470,59411,JVASP-142391,RbTi3FeO8,13,8,monoclinic,-2.77169,0.035,train
2471,76410,JVASP-161375,Ca2AlAg,4,225,cubic,-0.32338,0.0,train
2472,14937,JVASP-93252,Mn3InC,5,221,cubic,0.05329,0.0,train
2473,46858,JVASP-28809,TeMoWSe2S,12,156,trigonal,-0.49523,0.237,train
2474,65266,JVASP-143605,PrFe4Sb12,17,204,cubic,-0.19723,0.0,train
2475,68341,JVASP-145450,Al2Zn3S6,11,146,trigonal,-1.03479,2.544,train
2476,49085,JVASP-111701,SrGaH5,28,62,orthorhombic,-0.2708,3.377,train
2477,86997,JVASP-163908,VZn2N3,12,36,orthorhombic,-0.53763,1.31,train
2478,49969,JVASP-114976,GeCl,4,129,tetragonal,-0.20239,0.0,train
2479,8539,JVASP-70194,NaBe2Cu,4,123,tetragonal,0.30156,0.0,train
2480,43083,JVASP-91851,Th3Pd5,8,189,hexagonal,-0.59351,0.0,train
2481,30944,JVASP-21137,CaTiSiO5,16,15,monoclinic,-3.25976,2.956,train
2482,25557,JVASP-13321,CaSm2S4,14,122,tetragonal,-2.28054,2.108,train
2483,70082,JVASP-111469,K3SI,30,185,hexagonal,-1.19935,1.013,train
2484,11116,JVASP-91257,BaDyCo4O7,26,186,hexagonal,-1.79929,0.0,train
2485,331,JVASP-38327,RbCaO3,5,221,cubic,-1.29606,0.0,train
2486,13587,JVASP-95551,Ca2CO3F2,32,60,orthorhombic,-3.06127,5.269,train
2487,48433,JVASP-110348,K2LiMoCl6,10,225,cubic,-1.58992,1.279,train
2488,34965,JVASP-58358,BaSi2,12,212,cubic,-0.38868,0.065,train
2489,12681,JVASP-96982,Sr2MnWO6,20,14,monoclinic,-2.71864,0.0,train
2490,66937,JVASP-136997,MgP,2,44,orthorhombic,-0.44982,0.0,train
2491,29418,JVASP-43926,Li4Cr3Co3Sn2O16,28,8,monoclinic,-1.86032,0.0,train
2492,81132,JVASP-177958,Mg3Al2Si3O12,80,230,cubic,-3.08766,5.189,train
2493,51114,JVASP-106718,Th2SiGe,8,26,orthorhombic,-0.74824,0.0,train
2494,59280,JVASP-143644,Na2PtF6,27,150,trigonal,-2.22318,2.634,train
2495,12719,JVASP-74598,Ca2BeTl,4,225,cubic,-0.05837,0.0,train
2496,63332,JVASP-137121,NbPbO3,5,99,tetragonal,-2.1286,0.0,train
2497,66386,JVASP-134234,ZrBiO2,4,166,trigonal,-1.40521,0.0,train
2498,2307,JVASP-14877,Mg2Ge,6,227,cubic,0.17212,0.0,train
2499,40841,JVASP-20587,HoAg2,3,139,tetragonal,-0.36918,0.0,train
2500,64619,JVASP-130002,Pu7Se,8,16,orthorhombic,0.03255,0.0,train
2501,42012,JVASP-9578,Rb2Mn3Se4,18,72,orthorhombic,-0.57448,0.0,train
2502,35789,JVASP-38442,PrMgAg2,4,225,cubic,-0.30853,0.0,train
2503,54796,JVASP-121093,Nb2HO3,6,38,orthorhombic,-1.88986,0.0,train
2504,43839,JVASP-109951,GaPd3,4,221,cubic,-0.43228,0.0,train
2505,50968,JVASP-104822,Rb3YI6,10,225,cubic,-1.47791,3.195,train
2506,33414,JVASP-35381,U2Mo2C3,7,12,monoclinic,-0.27008,0.0,train
2507,79361,JVASP-165516,Pr6RuBr10,17,2,triclinic,-1.62897,0.043,train
2508,21367,JVASP-2083,TaSbRu,3,216,cubic,-0.32703,0.875,train
2509,38580,JVASP-36924,RbTlBr3,5,8,monoclinic,-1.08026,0.0,train
2510,67295,JVASP-132802,Nb8N5,13,65,orthorhombic,-0.93615,0.0,train
2511,15712,JVASP-99732,CdHg3Te4,8,215,cubic,-0.05562,0.0,train
2512,29122,JVASP-36450,Sr3BiN,5,221,cubic,0.64398,0.0,train
2513,13656,JVASP-94799,CdCu2SnTe4,8,121,tetragonal,-0.191,0.0,train
2514,77515,JVASP-154864,Li2H2SO5,20,4,monoclinic,-1.7213,5.825,train
2515,61153,JVASP-141178,IrS2,12,205,cubic,-0.37628,0.0,train
2516,50200,JVASP-115117,ScIO2,4,99,tetragonal,-1.75504,0.0,train
2517,14748,JVASP-50824,Sc2Ti2O7,11,12,monoclinic,-3.49212,3.591,train
2518,85260,JVASP-163549,NaZrCuTe3,24,62,orthorhombic,-0.77238,0.061,train
2519,74789,JVASP-148159,Nb4AlN3,16,194,hexagonal,-0.87241,0.0,train
2520,87303,JVASP-163612,Nd2MoC2,20,136,tetragonal,-0.28092,0.0,train
2521,47886,JVASP-5488,Ta2Zn3O8,26,15,monoclinic,-2.38058,3.739,train
2522,58803,JVASP-128223,TaAu,2,221,cubic,0.17629,0.0,train
2523,63824,JVASP-137970,BaLiSb,3,38,orthorhombic,-0.37312,0.0,train
2524,66117,JVASP-130917,ErXe,2,187,hexagonal,0.97884,0.0,train
2525,20250,JVASP-107183,Li2TlCd,4,225,cubic,-0.30668,0.0,train
2526,70037,JVASP-153785,KTeP2,16,11,monoclinic,-0.4965,1.083,train
2527,88555,JVASP-182412,Ba2InBi,4,225,cubic,-0.67904,0.0,train
2528,8345,JVASP-67892,BeGaOs2,4,119,tetragonal,0.22948,0.0,train
2529,7981,JVASP-89018,Lu2Si2O7,44,92,tetragonal,-3.46985,5.535,train
2530,85554,JVASP-170765,Ba4Re2NiO12,19,160,trigonal,-2.35466,0.0,train
2531,1969,JVASP-88024,Y4CoB13,36,128,tetragonal,-0.51052,0.0,train
2532,42463,JVASP-13176,CrPO4,12,43,orthorhombic,-2.07916,0.41,train
2533,80318,JVASP-180907,LiCoTe,3,216,cubic,-0.31229,0.0,train
2534,16364,JVASP-11954,Mg13Al14,27,229,cubic,0.03805,0.0,train
2535,34100,JVASP-39732,Yb3SiO,10,15,monoclinic,-1.81112,0.0,train
2536,64077,JVASP-139057,Mg2HSe,4,119,tetragonal,-0.17419,0.0,train
2537,9200,JVASP-52362,Li2CrS3,12,12,monoclinic,-1.05531,0.0,train
2538,19688,JVASP-106843,BaSiAu,3,187,hexagonal,-0.64437,0.0,train
2539,32278,JVASP-20396,Ti5Si3,16,193,hexagonal,-0.70586,0.0,train
2540,64824,JVASP-139340,LiMgP,3,99,tetragonal,0.11364,0.0,train
2541,47162,JVASP-36974,KGeCl3,10,161,trigonal,-1.3569,2.528,train
2542,29190,JVASP-5122,SmCuSeF,8,129,tetragonal,-1.89872,0.0,train
2543,41625,JVASP-17810,Ce3Sn,4,221,cubic,-0.40059,0.0,train
2544,68668,JVASP-151935,HoOs2,12,194,hexagonal,-0.41597,0.0,train
2545,4744,JVASP-90737,EuCu,8,62,orthorhombic,-0.28983,0.0,train
2546,53013,JVASP-119423,Li7Mn2Co3O12,24,8,monoclinic,-1.89315,0.0,train
2547,49588,JVASP-114696,ZnHC,3,187,hexagonal,1.5804,0.0,train
2548,93295,JVASP-191840,LaFe2C2,5,139,tetragonal,-0.32799,0.0,train
2549,48826,JVASP-114322,KZn,2,123,tetragonal,0.20058,0.0,train
2550,81206,JVASP-185464,V3O,4,160,trigonal,-0.88417,0.0,train
2551,4088,JVASP-66376,Ba4SnW,6,216,cubic,0.95688,0.0,train
2552,171,JVASP-48232,LiMn7O12,20,5,monoclinic,-1.77785,0.0,train
2553,49626,JVASP-116501,Li3Mn2O5,20,12,monoclinic,-2.10956,0.0,train
2554,25535,JVASP-30670,CrO2,6,194,hexagonal,-0.25863,0.0,train
2555,181,JVASP-15181,CeAl2Zn2,5,139,tetragonal,-0.40717,0.0,train
2556,87665,JVASP-180724,LiV2O3,6,164,trigonal,-2.24985,0.0,train
2557,42208,JVASP-4186,Te2Br,24,62,orthorhombic,-0.16757,0.152,train
2558,27371,JVASP-79204,BN,4,186,hexagonal,-1.31808,5.431,train
2559,73936,JVASP-149756,LaNiAsO,8,129,tetragonal,-2.0293,0.0,train
2560,84398,JVASP-178895,AlFeF3,5,221,cubic,-1.73272,0.0,train
2561,91660,JVASP-191664,Sc2AgRh,4,123,tetragonal,-0.65142,0.0,train
2562,18243,JVASP-43880,LiVF3,20,52,orthorhombic,-2.79764,1.513,train
2563,19946,JVASP-106787,LaTiAlPbO6,10,216,cubic,-3.05474,2.601,train
2564,91153,JVASP-190069,HfAl2Au,4,123,tetragonal,-0.50166,0.0,train
2565,18451,JVASP-103466,LaAl2Pt3,6,191,hexagonal,-1.13155,0.0,train
2566,83205,JVASP-165247,Tb3Ni13B2,18,191,hexagonal,-0.46129,0.0,train
2567,1525,JVASP-63997,Ba4MnMo,6,216,cubic,1.74406,0.0,train
2568,79343,JVASP-185903,BaNaSb2,4,123,tetragonal,-0.65963,0.0,train
2569,40149,JVASP-10130,Hg2SO4,14,13,monoclinic,-0.8895,2.304,train
2570,27671,JVASP-12939,Na2CdCl4,14,55,orthorhombic,-1.5826,3.63,train
2571,93804,JVASP-190989,Ti2AlC,4,166,trigonal,-0.70729,0.0,train
2572,44018,JVASP-110048,Tm2RuAu,4,225,cubic,-0.71257,0.0,train
2573,38711,JVASP-37118,PrTlSe2,4,166,trigonal,-1.42275,1.227,train
2574,31402,JVASP-21835,HfU3Sb5,18,193,hexagonal,-0.269,0.0,train
2575,81506,JVASP-171019,Mg2Cd,6,189,hexagonal,-0.06831,0.0,train
2576,68199,JVASP-145438,BaAlGaO4,14,5,monoclinic,-2.8403,3.554,train
2577,22649,JVASP-14267,NaMnSe2,4,156,trigonal,-0.54533,0.0,train
2578,87583,JVASP-178156,PrCu2,3,191,hexagonal,-0.27708,0.0,train
2579,16974,JVASP-103225,AcScO3,5,221,cubic,-3.71469,3.56,train
2580,29996,JVASP-13989,Yb2MgSi2,10,127,tetragonal,-0.44905,0.0,train
2581,39852,JVASP-12705,MoO2,12,227,cubic,-1.72854,0.0,train
2582,21301,JVASP-106708,U2Pd3Rh3,8,47,orthorhombic,-0.67233,0.0,train
2583,51495,JVASP-110894,Zr3Ni,8,194,hexagonal,-0.01884,0.0,train
2584,16669,JVASP-50375,TbSmO3,20,62,orthorhombic,-3.6777,4.661,train
2585,91265,JVASP-193188,SrYHg2,4,225,cubic,-0.43407,0.0,train
2586,5064,JVASP-66591,KBaTc,3,216,cubic,1.47716,0.0,train
2587,42990,JVASP-109078,Tb3Zn,4,221,cubic,-0.07224,0.0,train
2588,92352,JVASP-189972,TiGa2Pd,4,123,tetragonal,-0.51068,0.0,train
2589,12562,JVASP-71746,MgTaBe2,4,123,tetragonal,0.14769,0.0,train
2590,27622,JVASP-79388,Tl3Hg,4,221,cubic,0.08234,0.0,train
2591,34696,JVASP-39466,Re3Tc,8,194,hexagonal,-0.00195,0.0,train
2592,89724,JVASP-190504,TiAlRh2,4,225,cubic,-0.98766,0.0,train
2593,5078,JVASP-63111,VFeAs,9,189,hexagonal,-0.28203,0.0,train
2594,18117,JVASP-101799,H6C6SO,28,1,triclinic,-0.04626,2.021,train
2595,68831,JVASP-145465,LiSbN2,16,33,orthorhombic,-0.06638,1.407,train
2596,82906,JVASP-176113,YbIn2S4,14,66,orthorhombic,-1.1024,1.869,train
2597,86323,JVASP-169822,Tb2Sn5Rh3,20,36,orthorhombic,-0.70586,0.0,train
2598,45579,JVASP-24276,Rb2U3I4O20,29,2,triclinic,-1.80149,2.122,train
2599,49318,JVASP-116311,LiSe2,3,191,hexagonal,-0.21783,0.0,train
2600,70,JVASP-64184,Ba4CdSe,6,216,cubic,0.0668,0.0,train
2601,27896,JVASP-34642,BaMnF4,12,36,orthorhombic,-3.25206,2.046,train
2602,3348,JVASP-97551,Na2B4H20O17,86,15,monoclinic,-1.46318,5.344,train
2603,79611,JVASP-182520,BaP2Pd,4,123,tetragonal,-0.35831,0.0,train
2604,62773,JVASP-138732,LiCuO,3,187,hexagonal,-0.55379,0.0,train
2605,16768,JVASP-100498,Pd3W,4,139,tetragonal,-0.16678,0.0,train
2606,79556,JVASP-176013,YbCd3,8,194,hexagonal,-0.35875,0.0,train
2607,79126,JVASP-176354,Zr2CoS4,7,8,monoclinic,-1.43302,0.0,train
2608,514,JVASP-43432,K2O,12,132,tetragonal,-1.19001,1.105,train
2609,72275,JVASP-146619,Li2MnC2O6,22,14,monoclinic,-1.7285,1.835,train
2610,31554,JVASP-23205,ErMnO3,30,185,hexagonal,-2.5867,0.0,train
2611,31930,JVASP-41288,NaAcTe2,4,225,cubic,-1.33323,0.726,train
2612,33318,JVASP-25603,BaCuTe2O7,22,40,orthorhombic,-1.49281,0.0,train
2613,35519,JVASP-25331,Se,1,221,cubic,0.13368,0.0,train
2614,64901,JVASP-144294,LiB11,12,160,trigonal,0.13274,0.0,train
2615,2256,JVASP-88857,Mg2GeO4,28,62,orthorhombic,-2.5409,3.582,train
2616,16798,JVASP-16104,Cr2N,9,162,trigonal,-0.49191,0.0,train
2617,74729,JVASP-151547,Sb2Te3,10,15,monoclinic,-0.01746,0.0,train
2618,8169,JVASP-75739,SbAsIr,3,216,cubic,-0.11429,0.0,train
2619,193,JVASP-91794,Sc3RhC4,8,71,orthorhombic,-0.59624,0.0,train
2620,20263,JVASP-101828,H2C4S2O,9,6,monoclinic,-0.02419,0.477,train
2621,58073,JVASP-126496,NePd3,4,221,cubic,0.7155,0.0,train
2622,15289,JVASP-100408,Eu2Co5Ge3,10,99,tetragonal,-0.45686,0.0,train
2623,34028,JVASP-37820,Er2PdRh,4,225,cubic,-0.9809,0.0,train
2624,55447,JVASP-123709,SmSe2,3,12,monoclinic,-1.39718,0.0,train
2625,2301,JVASP-3186,YZnPO,8,166,trigonal,-2.02163,1.25,train
2626,72784,JVASP-152050,TaZn2,12,194,hexagonal,-0.0767,0.0,train
2627,52182,JVASP-117414,LiMn2F9,24,2,triclinic,-2.51005,1.463,train
2628,71203,JVASP-145092,TmNiSn,12,62,orthorhombic,-0.69086,0.0,train
2629,85666,JVASP-180345,LiBeRh,3,187,hexagonal,-0.21556,0.0,train
2630,49895,JVASP-114934,SrPF,3,99,tetragonal,-0.52918,0.0,train
2631,13919,JVASP-4624,BaCu2As2,5,139,tetragonal,-0.54352,0.0,train
2632,10477,JVASP-72284,K2BeTc,4,139,tetragonal,1.29592,0.0,train
2633,49646,JVASP-114738,TlCdF,3,187,hexagonal,-0.77625,0.0,train
2634,46917,JVASP-56659,SrCrF4,6,12,monoclinic,-3.235,1.759,train
2635,46639,JVASP-9270,MgCrO2,16,8,monoclinic,-2.17654,0.344,train
2636,61902,JVASP-125185,BaBr3,4,12,monoclinic,-1.55273,0.0,train
2637,10619,JVASP-72037,TiBeSi2,4,139,tetragonal,-0.2117,0.0,train
2638,81197,JVASP-184503,Si3PO2,6,164,trigonal,-0.74265,0.0,train
2639,86103,JVASP-169818,HoScS3,20,62,orthorhombic,-2.16397,1.763,train
2640,39522,JVASP-9920,CaBi2O4,14,63,orthorhombic,-1.82328,1.253,train
2641,28912,JVASP-36142,CoW,2,221,cubic,0.04294,0.0,train
2642,92572,JVASP-192568,TiZnRuPt,4,216,cubic,-0.67124,0.0,train
2643,46779,JVASP-57732,NdCo4B,12,191,hexagonal,-0.24049,0.0,train
2644,65320,JVASP-134205,BiTeO,3,187,hexagonal,0.24377,0.0,train
2645,43294,JVASP-44129,LiMnF3,20,12,monoclinic,-2.64548,2.196,train
2646,27269,JVASP-28775,MoSe2,12,164,trigonal,-0.6512,1.061,train
2647,87132,JVASP-171953,BaY2Se4,28,62,orthorhombic,-2.10687,1.431,train
2648,13103,JVASP-92527,SmMg2Sb2,5,164,trigonal,-0.66949,0.0,train
2649,35619,JVASP-16242,YbSiAu,6,44,orthorhombic,-0.81375,0.0,train
2650,44965,JVASP-26748,Na2CuSbS3,28,14,monoclinic,-0.77721,1.376,train
2651,88544,JVASP-172959,TbMgCo4,6,216,cubic,-0.1758,0.0,train
2652,72445,JVASP-154998,Y2Co17,19,166,trigonal,-0.1267,0.0,train
2653,24238,JVASP-21299,CaSi2SnO6,20,15,monoclinic,-2.676,3.148,train
2654,14862,JVASP-91381,Ca4Fe9O17,30,5,monoclinic,-1.833,0.0,train
2655,14434,JVASP-95268,S,32,70,orthorhombic,-0.01738,2.046,train
2656,4066,JVASP-66453,Ba4HfZr,6,216,cubic,1.11074,0.0,train
2657,76881,JVASP-119789,AgAsSe3F6,22,12,monoclinic,-1.42341,1.485,train
2658,12322,JVASP-74720,Mg2ZrBe,4,216,cubic,0.18993,0.0,train
2659,77263,JVASP-129686,Ba2MgSi2O7,24,15,monoclinic,-3.15162,4.729,train
2660,65443,JVASP-134484,CdTeO,3,6,monoclinic,-0.39733,0.0,train
2661,68951,JVASP-145246,YCo9Si4,28,140,tetragonal,-0.45651,0.0,train
2662,66422,JVASP-140585,Li4VO4F,20,9,monoclinic,-2.66451,3.819,train
2663,10599,JVASP-71525,HfBeOs,3,156,trigonal,0.01714,0.0,train
2664,40876,JVASP-47583,Li2Cr3CoO8,14,160,trigonal,-1.94544,0.0,train
2665,57395,JVASP-128942,BaZr,2,221,cubic,0.83563,0.0,train
2666,52477,JVASP-117884,CSCl,3,99,tetragonal,1.13972,0.0,train
2667,92331,JVASP-192993,Ta2W,3,139,tetragonal,0.09061,0.0,train
2668,67733,JVASP-137827,B2P,3,191,hexagonal,1.17139,0.0,train
2669,80417,JVASP-164428,ScAl3C3,14,194,hexagonal,-0.50403,0.094,train
2670,72941,JVASP-150355,ThGaPt,9,189,hexagonal,-1.12153,0.0,train
2671,14195,JVASP-15562,RbFeS2,8,15,monoclinic,-0.88178,0.0,train
2672,14679,JVASP-95271,Cr5S8,26,12,monoclinic,-0.75214,0.0,train
2673,92032,JVASP-190209,ScTaTcOs,4,216,cubic,-0.51645,0.0,train
2674,16285,JVASP-99878,Sm2Bi,6,139,tetragonal,-0.66818,0.0,train
2675,88404,JVASP-170502,Na3ErTi2Nb2O12,20,1,triclinic,-2.96006,2.649,train
2676,75287,JVASP-154019,NbFe6Ge6,13,191,hexagonal,-0.14463,0.0,train
2677,19024,JVASP-105419,PtRh,2,166,trigonal,-0.00835,0.0,train
2678,67680,JVASP-134294,TaBrO2,4,99,tetragonal,-1.6242,0.0,train
2679,81473,JVASP-180197,NaWO2,4,166,trigonal,-1.61966,0.0,train
2680,18605,JVASP-106293,MnCuF6,8,148,trigonal,-2.1114,0.0,train
2681,80450,JVASP-177381,Nd5Mg,6,155,trigonal,-0.0141,0.0,train
2682,66749,JVASP-138063,AgCO3,5,8,monoclinic,-0.7767,0.0,train
2683,58268,JVASP-124349,HoHg,2,123,tetragonal,-0.39221,0.0,train
2684,1133,JVASP-38264,MnTl3,8,194,hexagonal,0.45643,0.0,train
2685,16510,JVASP-16232,Nb2CS,8,194,hexagonal,-0.83944,0.0,train
2686,45337,JVASP-108843,K3MoCl6,10,225,cubic,-1.57881,1.409,train
2687,53697,JVASP-118133,PCl,2,99,tetragonal,0.97659,1.649,train
2688,55043,JVASP-122002,Nb3NiS6,20,182,hexagonal,-1.07754,0.0,train
2689,55255,JVASP-122626,YbSn7,8,215,cubic,0.09349,0.0,train
2690,40205,JVASP-14768,ScFe2,6,227,cubic,-0.33016,0.0,train
2691,41907,JVASP-17510,NiAs2,6,58,orthorhombic,-0.23967,0.0,train
2692,8887,JVASP-75749,Ti2AsRh,4,216,cubic,-0.36783,0.0,train
2693,59155,JVASP-125377,BeH3,4,8,monoclinic,0.86382,0.0,train
2694,24810,JVASP-8745,Mg2In,9,189,hexagonal,-0.09613,0.0,train
2695,30728,JVASP-21944,Rb2NaErF6,10,225,cubic,-3.54077,6.991,train
2696,42626,JVASP-25655,PCl2OF,20,14,monoclinic,-1.50328,5.07,train
2697,85183,JVASP-183029,InFeO4,6,65,orthorhombic,-1.26911,0.0,train
2698,61200,JVASP-133857,BaTlBr,3,99,tetragonal,-0.47037,0.0,train
2699,46657,JVASP-37603,Sr3CdO4,8,221,cubic,-2.54519,0.617,train
2700,68478,JVASP-146170,Zr3AlAu2,24,227,cubic,-0.50406,0.0,train
2701,43940,JVASP-109373,Pr2Ga3Cu,6,156,trigonal,-0.59778,0.0,train
2702,92511,JVASP-187152,HfV4Mo,6,216,cubic,-0.03063,0.0,train
2703,19028,JVASP-104783,LaCoO3,10,167,trigonal,-2.50302,0.0,train
2704,39723,JVASP-43418,K2O,24,61,orthorhombic,-1.22907,1.582,train
2705,26527,JVASP-78462,Ge,2,141,tetragonal,0.2435,0.0,train
2706,80777,JVASP-185450,V2Ge,3,139,tetragonal,-0.2876,0.0,train
2707,20715,JVASP-107020,YCoC,3,123,tetragonal,-0.37709,0.0,train
2708,31783,JVASP-22868,RbBe3ZnF9,28,188,hexagonal,-3.19553,6.397,train
2709,63702,JVASP-138226,BiH2,3,47,orthorhombic,0.26248,0.0,train
2710,59463,JVASP-140864,KBa2Nb3O9,15,164,trigonal,-2.95354,0.0,train
2711,92327,JVASP-190216,NbTcMoW,4,216,cubic,-0.00728,0.0,train
2712,2850,JVASP-14589,Co,1,225,cubic,0.02093,0.0,train
2713,33469,JVASP-39774,YbPaPt2,4,225,cubic,-1.06741,0.0,train
2714,13960,JVASP-93093,Mg6CrSi,8,38,orthorhombic,0.15649,0.0,train
2715,46810,JVASP-33905,TeMoS,24,55,orthorhombic,-0.56776,0.876,train
2716,16311,JVASP-101047,TbBa2MoO6,10,225,cubic,-3.07144,0.0,train
2717,23655,JVASP-8245,MnO2,3,166,trigonal,-1.74017,0.736,train
2718,3169,JVASP-90132,USbRu,9,189,hexagonal,-0.29793,0.0,train
2719,1418,JVASP-64039,Ba4CuP,6,216,cubic,0.5204,0.0,train
2720,29071,JVASP-81985,NaYIn2,4,12,monoclinic,-0.32354,0.0,train
2721,45028,JVASP-29425,Tl2S,9,143,trigonal,-0.39353,0.984,train
2722,60313,JVASP-134342,CNF,3,6,monoclinic,3.73189,0.489,train
2723,71254,JVASP-150081,LaCuTeO,8,129,tetragonal,-2.03991,1.279,train
2724,58271,JVASP-126544,BRh3,4,221,cubic,0.43198,0.0,train
2725,27428,JVASP-49669,Mg2TaSbO6,20,11,monoclinic,-2.47875,1.228,train
2726,52078,JVASP-117337,NdCO4,24,62,orthorhombic,-2.13951,0.0,train
2727,46749,JVASP-19619,CdPt,2,123,tetragonal,-0.32802,0.0,train
2728,65503,JVASP-140348,CSNCl2F5,20,2,triclinic,-0.93236,3.719,train
2729,33522,JVASP-40889,Pm2AgGe,4,225,cubic,-0.56114,0.0,train
2730,9520,JVASP-70884,CaBe2Cd,4,123,tetragonal,0.45648,0.0,train
2731,6758,JVASP-89179,KPd2F5,32,62,orthorhombic,-1.71715,0.344,train
2732,31944,JVASP-28983,Te2MoW3Se2S4,12,156,trigonal,-0.52005,0.03,train
2733,69057,JVASP-150008,PuBr3,8,65,orthorhombic,-0.77819,0.186,train
2734,67816,JVASP-135449,Mg2Sb,3,47,orthorhombic,-0.00303,0.0,train
2735,65220,JVASP-124863,KC3,4,187,hexagonal,4.24094,0.0,train
2736,14755,JVASP-56242,RbCuCl3,10,194,hexagonal,-1.16662,0.0,train
2737,12571,JVASP-93736,HoCo2,6,227,cubic,-0.27518,0.0,train
2738,27634,JVASP-36357,PbS,2,187,hexagonal,-0.51022,0.0,train
2739,80531,JVASP-185031,Sn3Rh,4,8,monoclinic,-0.20706,0.0,train
2740,69166,JVASP-141963,Sc2InPd2,20,136,tetragonal,-0.84666,0.0,train
2741,41070,JVASP-41098,Yb2LiPd,4,225,cubic,-0.47852,0.0,train
2742,15698,JVASP-20078,ThGe,2,225,cubic,-0.82547,0.0,train
2743,10011,JVASP-93488,TeBr2,6,136,tetragonal,-0.10582,0.673,train
2744,81673,JVASP-184053,GaPO3,5,221,cubic,-1.06436,0.0,train
2745,38334,JVASP-41110,PaAgTe2,4,225,cubic,-0.39897,0.0,train
2746,27981,JVASP-80517,YMg,4,164,trigonal,0.03353,0.0,train
2747,32699,JVASP-20247,LiZn,4,227,cubic,-0.25307,0.0,train
2748,69352,JVASP-149579,Nd2AlNO3,7,107,tetragonal,-3.01641,1.133,train
2749,75627,JVASP-156136,PrIn2Ir2,5,139,tetragonal,-0.42892,0.0,train
2750,7278,JVASP-67593,BeCuSi,3,107,tetragonal,0.27606,0.0,train
2751,24442,JVASP-30279,Co3SbO8,12,166,trigonal,-1.09265,0.0,train
2752,73461,JVASP-155525,SmGa2Rh2,5,139,tetragonal,-0.80077,0.0,train
2753,29515,JVASP-36375,CaC2,3,191,hexagonal,0.60197,0.0,train
2754,34169,JVASP-29003,TeMoWSe2S,12,8,monoclinic,-0.52387,0.273,train
2755,21116,JVASP-28395,YFe2Bi2Se2O4,11,139,tetragonal,-1.4957,0.0,train
2756,51192,JVASP-107191,Lu3Th,8,194,hexagonal,0.00542,0.0,train
2757,87858,JVASP-166436,CuBi3PbS6,22,31,orthorhombic,-0.42945,0.664,train
2758,28471,JVASP-79940,LuZrRu2,4,225,cubic,-0.64798,0.0,train
2759,86875,JVASP-163904,KCuCl3,5,221,cubic,-1.20332,0.0,train
2760,48723,JVASP-112420,BaMnF5,28,19,orthorhombic,-3.26542,0.682,train
2761,39302,JVASP-18264,CeC,2,225,cubic,-0.15629,0.0,train
2762,9082,JVASP-44008,Ni3OF5,18,2,triclinic,-1.56941,0.004,train
2763,85606,JVASP-165726,K2MgO2,20,60,orthorhombic,-1.9631,3.047,train
2764,47640,JVASP-13282,Na3UO4,8,65,orthorhombic,-2.60345,0.078,train
2765,27991,JVASP-57546,Ba3In2Cl2O5,12,139,tetragonal,-2.39434,1.554,train
2766,31653,JVASP-42024,PrBS3,20,33,orthorhombic,-1.39972,2.498,train
2767,92883,JVASP-187169,Hf3Zr,4,221,cubic,0.05155,0.0,train
2768,89018,JVASP-169457,KNp2Se6,9,71,orthorhombic,-1.08312,0.0,train
2769,60433,JVASP-132875,Er4Ge6Ir7,17,229,cubic,-0.88837,0.0,train
2770,2475,JVASP-98414,Mg7TiH16,24,225,cubic,-0.22603,0.0,train
2771,50193,JVASP-115115,ScIO,3,99,tetragonal,-0.79113,1.816,train
2772,20396,JVASP-106481,AcNiO3,5,221,cubic,-2.41043,0.0,train
2773,48822,JVASP-115996,SrInF2,4,99,tetragonal,-2.49599,0.0,train
2774,2221,JVASP-98879,Tb2Sb5,28,11,monoclinic,-0.67237,0.0,train
2775,55245,JVASP-121054,GaPS,6,71,orthorhombic,0.07777,0.0,train
2776,74253,JVASP-154236,Dy2SnS5,16,55,orthorhombic,-1.57009,0.135,train
2777,34014,JVASP-54474,CuBiW2O8,12,2,triclinic,-1.97624,1.203,train
2778,7330,JVASP-68503,Be2CuRh,4,123,tetragonal,-0.39554,0.0,train
2779,15925,JVASP-100602,K3Li,4,225,cubic,0.08543,0.0,train
2780,59909,JVASP-141136,Ba2Ca3Al9,14,160,trigonal,-0.38359,0.0,train
2781,1559,JVASP-85795,BaSn2H2O4,18,4,monoclinic,-1.69999,2.254,train
2782,86634,JVASP-178978,SrAlO,3,187,hexagonal,-1.12567,0.0,train
2783,40443,JVASP-46828,Na3SrPCO7,26,11,monoclinic,-2.34321,4.212,train
2784,8017,JVASP-86316,SrCd2,6,74,orthorhombic,-0.40742,0.0,train
2785,69642,JVASP-145263,U2Al9Ir3,28,63,orthorhombic,-0.66168,0.0,train
2786,5931,JVASP-66410,BaLaSc,3,216,cubic,0.88,0.0,train
2787,55837,JVASP-121825,Tb7MnI12,20,148,trigonal,-1.2086,0.0,train
2788,7949,JVASP-75807,AsPW2,4,216,cubic,0.37355,0.0,train
2789,25762,JVASP-9190,Ba2AlCu3O7,13,47,orthorhombic,-1.70196,0.0,train
2790,64646,JVASP-134185,NaLiBi,3,187,hexagonal,-0.32278,0.0,train
2791,65996,JVASP-144323,KCrS2O8,12,12,monoclinic,-1.72497,1.488,train
2792,74062,JVASP-149964,CoP2W,8,194,hexagonal,-0.36418,0.0,train
2793,43471,JVASP-21689,ScGa6Fe6,13,71,orthorhombic,-0.29576,0.0,train
2794,33610,JVASP-29215,Si3H,8,166,trigonal,0.0365,0.963,train
2795,29205,JVASP-10368,ZnBi4O8,13,166,trigonal,-0.98738,0.0,train
2796,57219,JVASP-127366,TaCr,2,221,cubic,-0.04395,0.0,train
2797,80214,JVASP-184463,YSi2Ni3,6,191,hexagonal,-0.69086,0.0,train
2798,75313,JVASP-146778,LuNbO4,12,12,monoclinic,-3.27746,3.247,train
2799,70668,JVASP-149846,KFeO2,8,227,cubic,-1.38423,0.0,train
2800,48195,JVASP-110549,PrZnAgP2,5,156,trigonal,-0.69538,0.24,train
2801,12306,JVASP-71744,ScBeCl2,4,119,tetragonal,-0.46782,0.0,train
2802,88180,JVASP-168764,TlPt3O4,16,225,cubic,-0.68699,1.474,train
2803,85992,JVASP-149417,Dy2Fe15Co2C,20,12,monoclinic,-0.05597,0.0,train
2804,10184,JVASP-70398,MnBe2Pd,4,123,tetragonal,-0.26681,0.0,train
2805,87511,JVASP-164652,KCoPH2O5,20,31,orthorhombic,-1.66967,0.021,train
2806,57930,JVASP-127775,PrCd,2,187,hexagonal,-0.1527,0.0,train
2807,50285,JVASP-112909,Li4Mn3CoO8,16,2,triclinic,-1.92006,0.008,train
2808,26917,JVASP-9705,ReTeS,12,216,cubic,-0.39811,0.241,train
2809,49814,JVASP-116571,Ti6Ga16Rh7,29,225,cubic,-0.52395,0.0,train
2810,63328,JVASP-140282,K2Ca2MgS4O18,27,2,triclinic,-1.8238,0.888,train
2811,25679,JVASP-34540,SiO2,18,167,trigonal,-2.3365,2.568,train
2812,78017,JVASP-164013,Mg2Cu,12,70,orthorhombic,-0.16288,0.0,train
2813,59687,JVASP-144153,Dy3Ge2Rh2,28,57,orthorhombic,-0.95919,0.0,train
2814,69424,JVASP-151590,SrSn4,10,63,orthorhombic,-0.37715,0.0,train
2815,60197,JVASP-139485,MnCl2,3,191,hexagonal,-0.11509,0.0,train
2816,15891,JVASP-99672,Rb2InAsBr6,10,225,cubic,-1.08172,0.0,train
2817,10730,JVASP-70897,KBe2Cd,4,65,orthorhombic,0.96036,0.0,train
2818,72261,JVASP-145346,Th7S12,19,174,hexagonal,-2.20691,0.0,train
2819,59328,JVASP-141325,Hf2Co21B6,29,225,cubic,-0.26545,0.0,train
2820,75721,JVASP-156440,BiPbAu,3,216,cubic,-0.04924,0.0,train
2821,66563,JVASP-141071,RbMo3Se3,14,176,hexagonal,-0.76061,0.0,train
2822,54850,JVASP-121292,AuBr2,3,2,triclinic,-0.11062,0.0,train
2823,3642,JVASP-86872,Ce3Sb3Au2,16,194,hexagonal,-0.88475,0.0,train
2824,21675,JVASP-13354,Nd2CdS4,14,122,tetragonal,-1.71902,1.692,train
2825,89971,JVASP-191758,Sc2ZnRh,4,123,tetragonal,-0.72195,0.0,train
2826,88664,JVASP-165806,CdCu2O4,14,88,tetragonal,-0.83606,0.323,train
2827,75116,JVASP-153724,KSbSe2,16,2,triclinic,-0.75571,1.17,train
2828,11080,JVASP-71831,TiBeRh2,4,119,tetragonal,-0.60985,0.0,train
2829,998,JVASP-64024,Ba4MgPt,6,216,cubic,0.49906,0.0,train
2830,38030,JVASP-13918,NaSnS2,4,166,trigonal,-0.80913,0.0,train
2831,18866,JVASP-4110,Tl2PdCl4,7,123,tetragonal,-0.83245,1.092,train
2832,25480,JVASP-50993,YbH3O3,14,176,hexagonal,-1.57515,0.0,train
2833,24611,JVASP-31801,TcF6,7,229,cubic,-2.0348,0.0,train
2834,54897,JVASP-123345,Ag3O,4,221,cubic,0.17999,0.0,train
2835,75224,JVASP-148218,Ho5Ge2Sb2,18,64,orthorhombic,-0.99973,0.0,train
2836,83452,JVASP-177467,Al2CdBr8,22,7,monoclinic,-1.10879,2.893,train
2837,3176,JVASP-18739,LiPd2Pb,4,225,cubic,-0.40078,0.0,train
2838,31677,JVASP-58398,ErB4Rh4,18,137,tetragonal,-0.56639,0.0,train
2839,76340,JVASP-159974,KScSeO,8,26,orthorhombic,-2.27691,2.873,train
2840,13474,JVASP-94185,Mg6CrCu,8,38,orthorhombic,0.17028,0.0,train
2841,37284,JVASP-30504,HAuO2,4,12,monoclinic,-0.42267,1.215,train
2842,16281,JVASP-101539,AsNO2F6,10,12,monoclinic,-1.5131,3.241,train
2843,25702,JVASP-34544,KCuF3,10,140,tetragonal,-2.0561,0.102,train
2844,17480,JVASP-100392,HfTiMo4,6,216,cubic,-0.07187,0.0,train
2845,53190,JVASP-118490,HSeO,3,6,monoclinic,0.60643,0.268,train
2846,92422,JVASP-188261,Mo3Pt,4,221,cubic,-0.11193,0.0,train
2847,93444,JVASP-193375,NbVGe,6,129,tetragonal,-0.43297,0.0,train
2848,67003,JVASP-134541,SbClO,6,166,trigonal,-1.07345,1.88,train
2849,66165,JVASP-138857,NaNiF3,5,221,cubic,-2.18326,0.209,train
2850,43543,JVASP-109607,ThAg3,8,194,hexagonal,-0.12671,0.0,train
2851,64430,JVASP-136914,LiCl2,3,8,monoclinic,-1.19258,0.0,train
2852,10129,JVASP-92692,BaSb2Ru2,5,139,tetragonal,-0.41988,0.0,train
2853,48970,JVASP-112488,La2InSi2,20,55,orthorhombic,-0.72315,0.0,train
2854,20121,JVASP-103749,NaNiO2,4,12,monoclinic,-1.31269,0.0,train
2855,82930,JVASP-168931,Sr5Mn4CO13,23,6,monoclinic,-2.47048,0.258,train
2856,91102,JVASP-194300,Sc2RuPt,4,123,tetragonal,-1.0519,0.0,train
2857,36472,JVASP-25341,Ag,4,194,hexagonal,0.0017,0.0,train
2858,19686,JVASP-16214,HfP,8,194,hexagonal,-1.33396,0.0,train
2859,38492,JVASP-5431,SNCl,18,11,monoclinic,0.28152,2.08,train
2860,3953,JVASP-65563,BaMgCl2,4,99,tetragonal,-1.61043,0.054,train
2861,30673,JVASP-29883,PbSeO3,40,14,monoclinic,-1.1293,3.436,train
2862,73118,JVASP-146295,MgSe2,12,205,cubic,-0.93851,1.636,train
2863,14633,JVASP-28410,WSe2,3,187,hexagonal,-0.46596,1.334,train
2864,4641,JVASP-85609,EuCu,2,221,cubic,-0.27143,0.0,train
2865,2227,JVASP-86453,CuRh2O4,14,227,cubic,-0.84187,0.0,train
2866,29845,JVASP-35782,ScAu2,3,139,tetragonal,-0.87602,0.0,train
2867,52347,JVASP-117786,IBr2,3,47,orthorhombic,0.17987,0.0,train
2868,40241,JVASP-18176,Rb2RhF6,9,164,trigonal,-2.38403,0.0,train
2869,16920,JVASP-101003,NaCd2In,4,225,cubic,-0.1256,0.0,train
2870,38888,JVASP-37079,SmTlSe2,4,166,trigonal,-1.43377,1.226,train
2871,23300,JVASP-8031,CdSiAs2,8,122,tetragonal,-0.09416,0.363,train
2872,69711,JVASP-155608,PaNb2Si2,5,139,tetragonal,-0.48938,0.0,train
2873,81207,JVASP-163447,Ba5P5I3,26,12,monoclinic,-1.37885,0.0,train
2874,85935,JVASP-179296,TiCoTe4,6,10,monoclinic,-0.38453,0.0,train
2875,10923,JVASP-93131,CeMg6Si,8,38,orthorhombic,-0.00654,0.0,train
2876,24504,JVASP-7707,NdCu5,6,191,hexagonal,-0.18761,0.0,train
2877,34966,JVASP-25110,Se,2,63,orthorhombic,0.16583,0.0,train
2878,86800,JVASP-180699,LiLaAl4,6,187,hexagonal,-0.41946,0.0,train
2879,75517,JVASP-157350,LiPmMg2,4,225,cubic,-0.02432,0.0,train
2880,19403,JVASP-101871,SnH26C14O4,45,1,triclinic,-0.27779,4.737,train
2881,14437,JVASP-93406,Li2In,6,63,orthorhombic,-0.31858,0.0,train
2882,82745,JVASP-165638,Sr2P6Rh7,30,113,tetragonal,-0.88354,0.0,train
2883,36440,JVASP-54697,SmH3O3,14,176,hexagonal,-2.0294,3.757,train
2884,77355,JVASP-159914,TcH,2,225,cubic,0.06569,0.0,train
2885,41137,JVASP-43031,Mn3OF5,18,65,orthorhombic,-2.30755,0.0,train
2886,57545,JVASP-127512,SmMo,2,221,cubic,0.67418,0.0,train
2887,12399,JVASP-71909,BeCr2Hg,4,139,tetragonal,0.57821,0.0,train
2888,30880,JVASP-47723,Li2V3O6,11,12,monoclinic,-2.45979,0.0,train
2889,78073,JVASP-164345,Ca7CuPt2O12,22,5,monoclinic,-2.37338,0.516,train
2890,17395,JVASP-15106,TmFe2Si2,5,139,tetragonal,-0.66636,0.0,train
2891,68018,JVASP-121684,Li2VO2F2,14,24,orthorhombic,-2.7902,0.0,train
2892,44816,JVASP-20561,ScAs,2,225,cubic,-1.44621,0.0,train
2893,83351,JVASP-166941,K3SiNO3F6,28,194,hexagonal,-2.51152,3.367,train
2894,73956,JVASP-133554,Li3Mn2CoO6,12,12,monoclinic,-1.85671,0.0,train
2895,76546,JVASP-159889,NaAsSeO,8,26,orthorhombic,-1.00924,1.667,train
2896,50642,JVASP-115387,Pb2S,3,38,orthorhombic,-0.22499,0.0,train
2897,71592,JVASP-149876,TbCd3,8,63,orthorhombic,-0.32233,0.0,train
2898,10,JVASP-98550,Ba4CeMn3O12,20,166,trigonal,-2.76746,1.517,train
2899,68328,JVASP-157121,La2InGa,4,225,cubic,-0.54,0.0,train
2900,33344,JVASP-31003,Er5Si3,16,193,hexagonal,-0.70139,0.0,train
2901,75966,JVASP-156292,TmMg2Sb2,5,164,trigonal,-0.58699,0.0,train
2902,22745,JVASP-18886,Ag2Te,6,64,orthorhombic,0.0136,0.0,train
2903,32525,JVASP-20371,Nb3Sb,8,223,cubic,-0.23016,0.0,train
2904,59720,JVASP-142732,CdIClO3,24,64,orthorhombic,-0.77065,3.204,train
2905,48974,JVASP-111611,ErGa6,14,125,tetragonal,-0.28594,0.0,train
2906,60042,JVASP-142436,La2U3O11,16,71,orthorhombic,-3.4309,0.0,train
2907,37778,JVASP-37204,Mg3Pb,4,139,tetragonal,-0.04447,0.0,train
2908,74642,JVASP-152418,HoMg2,12,194,hexagonal,-0.07034,0.0,train
2909,6749,JVASP-92233,ZrFeF6,8,225,cubic,-3.15604,0.0,train
2910,74948,JVASP-154433,Cr3C,16,62,orthorhombic,-0.12114,0.0,train
2911,6269,JVASP-67127,BeInPd,3,107,tetragonal,-0.22033,0.0,train
2912,81130,JVASP-165178,Np2Si4Tc3,18,14,monoclinic,-0.37702,0.0,train
2913,22406,JVASP-103966,CdH6C5O4,16,1,triclinic,-0.55349,3.317,train
2914,57249,JVASP-128875,BaF,2,221,cubic,-2.37941,0.0,train
2915,63081,JVASP-133918,BaHfS3,5,221,cubic,-1.99733,0.798,train
2916,24318,JVASP-7923,ZnO,2,216,cubic,-1.58593,0.872,train
2917,87088,JVASP-170130,Ni16GeP5,22,2,triclinic,-0.41057,0.0,train
2918,52107,JVASP-117353,KAlCO5,16,63,orthorhombic,-1.73514,0.0,train
2919,28172,JVASP-9194,Ba2YNi3O8,14,123,tetragonal,-2.03324,0.0,train
2920,40550,JVASP-17979,CeSb,2,123,tetragonal,-0.87094,0.0,train
2921,75513,JVASP-156433,TlSnAu,3,216,cubic,-0.0396,0.0,train
2922,30910,JVASP-29568,C,2,191,hexagonal,0.01029,0.0,train
2923,25334,JVASP-60098,YFeO3,30,185,hexagonal,-2.61027,0.0,train
2924,43706,JVASP-110189,NbO2F,4,123,tetragonal,-2.74118,0.943,train
2925,11468,JVASP-72092,Ti2BeTl,4,139,tetragonal,0.10943,0.0,train
2926,8359,JVASP-68274,Sc2BeRu,4,99,tetragonal,-0.29614,0.0,train
2927,82667,JVASP-163804,Sr2Zr7O16,25,148,trigonal,-3.67038,4.058,train
2928,12481,JVASP-96854,Ce2Zn2Cu5,18,166,trigonal,-0.17422,0.0,train
2929,10919,JVASP-94237,Mg6CrFe,8,38,orthorhombic,0.291,0.0,train
2930,86817,JVASP-183416,TlSbO,3,187,hexagonal,-0.41905,0.0,train
2931,43282,JVASP-56714,KNiP3O9,14,146,trigonal,-2.06514,1.544,train
2932,6281,JVASP-85691,Na2HfH6O6,15,148,trigonal,-1.7406,4.758,train
2933,61912,JVASP-142200,Ca3UO6,20,14,monoclinic,-3.44666,2.107,train
2934,34405,JVASP-39913,YbPrZn2,4,225,cubic,-0.40276,0.0,train
2935,74563,JVASP-152111,KSbP2O8,12,148,trigonal,-2.08518,2.85,train
2936,91538,JVASP-189425,MgScAg2,4,225,cubic,-0.32897,0.0,train
2937,4723,JVASP-66150,Ba2GaSi,4,225,cubic,-0.2817,0.0,train
2938,29343,JVASP-36187,BrCl,4,63,orthorhombic,-0.03561,1.637,train
2939,59683,JVASP-124047,Pr3Pu,4,164,trigonal,0.60074,0.0,train
2940,66997,JVASP-124961,Ac3Pb,4,164,trigonal,-0.14729,0.0,train
2941,24151,JVASP-8165,AgNO3,5,160,trigonal,-0.25181,1.6,train
2942,24846,JVASP-50143,Bi2TeO2,5,139,tetragonal,-1.01462,0.0,train
2943,76642,JVASP-158259,TiCo2B2,5,139,tetragonal,-0.6006,0.0,train
2944,92010,JVASP-188248,MoRu3,4,221,cubic,-0.01101,0.0,train
2945,21755,JVASP-107163,Ca3Ag,4,221,cubic,-0.11181,0.0,train
2946,50413,JVASP-115241,Rb2MnSe2,5,71,orthorhombic,-0.84426,0.0,train
2947,32723,JVASP-23770,ZrVP,12,62,orthorhombic,-1.10253,0.0,train
2948,41125,JVASP-4960,TlSbSe2,4,65,orthorhombic,0.36157,0.0,train
2949,37565,JVASP-38932,MgU,4,51,orthorhombic,0.27242,0.0,train
2950,65297,JVASP-141715,NdNiB4,24,139,tetragonal,-0.55791,0.0,train
2951,93105,JVASP-190474,Ti2NbAl5,8,139,tetragonal,-0.39851,0.0,train
2952,82033,JVASP-169235,Pr2USe4,14,122,tetragonal,-1.68203,0.0,train
2953,33837,JVASP-41462,Tm2AgIr,4,225,cubic,-0.74459,0.0,train
2954,35111,JVASP-38871,LiNbIr2,4,225,cubic,-0.53795,0.0,train
2955,20681,JVASP-104973,Ba2CoNiS4,8,99,tetragonal,-1.3241,0.0,train
2956,39405,JVASP-55696,LiHSeO3,24,19,orthorhombic,-1.31034,4.344,train
2957,45293,JVASP-54987,Sm4Sn3,14,220,cubic,-0.77647,0.0,train
2958,81566,JVASP-180844,SrPtAu,3,187,hexagonal,-0.36381,0.0,train
2959,75014,JVASP-153992,Tb5Sb3,16,193,hexagonal,-0.94505,0.0,train
2960,85283,JVASP-176191,Sr2LiGe3,24,58,orthorhombic,-0.672,0.0,train
2961,8418,JVASP-68072,SrBeTc2,4,216,cubic,0.74879,0.0,train
2962,77133,JVASP-155024,Er2Zn17,19,166,trigonal,-0.22609,0.0,train
2963,51809,JVASP-111289,PaSi3,8,194,hexagonal,-0.29901,0.0,train
2964,68797,JVASP-99946,Nb4Al,5,69,orthorhombic,-0.1001,0.0,train
2965,10719,JVASP-72046,BeCrCd2,4,123,tetragonal,0.58353,0.0,train
2966,79618,JVASP-180472,CoCu2O2,5,166,trigonal,-0.65288,0.0,train
2967,81721,JVASP-180960,Li2IrO2,5,71,orthorhombic,-1.39821,0.0,train
2968,5026,JVASP-66472,BaSrSb,3,216,cubic,-0.31919,0.0,train
2969,86195,JVASP-184247,NaMn2P2,5,139,tetragonal,-0.45156,0.0,train
2970,23258,JVASP-7992,GeO2,9,154,trigonal,-1.67667,3.245,train
2971,20454,JVASP-2589,BaSe2,6,15,monoclinic,-1.46416,0.684,train
2972,31202,JVASP-39747,GaCu3,8,194,hexagonal,-0.07307,0.0,train
2973,13377,JVASP-106078,Er2Al3Ga,6,166,trigonal,-0.53321,0.0,train
2974,72085,JVASP-155484,ZrZnCu2Se4,8,121,tetragonal,-0.64334,0.849,train
2975,16085,JVASP-51237,SrCrPd2,4,216,cubic,0.10231,0.0,train
2976,23383,JVASP-8149,K3P,8,194,hexagonal,-0.35255,0.304,train
2977,88724,JVASP-164986,KBaPSe4,28,62,orthorhombic,-1.05908,1.049,train
2978,60871,JVASP-132265,Mn28Tc,29,217,cubic,-0.02257,0.0,train
2979,60257,JVASP-135699,Au2Br,3,191,hexagonal,0.29261,0.0,train
2980,26546,JVASP-78685,MnNiSb,3,216,cubic,-0.12716,0.0,train
2981,58434,JVASP-126583,OsRh3,4,221,cubic,0.06332,0.0,train
2982,5325,JVASP-48336,MnNi3O4,8,65,orthorhombic,-0.84957,0.0,train
2983,52645,JVASP-118002,Cd2In,3,191,hexagonal,0.03803,0.0,train
2984,23604,JVASP-8110,Tb2Fe2Si2C,7,12,monoclinic,-0.71581,0.0,train
2985,10276,JVASP-70689,Be2CoGe,4,119,tetragonal,-0.08275,0.0,train
2986,18410,JVASP-104620,TbErHg2,4,225,cubic,-0.40006,0.0,train
2987,67141,JVASP-136717,SiGeO,3,99,tetragonal,-0.64696,0.0,train
2988,91635,JVASP-189562,HfGaNi2,4,225,cubic,-0.57753,0.0,train
2989,21101,JVASP-107356,CeCoSi2Rh,5,119,tetragonal,-0.85767,0.0,train
2990,83893,JVASP-179571,BaGa2Pt,4,123,tetragonal,-0.47936,0.0,train
2991,72022,JVASP-156271,HfGaPd,6,194,hexagonal,-0.65963,0.0,train
2992,6468,JVASP-68654,Be2PBr,4,99,tetragonal,-0.02412,0.0,train
2993,18335,JVASP-102699,Nd2CdSb4,7,115,tetragonal,-0.72861,0.0,train
2994,8331,JVASP-67844,BeCo4Cu,6,216,cubic,0.30987,0.0,train
2995,88930,JVASP-178651,Ba2NaPt,4,225,cubic,-0.38589,0.0,train
2996,70418,JVASP-146228,Dy2MgS4,14,122,tetragonal,-1.9977,2.26,train
2997,62272,JVASP-132332,Nd3Pd,4,164,trigonal,-0.2753,0.0,train
2998,50329,JVASP-116784,V2Pb3O8,13,166,trigonal,-2.05131,2.91,train
2999,59049,JVASP-126829,RbHf,2,187,hexagonal,1.06982,0.0,train
3000,23384,JVASP-8107,TiCo3,4,221,cubic,-0.29082,0.0,train
3001,68934,JVASP-155998,Mn2CuNi,4,216,cubic,0.10559,0.0,train
3002,23033,JVASP-51748,NaH2Pd3,6,65,orthorhombic,-0.16115,0.0,train
3003,1768,JVASP-97402,CuHgSI,16,33,orthorhombic,-0.16219,0.377,train
3004,62146,JVASP-141207,K6ZnS4,22,186,hexagonal,-1.2441,1.881,train
3005,84858,JVASP-178914,Hf2In,3,71,orthorhombic,-0.15132,0.0,train
3006,33919,JVASP-40621,CuGeRh2,4,225,cubic,-0.32583,0.0,train
3007,37983,JVASP-30469,ScSn3,8,194,hexagonal,-0.25363,0.0,train
3008,6157,JVASP-67700,BeAgMo,3,107,tetragonal,0.22622,0.0,train
3009,87066,JVASP-181639,MgTiSi2,4,119,tetragonal,-0.23735,0.0,train
3010,33600,JVASP-586,NbSe3,24,11,monoclinic,-0.68781,0.0,train
3011,36184,JVASP-16533,YGa,4,63,orthorhombic,-0.69359,0.0,train
3012,43975,JVASP-57125,ZnS,28,186,hexagonal,-0.88658,2.092,train
3013,69331,JVASP-148329,AlInN2,16,33,orthorhombic,-0.81448,1.585,train
3014,48595,JVASP-100338,TbAlCu,6,74,orthorhombic,-0.40389,0.0,train
3015,80692,JVASP-170598,Ho4Cu5P7,16,121,tetragonal,-0.8578,0.0,train
3016,72354,JVASP-145890,NaOsO3,20,62,orthorhombic,-1.42712,0.0,train
3017,7860,JVASP-86142,YbGeIr,12,62,orthorhombic,-0.85084,0.0,train
3018,91318,JVASP-194619,CaSi2,6,141,tetragonal,-0.3929,0.0,train
3019,19093,JVASP-14611,P,2,166,trigonal,0.05275,0.0,train
3020,30444,JVASP-35792,ErSb2,3,21,orthorhombic,-0.2146,0.0,train
3021,17490,JVASP-103250,ErTmAg2,4,225,cubic,-0.37995,0.0,train
3022,17157,JVASP-99645,Ba2UCrO6,10,225,cubic,-3.11721,0.75,train
3023,30970,JVASP-29570,CuSe,12,194,hexagonal,0.07807,0.0,train
3024,8320,JVASP-69867,BeCoMo,3,156,trigonal,0.22679,0.0,train
3025,66659,JVASP-134024,BeSbCl,3,25,orthorhombic,-0.30861,0.0,train
3026,16585,JVASP-100943,MgGaCu3Se4,9,215,cubic,-0.3347,0.0,train
3027,14838,JVASP-14015,YbMnGe,9,189,hexagonal,-0.33931,0.0,train
3028,34475,JVASP-39959,AcN,4,186,hexagonal,-1.2558,0.183,train
3029,87074,JVASP-183872,ScFe2Si,4,38,orthorhombic,-0.21696,0.0,train
3030,14839,JVASP-99806,LiEr2Au,4,225,cubic,-0.44589,0.0,train
3031,39615,JVASP-44217,CeW2O8,22,15,monoclinic,-2.68817,1.892,train
3032,59616,JVASP-133405,Sr3CaCl4F4,12,99,tetragonal,-3.43602,5.706,train
3033,12515,JVASP-95373,SrY2S4,28,62,orthorhombic,-2.34596,1.832,train
3034,90953,JVASP-187369,TaTiTcIr,4,216,cubic,-0.64943,0.0,train
3035,44854,JVASP-108809,AlCr4GaC2,8,187,hexagonal,-0.1842,0.0,train
3036,93847,JVASP-190600,YV2Ge2,5,139,tetragonal,-0.56884,0.0,train
3037,38074,JVASP-39093,SiTc3,8,194,hexagonal,-0.04252,0.0,train
3038,11014,JVASP-93493,UTe2,6,71,orthorhombic,-0.69305,0.0,train
3039,72574,JVASP-150126,NdCdGa,9,189,hexagonal,-0.55556,0.0,train
3040,77014,JVASP-158016,Ba2HgTe2F2,7,115,tetragonal,-2.27905,1.11,train
3041,20797,JVASP-104927,Sr2ZnAs2,5,187,hexagonal,-0.93351,0.0,train
3042,55287,JVASP-123616,ScP3,4,8,monoclinic,-0.71317,0.0,train
3043,25268,JVASP-50085,TiO,2,187,hexagonal,-2.71166,0.0,train
3044,23128,JVASP-8187,TaCuN2,4,166,trigonal,-0.68076,0.578,train
3045,84185,JVASP-184653,SrZrO,3,187,hexagonal,-0.51956,0.0,train
3046,57978,JVASP-129227,InIr3,4,221,cubic,0.11105,0.0,train
3047,68233,JVASP-156918,MgZn2Au,4,225,cubic,-0.22248,0.0,train
3048,83262,JVASP-167905,LaAs2Au,8,139,tetragonal,-0.86153,0.0,train
3049,57160,JVASP-121704,K2LiVO4,16,12,monoclinic,-2.45215,3.784,train
3050,255,JVASP-37044,TiFe2As,4,225,cubic,-0.33344,0.0,train
3051,72177,JVASP-155683,CaTc2Ge2,5,139,tetragonal,-0.28805,0.0,train
3052,45749,JVASP-25401,Ag,3,166,trigonal,0.00231,0.0,train
3053,70171,JVASP-153789,Ba3Dy4O9,16,146,trigonal,-3.44208,3.18,train
3054,69991,JVASP-146578,Li4Mn2TeWO12,20,1,triclinic,-1.94351,0.363,train
3055,50109,JVASP-115074,MgPH,3,216,cubic,0.31242,0.0,train
3056,20831,JVASP-21242,ZnSeO3,20,62,orthorhombic,-1.14644,3.664,train
3057,78948,JVASP-164759,K3LiTi7O16,27,1,triclinic,-3.06451,2.836,train
3058,12482,JVASP-1285,BaO2,3,139,tetragonal,-2.08593,2.327,train
3059,75160,JVASP-146765,Li5Co3O8,16,12,monoclinic,-1.73926,0.0,train
3060,84191,JVASP-178492,TiNb6Tl2O18,27,164,trigonal,-2.598,2.591,train
3061,68007,JVASP-121681,Ba2YNi3O7,13,47,orthorhombic,-2.10806,0.0,train
3062,15478,JVASP-7577,Si,1,221,cubic,4.66962,0.0,train
3063,48535,JVASP-114140,SnCI,3,187,hexagonal,2.04798,0.0,train
3064,25927,JVASP-12626,InFeO3,10,194,hexagonal,-1.50129,0.0,train
3065,50440,JVASP-115260,NaReO,3,99,tetragonal,1.78847,0.0,train
3066,43136,JVASP-37981,CoTeO3,5,221,cubic,-0.59332,0.0,train
3067,10630,JVASP-71604,TaBe2Se,4,123,tetragonal,0.14743,0.0,train
3068,8790,JVASP-75784,MgVAs,3,216,cubic,0.41,0.019,train
3069,56386,JVASP-126934,TbAu3,4,221,cubic,-0.61462,0.0,train
3070,6534,JVASP-63672,Li4Be3As3ClO12,46,218,cubic,-2.09761,4.572,train
3071,53236,JVASP-119103,FePH3CO7,26,2,triclinic,-1.43393,0.801,train
3072,55861,JVASP-124061,SrPr3,4,164,trigonal,0.04284,0.0,train
3073,27976,JVASP-36445,Ca3N2,5,221,cubic,-0.49906,0.362,train
3074,2017,JVASP-64376,Ba4MgV,6,216,cubic,1.04514,0.0,train
3075,74771,JVASP-152910,V3S4,14,176,hexagonal,-1.09564,0.0,train
3076,45594,JVASP-17503,DyCo2Ge2,5,139,tetragonal,-0.61395,0.0,train
3077,89550,JVASP-191862,LiMg2Pt3,6,123,tetragonal,-0.82244,0.0,train
3078,61511,JVASP-142191,Na,20,213,cubic,-0.01219,0.0,train
3079,33293,JVASP-23553,PtPb4,10,125,tetragonal,-0.12308,0.0,train
3080,28983,JVASP-85231,CeNdI4,12,15,monoclinic,-1.24117,0.0,train
3081,83911,JVASP-163195,LiNiO2,8,36,orthorhombic,-1.45409,0.0,train
3082,5353,JVASP-65764,BaBi2Cl,4,99,tetragonal,-1.07172,0.0,train
3083,75715,JVASP-156338,LaNdGe,3,216,cubic,-0.56196,0.0,train
3084,51310,JVASP-117059,BaYMnCuO5,9,99,tetragonal,-2.45364,0.0,train
3085,26585,JVASP-76702,LiCa2Sn,4,71,orthorhombic,-0.24755,0.0,train
3086,65858,JVASP-135871,BaLiTe,3,38,orthorhombic,-0.71803,0.0,train
3087,64236,JVASP-144049,Li2Fe3O6,11,12,monoclinic,-1.71628,0.0,train
3088,36777,JVASP-30178,TiOF2,16,20,orthorhombic,-3.40527,3.252,train
3089,50337,JVASP-112920,Li7Mn4CoO12,24,6,monoclinic,-2.04477,0.0,train
3090,10764,JVASP-70013,Be2CdTc,4,119,tetragonal,0.31073,0.0,train
3091,62156,JVASP-141914,Li3MnCoO5,20,5,monoclinic,-1.96124,0.768,train
3092,77665,JVASP-159326,Yb4Ge6Rh7,17,229,cubic,-0.90359,0.0,train
3093,69924,JVASP-149822,Ba3Al2Sn2,7,71,orthorhombic,-0.63603,0.0,train
3094,69440,JVASP-142015,KMnN,12,62,orthorhombic,-0.19376,0.0,train
3095,22112,JVASP-60642,Nb3Cl7,40,64,orthorhombic,-1.30868,0.909,train
3096,76975,JVASP-159741,CePOsO,8,129,tetragonal,-1.98347,0.0,train
3097,40102,JVASP-12763,Li7SbO6,14,146,trigonal,-2.03434,3.719,train
3098,62989,JVASP-138206,BiBr,4,129,tetragonal,-0.26128,0.0,train
3099,52004,JVASP-117292,Li3Co3NiO8,30,186,hexagonal,-1.52796,0.079,train
3100,72029,JVASP-146438,Pr2Si2PbS8,26,9,monoclinic,-1.33332,2.242,train
3101,82982,JVASP-168202,Yb2Ga,12,62,orthorhombic,-0.43437,0.0,train
3102,87735,JVASP-180068,RbHfO3,5,221,cubic,-2.74314,0.0,train
3103,4223,JVASP-69371,BaGeCl2,4,123,tetragonal,-1.2306,0.0,train
3104,5821,JVASP-85336,EuMn2Sb2,5,164,trigonal,-0.17906,0.0,train
3105,65949,JVASP-138550,CdSbSe,3,99,tetragonal,0.07018,0.0,train
3106,33791,JVASP-41031,NdAl,16,57,orthorhombic,-0.42594,0.0,train
3107,33054,JVASP-41870,Sc2TcPt,4,225,cubic,-0.81055,0.0,train
3108,46860,JVASP-20878,TlMo3Se3,14,176,hexagonal,-0.49281,0.16,train
3109,50909,JVASP-116898,LiV2OF5,27,145,trigonal,-2.93517,0.468,train
3110,80394,JVASP-172332,Rb3Ca2Cl7,12,139,tetragonal,-2.3218,5.069,train
3111,75644,JVASP-156299,Mg2TlSb2,5,164,trigonal,-0.24361,0.0,train
3112,58539,JVASP-124649,ErSb5,6,164,trigonal,-0.20922,0.0,train
3113,13934,JVASP-92712,UGa3Ni,5,107,tetragonal,-0.26309,0.0,train
3114,73887,JVASP-152391,TbFe2,12,194,hexagonal,-0.00638,0.0,train
3115,61890,JVASP-133152,DyMo6Se8,15,148,trigonal,-0.7244,0.0,train
3116,9047,JVASP-91391,LiFeSi2O6,20,15,monoclinic,-2.39399,0.0,train
3117,93121,JVASP-191241,YSc2PbC,5,123,tetragonal,-0.70938,0.0,train
3118,9720,JVASP-67962,BeGaW2,4,119,tetragonal,-0.00727,0.0,train
3119,74908,JVASP-153704,Ta5Ga3,16,63,orthorhombic,-0.16806,0.0,train
3120,17377,JVASP-101660,TbMnGa,9,189,hexagonal,-0.19218,0.0,train
3121,21082,JVASP-15421,ZrSiSe,6,129,tetragonal,-1.09399,0.0,train
3122,22506,JVASP-14265,RuC,2,187,hexagonal,0.61807,0.0,train
3123,6314,JVASP-67742,NaMnBe2,4,123,tetragonal,0.56157,0.0,train
3124,46844,JVASP-44599,Na3MnBSO7,26,11,monoclinic,-1.91632,1.854,train
3125,74694,JVASP-145427,CaLaGa3S6O,24,4,monoclinic,-1.58256,2.608,train
3126,79661,JVASP-163740,PrBiO4,24,14,monoclinic,-2.12857,0.686,train
3127,83314,JVASP-183731,CaNiS,3,187,hexagonal,-1.2335,0.0,train
3128,37036,JVASP-78382,KP,2,166,trigonal,0.44116,0.0,train
3129,41246,JVASP-5407,K4MnCl6,11,229,cubic,-1.7658,2.179,train
3130,29387,JVASP-50445,Li4ZrO4,18,63,orthorhombic,-2.62633,4.732,train
3131,55319,JVASP-122830,PmSm3,4,164,trigonal,-0.01007,0.0,train
3132,54716,JVASP-118058,SnHCl2,4,99,tetragonal,-0.11491,0.794,train
3133,13357,JVASP-105852,Yb3Sr,4,221,cubic,0.02299,0.0,train
3134,79082,JVASP-182497,BaMn2S2,5,139,tetragonal,-0.92837,0.0,train
3135,33924,JVASP-39938,Be2RhAu,4,225,cubic,-0.4009,0.0,train
3136,23182,JVASP-8473,Mn2SnS4,7,65,orthorhombic,-0.47836,0.0,train
3137,46473,JVASP-12473,PbBrCl,12,62,orthorhombic,-1.10907,3.551,train
3138,25729,JVASP-11147,TlCu3S2,12,12,monoclinic,-0.26079,0.515,train
3139,20543,JVASP-101962,CdH14C9O4,28,1,triclinic,-0.3404,2.315,train
3140,37833,JVASP-30223,TiSnP2O8,24,11,monoclinic,-2.35587,2.058,train
3141,417,JVASP-98616,ErH9C5N2O8,25,5,monoclinic,-1.03692,4.604,train
3142,50777,JVASP-112237,H4C7O2,52,14,monoclinic,-0.25423,1.524,train
3143,45589,JVASP-16729,TlFe2S2,5,139,tetragonal,-0.35079,0.0,train
3144,64166,JVASP-139606,NaSnO,3,187,hexagonal,-0.16773,0.0,train
3145,27536,JVASP-79274,HfInAu2,4,225,cubic,-0.39959,0.0,train
3146,52216,JVASP-117688,LiBeSe,3,187,hexagonal,0.01916,0.0,train
3147,75246,JVASP-146770,Li7Mn2Co3O12,24,12,monoclinic,-1.92955,0.121,train
3148,46054,JVASP-16793,LiCa6Ge,8,225,cubic,-0.08887,0.0,train
3149,9392,JVASP-105883,ZnPd3,4,221,cubic,-0.30017,0.0,train
3150,4064,JVASP-65480,BaInIr2,4,123,tetragonal,0.1366,0.0,train
3151,74382,JVASP-151907,CrO2,12,60,orthorhombic,-2.08399,0.0,train
3152,52151,JVASP-112347,Sr3PrMn4O12,20,229,cubic,-2.60667,0.0,train
3153,39546,JVASP-44725,LiFePO4,14,9,monoclinic,-2.03553,0.03,train
3154,48401,JVASP-110534,Ti3VS6,10,148,trigonal,-1.4096,0.0,train
3155,54445,JVASP-117848,P3Br,4,1,triclinic,0.20979,0.308,train
3156,16458,JVASP-100241,Ti2RuRh,4,225,cubic,-0.73935,0.0,train
3157,74304,JVASP-152887,YbMo6Se8,15,148,trigonal,-0.74641,0.0,train
3158,66493,JVASP-140007,NiMo2P,16,12,monoclinic,-0.362,0.0,train
3159,92799,JVASP-188434,YSc2Tc,4,123,tetragonal,-0.1377,0.0,train
3160,60958,JVASP-138959,AlNCl,3,187,hexagonal,1.07257,0.0,train
3161,76090,JVASP-161394,Ca2CuAg,4,225,cubic,-0.27538,0.0,train
3162,50521,JVASP-112188,SnH4C2F2,18,9,monoclinic,-0.7569,3.198,train
3163,27858,JVASP-36266,AgC,2,216,cubic,2.19497,0.0,train
3164,47049,JVASP-27532,LiInP2O7,22,4,monoclinic,-2.24896,4.283,train
3165,31002,JVASP-36473,Ba3SbN,5,221,cubic,-0.91333,0.0,train
3166,18232,JVASP-103925,ZnH12C8O4,25,1,triclinic,-0.44944,4.856,train
3167,49824,JVASP-114879,AlBH2,4,99,tetragonal,0.25705,0.0,train
3168,20709,JVASP-15095,PrGe2Rh2,5,139,tetragonal,-0.86507,0.0,train
3169,47048,JVASP-8215,Te3As2,5,166,trigonal,-0.00769,0.328,train
3170,3617,JVASP-69040,Ba2MgTe,4,225,cubic,-0.69002,0.0,train
3171,54697,JVASP-120880,SrBeBr,3,99,tetragonal,0.1175,0.0,train
3172,87622,JVASP-164655,Na2PH3O5,22,2,triclinic,-1.82059,5.051,train
3173,7342,JVASP-86949,KCaCO3F,7,187,hexagonal,-2.58683,4.472,train
3174,37881,JVASP-38133,LaWN3,5,160,trigonal,-1.28764,0.818,train
3175,55717,JVASP-122141,ZrUB24,26,166,trigonal,-0.25766,0.0,train
3176,38959,JVASP-27542,KInGe2O6,20,15,monoclinic,-1.8396,2.471,train
3177,12603,JVASP-74331,BeSiPd,3,156,trigonal,-0.05796,0.0,train
3178,27679,JVASP-79390,V2MoRu,4,225,cubic,-0.25648,0.0,train
3179,90713,JVASP-190178,NbZnRuRh,4,216,cubic,-0.41519,0.0,train
3180,75355,JVASP-152509,BaMgF4,12,36,orthorhombic,-3.94757,7.1,train
3181,84936,JVASP-173380,AcMg,2,123,tetragonal,-0.08539,0.0,train
3182,54460,JVASP-120365,NbTlS,3,99,tetragonal,0.47362,0.0,train
3183,53840,JVASP-120105,ZnClO,3,99,tetragonal,0.21775,0.0,train
3184,29340,JVASP-49579,Ca5Sc2Co2O12,21,5,monoclinic,-2.75192,0.0,train
3185,7229,JVASP-67630,ZrBeZn,3,107,tetragonal,-0.08501,0.0,train
3186,23342,JVASP-57304,Sr3Fe2Cu2Se2O5,14,139,tetragonal,-1.78267,0.0,train
3187,64679,JVASP-139621,NaTeO,3,99,tetragonal,-0.48166,0.0,train
3188,82166,JVASP-170345,Sc6InCo2,18,71,orthorhombic,-0.37608,0.0,train
3189,52408,JVASP-115548,BaInBr,3,99,tetragonal,-0.44191,0.0,train
3190,66209,JVASP-138562,B,2,194,hexagonal,0.75257,0.0,train
3191,4091,JVASP-66417,Ba4CoPt,6,216,cubic,0.95251,0.0,train
3192,87033,JVASP-166412,LuGaAg,6,12,monoclinic,-0.47223,0.0,train
3193,28025,JVASP-9713,YTaO4,12,13,monoclinic,-3.52208,4.054,train
3194,80411,JVASP-180909,AlAsPt,3,187,hexagonal,-0.17533,0.0,train
3195,32631,JVASP-41441,HoHg3,8,194,hexagonal,-0.16831,0.0,train
3196,10291,JVASP-93124,LiHfMg6,8,123,tetragonal,0.06064,0.0,train
3197,88394,JVASP-182774,CaP2,3,38,orthorhombic,-0.46944,0.0,train
3198,18974,JVASP-18717,ScHg3,8,194,hexagonal,-0.05601,0.0,train
3199,24789,JVASP-45520,VPO5,28,43,orthorhombic,-2.24751,1.53,train
3200,2877,JVASP-92216,LiDySe2,8,141,tetragonal,-1.76423,1.622,train
3201,56619,JVASP-126992,NaCu3,4,221,cubic,0.2589,0.0,train
3202,43154,JVASP-88015,CaNbO3,20,62,orthorhombic,-2.99797,0.0,train
3203,69794,JVASP-154309,Ba3Ho4O9,16,155,trigonal,-3.46388,3.205,train
3204,30730,JVASP-36207,ZrAg2,3,139,tetragonal,-0.07703,0.0,train
3205,31435,JVASP-40938,LiPm2Si,4,225,cubic,-0.34998,0.0,train
3206,33783,JVASP-21579,Ti2ReB2,10,127,tetragonal,-0.83373,0.0,train
3207,78977,JVASP-165501,Rb2ZnBr4,28,62,orthorhombic,-1.49678,3.724,train
3208,86317,JVASP-178551,H2PtPbI6O19,29,1,triclinic,-0.54988,2.242,train
3209,56295,JVASP-128352,Yb3N,4,221,cubic,0.28312,0.0,train
3210,89122,JVASP-183157,TiInNi4,6,216,cubic,-0.30149,0.0,train
3211,73373,JVASP-155193,Sr2AgO4,7,139,tetragonal,-1.832,0.0,train
3212,21443,JVASP-15591,TbCuSi,6,194,hexagonal,-0.66655,0.0,train
3213,30046,JVASP-58187,BaSn4O8,13,162,trigonal,-1.56968,0.0,train
3214,36046,JVASP-37850,Dy2IrAu,4,225,cubic,-0.93954,0.0,train
3215,91447,JVASP-190931,LiScPd2,4,123,tetragonal,-0.78716,0.0,train
3216,11372,JVASP-74478,Be2SiMo,4,99,tetragonal,0.08225,0.0,train
3217,45071,JVASP-110043,TaOs3,8,194,hexagonal,-0.15581,0.0,train
3218,22385,JVASP-13093,Mg5H2O6,13,164,trigonal,-2.54409,4.264,train
3219,24405,JVASP-12920,Tl3BSe3,14,11,monoclinic,-0.32716,1.039,train
3220,58172,JVASP-124272,NaCl3,4,12,monoclinic,-0.94454,2.263,train
3221,14693,JVASP-99714,Rb2TaAgBr6,10,225,cubic,-1.05881,0.0,train
3222,17922,JVASP-102445,ZrZnCo2,4,225,cubic,-0.33553,0.0,train
3223,7984,JVASP-45016,LiFeSnO4,14,74,orthorhombic,-1.71964,0.0,train
3224,61943,JVASP-142514,Ca2MgN2,20,14,monoclinic,-0.9918,1.584,train
3225,55086,JVASP-120947,CaBr2,3,123,tetragonal,-1.10577,3.494,train
3226,7322,JVASP-12125,ZnWO4,12,15,monoclinic,-2.0483,0.615,train
3227,10790,JVASP-105623,NaLi2AlF6,10,225,cubic,-3.14203,6.11,train
3228,34908,JVASP-39433,HoErZn2,4,225,cubic,-0.38466,0.0,train
3229,4873,JVASP-69221,BaHfZr4,6,216,cubic,0.53845,0.0,train
3230,34629,JVASP-23190,Ba2FeMoO6,10,225,cubic,-2.4532,0.307,train
3231,52480,JVASP-119277,Li2FeO3,12,12,monoclinic,-1.95637,0.0,train
3232,70744,JVASP-157203,Cr2TcW,4,225,cubic,0.2176,0.0,train
3233,32564,JVASP-41154,Na2TlBi,4,225,cubic,-0.34193,0.223,train
3234,14870,JVASP-93476,Li2VO2F,6,71,orthorhombic,-2.54004,0.0,train
3235,51422,JVASP-117096,Li5Co2Cu2P4O16,29,2,triclinic,-1.99197,0.0,train
3236,39281,JVASP-36998,TlNiO3,5,6,monoclinic,-0.63754,0.0,train
3237,16731,JVASP-100874,SrCaI4,6,10,monoclinic,-1.76452,3.424,train
3238,14147,JVASP-105680,Rb2NaPrF6,10,225,cubic,-3.41529,6.595,train
3239,19261,JVASP-13059,LiAuS,12,70,orthorhombic,-0.7925,1.525,train
3240,80560,JVASP-182552,BaV2S2,5,139,tetragonal,-1.16936,0.0,train
3241,66198,JVASP-138859,NaOF,3,99,tetragonal,-0.5329,2.286,train
3242,8561,JVASP-68760,Be2TeRh2,5,139,tetragonal,-0.01111,0.0,train
3243,14853,JVASP-99662,CeGaNi4,6,187,hexagonal,-0.4417,0.0,train
3244,25224,JVASP-10138,K2P2Pd,10,63,orthorhombic,-0.58676,0.916,train
3245,49206,JVASP-112556,NaCd2Si3O9,30,2,triclinic,-2.25743,0.217,train
3246,47174,JVASP-21113,LiSiNO,16,29,orthorhombic,-2.00408,5.695,train
3247,55647,JVASP-122991,TaV,2,221,cubic,0.01638,0.0,train
3248,1020,JVASP-90861,CeSi2Ag,8,63,orthorhombic,-0.44911,0.0,train
3249,64840,JVASP-136925,LiMgSb,3,187,hexagonal,-0.2115,0.235,train
3250,11388,JVASP-74438,KBe2Si,4,216,cubic,1.00802,0.0,train
3251,68659,JVASP-146727,Na2Mn2O3,28,96,tetragonal,-1.44951,0.0,train
3252,23353,JVASP-8727,TaPd3,4,139,tetragonal,-0.47934,0.0,train
3253,46426,JVASP-17315,CrAsRh,9,189,hexagonal,-0.1545,0.0,train
3254,40628,JVASP-9114,Rb2P3,10,69,orthorhombic,-0.52439,0.74,train
3255,55414,JVASP-123687,NiSe2,3,12,monoclinic,-0.31591,0.0,train
3256,29398,JVASP-36493,Ba3BiP,5,221,cubic,-0.91284,0.098,train
3257,60599,JVASP-135202,SnI3,4,5,monoclinic,-0.36124,0.0,train
3258,26528,JVASP-78751,LiAgTe,3,216,cubic,-0.44045,0.0,train
3259,80474,JVASP-185956,Ca2AgO3,6,71,orthorhombic,-2.19071,0.0,train
3260,51633,JVASP-117170,YbMn28,29,217,cubic,0.03705,0.0,train
3261,21317,JVASP-2709,K2PdF6,9,164,trigonal,-2.25966,2.01,train
3262,215,JVASP-86369,LaZn5,6,191,hexagonal,-0.32413,0.0,train
3263,37538,JVASP-37365,SmAs2Au,8,129,tetragonal,-0.77256,0.0,train
3264,67793,JVASP-139463,Mg2Te,3,191,hexagonal,0.02183,0.0,train
3265,56131,JVASP-122376,LiFe2O4,28,95,tetragonal,-1.64938,0.0,train
3266,3735,JVASP-18514,Zr6CoAs2,9,189,hexagonal,-0.74579,0.0,train
3267,69655,JVASP-142066,LiCoCuO4,14,2,triclinic,-1.13533,0.0,train
3268,6592,JVASP-72942,MgBe2Pd,4,225,cubic,-0.20774,0.0,train
3269,78883,JVASP-168469,AcLaMg2,4,225,cubic,-0.12634,0.0,train
3270,455,JVASP-89041,BaMg2V2O8,52,142,tetragonal,-2.93154,3.406,train
3271,13524,JVASP-74513,BeFeW,3,156,trigonal,0.1356,0.0,train
3272,44915,JVASP-9902,MgAg2O4,14,80,tetragonal,-0.92286,1.042,train
3273,73141,JVASP-152855,VPO4F,14,15,monoclinic,-2.45676,0.0,train
3274,21663,JVASP-103838,H3C5S2NO,12,1,triclinic,-0.00979,1.688,train
3275,20006,JVASP-18508,Si2NiP3,6,44,orthorhombic,-0.27812,0.0,train
3276,61553,JVASP-133486,Ca6Co3RhO12,22,148,trigonal,-2.26761,0.0,train
3277,51480,JVASP-117120,Sm3Ni,16,62,orthorhombic,-0.24775,0.0,train
3278,83659,JVASP-168223,Y3Cu4Ge4,11,71,orthorhombic,-0.68009,0.0,train
3279,36380,JVASP-26731,Nd2SnS5,16,55,orthorhombic,-1.59555,0.0,train
3280,1120,JVASP-97686,YbCrSb3,20,57,orthorhombic,-0.34668,0.0,train
3281,41104,JVASP-17967,SrPb,4,63,orthorhombic,-0.61541,0.0,train
3282,77210,JVASP-132995,ZrSiMo,12,62,orthorhombic,-0.67012,0.0,train
3283,75007,JVASP-146518,MgAlMoS4,14,74,orthorhombic,-1.03597,0.0,train
3284,6321,JVASP-67449,BeVPb,3,107,tetragonal,0.57787,0.0,train
3285,58299,JVASP-124372,HgPd,2,47,orthorhombic,-0.03004,0.0,train
3286,56456,JVASP-128411,DyTe2,3,12,monoclinic,-1.04271,0.0,train
3287,46856,JVASP-56724,Ca5WN4O2,24,11,monoclinic,-1.97979,2.371,train
3288,67818,JVASP-134302,TeBrO,3,99,tetragonal,-0.04524,0.0,train
3289,56756,JVASP-128574,KXe,2,187,hexagonal,0.10009,0.0,train
3290,79541,JVASP-182837,CoB3,4,44,orthorhombic,0.04793,0.0,train
3291,11795,JVASP-95207,SrH6C4O7,36,15,monoclinic,-1.12678,2.856,train
3292,91951,JVASP-193558,V2Sn,3,139,tetragonal,-0.053,0.0,train
3293,34877,JVASP-40429,K2SbAu,8,63,orthorhombic,-0.58025,1.051,train
3294,69872,JVASP-155419,Li2CaCoO4,8,121,tetragonal,-1.97701,0.294,train
3295,40540,JVASP-17808,LaIn3,4,221,cubic,-0.49713,0.0,train
3296,19832,JVASP-105215,MnTc2Sb,4,225,cubic,0.0911,0.0,train
3297,63779,JVASP-138788,AlBiO,3,99,tetragonal,-0.60367,0.0,train
3298,74376,JVASP-150407,Mn2P,9,189,hexagonal,-0.36454,0.0,train
3299,27831,JVASP-30359,Co5NiO12,18,12,monoclinic,-0.95819,0.0,train
3300,79974,JVASP-167637,Na2P3HO9,30,2,triclinic,-2.1651,5.371,train
3301,85203,JVASP-173393,Li3H3N2,8,6,monoclinic,-0.55107,2.144,train
3302,70289,JVASP-150053,AlAu,8,62,orthorhombic,-0.45212,0.0,train
3303,19795,JVASP-16910,MoO2,6,194,hexagonal,-0.34469,0.0,train
3304,15228,JVASP-92682,BaSi3Pt,5,107,tetragonal,-0.58873,0.0,train
3305,21891,JVASP-13356,Mg3H2O6,11,12,monoclinic,-1.59093,2.219,train
3306,22602,JVASP-107497,CeGeBi2,8,139,tetragonal,-0.42286,0.0,train
3307,41642,JVASP-17987,Ni2P,9,189,hexagonal,-0.43165,0.0,train
3308,74471,JVASP-150410,CeSnRh,9,189,hexagonal,-0.91757,0.0,train
3309,59790,JVASP-124980,Ac3Sn,4,164,trigonal,-0.19109,0.0,train
3310,32628,JVASP-42007,Pm2ZnSi,4,225,cubic,-0.46994,0.0,train
3311,12642,JVASP-22732,CsK2Bi,4,225,cubic,-0.49205,0.62,train
3312,76628,JVASP-159734,PrMoPO,8,129,tetragonal,-1.89945,0.0,train
3313,77573,JVASP-133065,MnZnFe4O8,14,216,cubic,-1.4261,0.0,train
3314,36131,JVASP-38451,PrNbO3,5,221,cubic,-2.75455,0.0,train
3315,57598,JVASP-127533,AuF3,4,8,monoclinic,0.6348,0.109,train
3316,73737,JVASP-149490,La2NiO4,7,139,tetragonal,-2.87882,0.0,train
3317,38597,JVASP-37115,RbNaH2,4,123,tetragonal,-0.18629,2.578,train
3318,62791,JVASP-136584,AlBr3,4,1,triclinic,-1.14009,2.881,train
3319,46761,JVASP-11078,Ba2HoTaO6,10,87,tetragonal,-3.44859,3.531,train
3320,17052,JVASP-103134,NaBC,6,194,hexagonal,-0.12733,1.104,train
3321,62305,JVASP-144002,Li4Co7O2F14,27,1,triclinic,-2.00565,0.0,train
3322,46181,JVASP-17278,HfSiSe,6,129,tetragonal,-0.9926,0.0,train
3323,56190,JVASP-126879,CdAu3,4,221,cubic,-0.14085,0.0,train
3324,66978,JVASP-135905,AgSCl,3,187,hexagonal,0.35602,0.0,train
3325,66504,JVASP-134016,BeSnBr,3,187,hexagonal,0.56218,0.0,train
3326,35502,JVASP-38878,LiPr2Os,4,225,cubic,-0.1179,0.0,train
3327,82819,JVASP-181006,BaTe2Cl,4,123,tetragonal,-1.47353,0.0,train
3328,20456,JVASP-101923,ZnH16C10O4,31,1,triclinic,-0.39198,4.565,train
3329,61862,JVASP-135240,InF,2,123,tetragonal,-1.44473,0.0,train
3330,79426,JVASP-166155,ScMnO3,20,62,orthorhombic,-2.75583,0.0,train
3331,93388,JVASP-191844,Sc3Zn2Ga,6,123,tetragonal,-0.49979,0.0,train
3332,16341,JVASP-99505,SbPbS2,4,38,orthorhombic,-0.3202,0.0,train
3333,93816,JVASP-187818,Sc3Nb,4,139,tetragonal,0.06936,0.0,train
3334,20179,JVASP-103816,H2C2SO2,14,1,triclinic,-0.3652,2.68,train
3335,53961,JVASP-120170,ScOF,3,216,cubic,-3.86511,4.596,train
3336,43210,JVASP-108643,LiCe3,4,221,cubic,0.19753,0.0,train
3337,80552,JVASP-176385,U4B3Ru12,19,123,tetragonal,-0.41178,0.0,train
3338,27966,JVASP-80014,LiSc2Rh,4,225,cubic,-0.58167,0.0,train
3339,31276,JVASP-21959,BaZn2Sn2,10,129,tetragonal,-0.46083,0.0,train
3340,16102,JVASP-4077,K4HgAs2,7,166,trigonal,-0.46257,0.787,train
3341,82988,JVASP-185113,SrTiS,3,187,hexagonal,-0.75331,0.0,train
3342,72167,JVASP-145128,Er4Ga12Ni,17,229,cubic,-0.55674,0.0,train
3343,92281,JVASP-190692,Al2RuRh,4,123,tetragonal,-0.90935,0.0,train
3344,87712,JVASP-181687,NaNi2P2,5,139,tetragonal,-0.54432,0.0,train
3345,89651,JVASP-190153,LiGePdRh,4,216,cubic,-0.61879,0.0,train
3346,16816,JVASP-99412,K2RbTlBr6,10,225,cubic,-1.18378,1.587,train
3347,31513,JVASP-42071,PmAlAg2,4,225,cubic,-0.33689,0.0,train
3348,92187,JVASP-188983,TaTi2Rh,4,123,tetragonal,-0.4486,0.0,train
3349,78960,JVASP-183553,MgSnAu2,4,99,tetragonal,-0.3359,0.0,train
3350,56189,JVASP-125524,NdAl3,4,221,cubic,-0.4104,0.0,train
3351,75305,JVASP-152486,BaFe2Se3,12,63,orthorhombic,-0.84345,0.0,train
3352,73446,JVASP-146639,Sc3As2,20,62,orthorhombic,-1.21704,0.0,train
3353,61963,JVASP-141430,NaV4Cd3O12,20,6,monoclinic,-2.10779,0.0,train
3354,68276,JVASP-145219,MgO,24,8,monoclinic,-2.83217,2.69,train
3355,90887,JVASP-192163,TaNbW2,4,123,tetragonal,0.19111,0.0,train
3356,23742,JVASP-11001,LiHoO2,16,14,monoclinic,-3.18182,4.325,train
3357,39301,JVASP-37021,TlCdS2,4,187,hexagonal,-0.32727,0.0,train
3358,54744,JVASP-120935,NaCN,6,59,orthorhombic,-0.29621,4.868,train
3359,74962,JVASP-147083,BaRuN2,16,64,orthorhombic,-0.37698,0.0,train
3360,52514,JVASP-118836,LiCaAs,3,99,tetragonal,0.12113,0.0,train
3361,27043,JVASP-1076,Mg2Si,3,225,cubic,-0.21351,0.381,train
3362,42824,JVASP-109009,LiVS3,10,2,triclinic,-0.96313,0.0,train
3363,68220,JVASP-157115,La2MgAg,4,225,cubic,-0.14923,0.0,train
3364,17657,JVASP-106234,CdAg3,4,139,tetragonal,-0.0476,0.0,train
3365,1702,JVASP-18615,Li2PbAu,4,216,cubic,-0.42256,0.0,train
3366,2304,JVASP-86915,BaCuSn2,8,63,orthorhombic,-0.49351,0.0,train
3367,52798,JVASP-118122,SrPCl,3,187,hexagonal,-0.43927,0.0,train
3368,73656,JVASP-152675,NdRe2,12,194,hexagonal,-0.05923,0.0,train
3369,87779,JVASP-168401,K3Cu4S4,22,55,orthorhombic,-0.78646,0.0,train
3370,41630,JVASP-12905,K2Zn3O4,18,15,monoclinic,-1.58334,1.689,train
3371,43813,JVASP-58854,Rb4CdBr6,22,167,trigonal,-1.62308,3.212,train
3372,49024,JVASP-111673,TbMoC2,16,62,orthorhombic,-0.35458,0.0,train
3373,12732,JVASP-14745,Nd,1,229,cubic,0.12803,0.0,train
3374,71795,JVASP-157060,Yb2TlGe,4,225,cubic,-0.59975,0.0,train
3375,6987,JVASP-67140,LiBeCr,3,156,trigonal,0.31703,0.0,train
3376,39438,JVASP-12318,Ga3Co,16,136,tetragonal,-0.23856,0.0,train
3377,84602,JVASP-170742,BaSr4Cl10,15,166,trigonal,-2.65353,5.154,train
3378,83837,JVASP-166323,PrBPt2,12,180,hexagonal,-0.95491,0.0,train
3379,81044,JVASP-167763,LaOsN3,10,11,monoclinic,-0.54238,0.0,train
3380,87013,JVASP-169842,Na2CdGe2S6,22,9,monoclinic,-0.74778,2.098,train
3381,26564,JVASP-78686,LiRh,2,187,hexagonal,-0.22043,0.0,train
3382,7875,JVASP-14560,YbIn,2,221,cubic,-0.56589,0.0,train
3383,83431,JVASP-169719,Mg5Hg,6,189,hexagonal,-0.06778,0.0,train
3384,81589,JVASP-174716,KSbP2S6,20,4,monoclinic,-0.53013,2.164,train
3385,74039,JVASP-153320,CeGePd2,16,62,orthorhombic,-0.82449,0.0,train
3386,68702,JVASP-145236,Ag2S2O7,22,2,triclinic,-1.01142,2.397,train
3387,41588,JVASP-44634,Li4VFe3O8,16,1,triclinic,-1.91108,0.0,train
3388,63217,JVASP-123481,U3F,4,25,orthorhombic,-0.64586,0.0,train
3389,76097,JVASP-161323,YbCa2Al,4,225,cubic,-0.13526,0.0,train
3390,64934,JVASP-136928,LiWN,3,99,tetragonal,0.75371,0.0,train
3391,59352,JVASP-143649,RbU3TiTe9,28,11,monoclinic,-0.79287,0.0,train
3392,48547,JVASP-112371,Er2Fe17C2,21,12,monoclinic,-0.10003,0.0,train
3393,76933,JVASP-120784,ScNiBO4,28,26,orthorhombic,-2.47939,0.843,train
3394,8717,JVASP-91889,Mg7Co,8,187,hexagonal,0.10876,0.0,train
3395,49285,JVASP-116288,LiNiO2,4,166,trigonal,-1.46188,0.0,train
3396,59925,JVASP-142741,PrTeAs,12,62,orthorhombic,-1.28827,0.31,train
3397,19007,JVASP-102322,UCuSi,3,187,hexagonal,-0.14206,0.0,train
3398,55519,JVASP-122096,SrZrF6,16,67,orthorhombic,-4.05838,6.483,train
3399,50793,JVASP-115495,RbBO2,4,166,trigonal,-0.94921,2.678,train
3400,63333,JVASP-141949,K6HgSe4,22,186,hexagonal,-1.07481,1.351,train
3401,11165,JVASP-70757,NaZr2Be,4,99,tetragonal,0.29479,0.0,train
3402,67931,JVASP-132847,K3VSO3,16,11,monoclinic,-2.14347,2.916,train
3403,61266,JVASP-136542,Li2YF3,6,164,trigonal,-2.83204,0.0,train
3404,56325,JVASP-121432,Si2SnO6,18,15,monoclinic,-2.47583,3.251,train
3405,26980,JVASP-78710,RbHS,3,38,orthorhombic,-0.64924,1.418,train
3406,82432,JVASP-176815,AgAsXe2F10,28,140,tetragonal,-1.37123,1.014,train
3407,56800,JVASP-121589,Rb4InSbCl12,18,123,tetragonal,-1.47669,0.688,train
3408,41421,JVASP-51052,YbBi2IO4,8,123,tetragonal,-1.74548,0.0,train
3409,6499,JVASP-18515,Zr2CoP,8,11,monoclinic,-0.9683,0.0,train
3410,83106,JVASP-178855,AlCuCl3,5,221,cubic,-0.50868,0.0,train
3411,38609,JVASP-40442,Ca2MgIn,4,225,cubic,-0.36759,0.0,train
3412,55258,JVASP-122628,ZrSn7,8,215,cubic,0.20107,0.224,train
3413,49179,JVASP-112543,HoNiB4,24,139,tetragonal,-0.60231,0.0,train
3414,54861,JVASP-121332,N2F,24,19,orthorhombic,0.00198,3.047,train
3415,34397,JVASP-40002,HoNbRu2,4,225,cubic,-0.35576,0.0,train
3416,47478,JVASP-4990,Sc2InC,8,194,hexagonal,-0.6331,0.0,train
3417,47528,JVASP-54575,YInAu,9,189,hexagonal,-0.79628,0.0,train
3418,81944,JVASP-185487,VSi3,4,38,orthorhombic,0.01196,0.0,train
3419,39835,JVASP-53396,AlHO2,8,26,orthorhombic,-2.26461,5.341,train
3420,51692,JVASP-111236,Rb2LiGaF6,10,225,cubic,-3.03226,6.191,train
3421,61940,JVASP-125189,CaBr3,4,12,monoclinic,-1.34193,0.0,train
3422,5137,JVASP-63216,Li3As,8,194,hexagonal,-0.78007,0.764,train
3423,17350,JVASP-101115,Sr5ZnCd4,10,123,tetragonal,-0.40718,0.0,train
3424,47857,JVASP-34003,Te4Mo3S2,18,20,orthorhombic,-0.46632,0.675,train
3425,86107,JVASP-180358,ZrBeSe2,4,99,tetragonal,-0.60455,0.0,train
3426,59688,JVASP-141122,Li3Ti8O16,27,115,tetragonal,-3.09562,0.0,train
3427,59898,JVASP-140891,Ba6Bi2Te3O18,29,71,orthorhombic,-2.14336,2.091,train
3428,20578,JVASP-102630,BaGa2H2,5,164,trigonal,-0.5138,0.0,train
3429,38541,JVASP-47291,Cr3O2F2,14,14,monoclinic,-1.73998,0.207,train
3430,65755,JVASP-137203,SiAs,2,187,hexagonal,0.25698,0.0,train
3431,46900,JVASP-11084,K2TiO3,12,63,orthorhombic,-2.6507,3.459,train
3432,29807,JVASP-43520,CrO3,4,38,orthorhombic,-1.64956,1.589,train
3433,39692,JVASP-44675,Li2MnCrO4,16,15,monoclinic,-2.10093,0.119,train
3434,79570,JVASP-179435,SrZnGe,3,187,hexagonal,-0.60856,0.0,train
3435,87560,JVASP-173461,Pr2SiRh3,6,166,trigonal,-0.81556,0.0,train
3436,25029,JVASP-9092,Ge,12,96,tetragonal,0.1382,0.255,train
3437,26450,JVASP-78798,CeMg,4,59,orthorhombic,0.03593,0.0,train
3438,70266,JVASP-154548,PrMnGeO5,16,2,triclinic,-2.43014,0.685,train
3439,34077,JVASP-25722,K2SnAu2S4,18,2,triclinic,-0.75136,1.502,train
3440,43616,JVASP-46838,Na2YPCO7,24,11,monoclinic,-2.48117,4.724,train
3441,16148,JVASP-102280,Ho2AgHg,4,225,cubic,-0.38984,0.0,train
3442,58285,JVASP-126547,BiRh3,4,221,cubic,0.01778,0.0,train
3443,88029,JVASP-170848,Ca2NbInO6,20,14,monoclinic,-2.82817,3.29,train
3444,11130,JVASP-95339,LaGa3Pd2,6,191,hexagonal,-0.73714,0.0,train
3445,12698,JVASP-71691,TaBeCl2,4,119,tetragonal,0.61912,0.0,train
3446,72242,JVASP-151679,BaVS3,10,194,hexagonal,-1.53059,0.0,train
3447,61847,JVASP-136839,S2I,3,1,triclinic,0.13732,0.0,train
3448,26379,JVASP-85032,Be2RuRh,4,12,monoclinic,-0.33826,0.0,train
3449,54599,JVASP-117951,SiC,2,99,tetragonal,4.04068,0.0,train
3450,57209,JVASP-126251,RbNa,2,187,hexagonal,0.04479,0.0,train
3451,82244,JVASP-178821,ScSiCu2,4,225,cubic,-0.32685,0.0,train
3452,50791,JVASP-115493,Rb2BO2,5,139,tetragonal,-1.76147,0.0,train
3453,91208,JVASP-189551,SrCu2Rh3,6,191,hexagonal,-0.15116,0.0,train
3454,47582,JVASP-27060,Hf5Sn4,18,193,hexagonal,-0.37459,0.0,train
3455,83680,JVASP-179206,CdBiCl,3,187,hexagonal,-0.17617,0.0,train
3456,6253,JVASP-66040,BaLiBr,3,216,cubic,-0.65665,0.403,train
3457,32497,JVASP-40954,HgPd3,4,221,cubic,-0.03645,0.0,train
3458,30812,JVASP-29805,CdH2O2,5,164,trigonal,-1.0779,1.795,train
3459,38965,JVASP-11231,CaLa2SnO6,10,148,trigonal,-3.0677,4.326,train
3460,19874,JVASP-107680,Nb3Os,4,225,cubic,-0.26023,0.0,train
3461,29076,JVASP-79749,MgGa,4,164,trigonal,-0.02385,0.0,train
3462,286,JVASP-50760,LiAgF2,16,19,orthorhombic,-2.06912,1.584,train
3463,81300,JVASP-179490,La2Ir,3,47,orthorhombic,-0.65757,0.0,train
3464,22680,JVASP-50250,LiSbO2,8,15,monoclinic,-1.72962,2.259,train
3465,307,JVASP-64724,Ba4GaCu,6,216,cubic,0.58324,0.0,train
3466,50790,JVASP-115491,RbBO2,4,99,tetragonal,-0.98207,0.175,train
3467,84095,JVASP-167031,ZrAsPd,30,59,orthorhombic,-0.90055,0.0,train
3468,93037,JVASP-190239,LiCuHPd2,5,123,tetragonal,-0.30039,0.0,train
3469,78458,JVASP-164750,CaCl2O6,18,15,monoclinic,-0.77384,4.711,train
3470,8777,JVASP-75748,GeAsRu2,4,216,cubic,0.41848,0.0,train
3471,18984,JVASP-15031,TbSb,2,225,cubic,-1.1903,0.0,train
3472,78692,JVASP-168087,MgGa5,6,189,hexagonal,-0.03292,0.0,train
3473,88709,JVASP-169891,Tb2Fe17C3,22,166,trigonal,-0.11458,0.0,train
3474,17348,JVASP-99696,K2AlAuBr6,10,225,cubic,-1.11702,0.0,train
3475,41377,JVASP-10727,RbCdN3O6,11,146,trigonal,-0.71227,2.234,train
3476,78059,JVASP-180082,Sr3InN,5,221,cubic,-0.63425,0.0,train
3477,8715,JVASP-75632,MgZnAs,3,216,cubic,-0.11258,0.0,train
3478,22560,JVASP-7954,CeCu2Ge2,5,139,tetragonal,-0.49151,0.0,train
3479,12156,JVASP-74533,Be2VFe,4,123,tetragonal,-0.09218,0.0,train
3480,55614,JVASP-122975,RbV,2,221,cubic,2.4191,0.0,train
3481,54019,JVASP-118500,SnHO2,4,164,trigonal,-0.52327,0.0,train
3482,51439,JVASP-113596,NaCrF4,6,2,triclinic,-2.77427,1.054,train
3483,58461,JVASP-129396,SrNb,2,221,cubic,1.34945,0.0,train
3484,58144,JVASP-124255,HCl3,4,8,monoclinic,-0.23336,2.382,train
3485,28231,JVASP-10701,K2CO3,12,194,hexagonal,-1.89215,3.731,train
3486,34124,JVASP-39945,Al2FeIr,4,225,cubic,-0.70015,0.0,train
3487,34295,JVASP-25274,C,8,194,hexagonal,0.11246,4.903,train
3488,48594,JVASP-115814,CaYO,3,99,tetragonal,-1.24172,0.0,train
3489,53104,JVASP-119458,Na3Pd5F12,20,12,monoclinic,-1.71047,0.0,train
3490,66777,JVASP-134533,RbMnCl3,5,221,cubic,-1.51415,0.806,train
3491,77789,JVASP-159332,NdAs12Os4,17,204,cubic,-0.32323,0.0,train
3492,32434,JVASP-54433,KTeOF3,12,4,monoclinic,-2.20085,4.17,train
3493,80883,JVASP-168564,YErCd2,4,225,cubic,-0.37428,0.0,train
3494,58523,JVASP-129416,LaPm3,4,164,trigonal,-0.03166,0.0,train
3495,19854,JVASP-18757,SrNiSn3,5,107,tetragonal,-0.46393,0.0,train
3496,40363,JVASP-18078,Ce3Tl,4,221,cubic,-0.11807,0.0,train
3497,68649,JVASP-154710,PuWC2,16,62,orthorhombic,-0.13382,0.0,train
3498,11657,JVASP-92560,ThCoSi3,5,107,tetragonal,-0.62147,0.0,train
3499,33302,JVASP-42144,ThInAg2,4,2,triclinic,-0.2003,0.0,train
3500,43063,JVASP-64872,Ba4NbBr,6,216,cubic,0.63519,0.0,train
3501,87460,JVASP-163920,UCoGe,6,194,hexagonal,-0.38832,0.0,train
3502,4471,JVASP-91678,SnPbS2,4,25,orthorhombic,-0.04129,0.0,train
3503,87805,JVASP-175853,LaPS,24,62,orthorhombic,-1.79554,0.377,train
3504,71760,JVASP-149673,LaSi,8,62,orthorhombic,-0.7705,0.0,train
3505,45881,JVASP-37459,DyYRh2,4,225,cubic,-0.92635,0.0,train
3506,13335,JVASP-74790,HfBe2Ru,4,99,tetragonal,-0.08317,0.0,train
3507,36699,JVASP-101974,SnH12C6F2,42,11,monoclinic,-0.39418,4.312,train
3508,19101,JVASP-103932,ZnH18C11O4,34,1,triclinic,-0.36313,4.475,train
3509,48492,JVASP-106204,K3AlCl6,10,225,cubic,-1.87063,4.819,train
3510,55016,JVASP-121994,ErAl3B4O12,20,155,trigonal,-3.08067,5.74,train
3511,90641,JVASP-192151,Zn2PdRh,4,123,tetragonal,-0.50726,0.0,train
3512,81358,JVASP-164112,OsO4,10,15,monoclinic,-1.02195,3.064,train
3513,1174,JVASP-43305,Li2Ni3SbO8,14,166,trigonal,-1.39052,0.0,train
3514,44420,JVASP-110067,AlAg3F6,10,225,cubic,-2.07033,0.074,train
3515,3378,JVASP-90648,AlHO2,8,58,orthorhombic,-2.44848,6.494,train
3516,88067,JVASP-182760,CaWN2,4,166,trigonal,-0.83846,0.0,train
3517,36691,JVASP-12792,Rb2B2Se7,22,15,monoclinic,-0.53304,1.733,train
3518,63242,JVASP-144493,Li5MnO4,20,41,orthorhombic,-2.03504,0.8,train
3519,69132,JVASP-150013,PrAl3,8,194,hexagonal,-0.48903,0.0,train
3520,73702,JVASP-152076,TlFe2S3,12,63,orthorhombic,-0.50199,0.015,train
3521,27378,JVASP-79089,Na3Tl,4,139,tetragonal,-0.10288,0.0,train
3522,79499,JVASP-186469,MnFeN2,4,99,tetragonal,-0.18141,0.0,train
3523,65519,JVASP-144313,PHPbO4,14,13,monoclinic,-1.85659,3.494,train
3524,93161,JVASP-188289,YSc3,4,123,tetragonal,0.05367,0.0,train
3525,61251,JVASP-102140,Eu2TmTaO6,10,225,cubic,-3.00436,0.0,train
3526,52074,JVASP-117334,Ga9Rh2,22,14,monoclinic,-0.32109,0.0,train
3527,8220,JVASP-68518,Be2InTe,4,99,tetragonal,0.39184,0.0,train
3528,89500,JVASP-191255,Hf2ZrHgH,5,123,tetragonal,-0.16865,0.0,train
3529,1224,JVASP-86596,AuCClO,8,63,orthorhombic,-0.44892,2.542,train
3530,83825,JVASP-169288,Pr3Pt4,14,148,trigonal,-1.16535,0.0,train
3531,918,JVASP-49953,CaHfO3,20,62,orthorhombic,-3.67873,4.568,train
3532,34096,JVASP-39796,LiZrRh2,4,225,cubic,-0.68767,0.0,train
3533,66744,JVASP-134249,Br3F,4,1,triclinic,-0.30865,1.39,train
3534,4291,JVASP-107777,MgScSe3,10,148,trigonal,-1.28934,0.0,train
3535,86108,JVASP-180014,AlCoIr,3,187,hexagonal,-0.26617,0.0,train
3536,76319,JVASP-160806,MgCdSn,3,216,cubic,-0.09161,0.0,train
3537,59376,JVASP-137374,Li3VCrP4O14,23,1,triclinic,-2.31891,0.193,train
3538,25934,JVASP-24699,RbLiCl2,8,63,orthorhombic,-2.01928,5.355,train
3539,30294,JVASP-30592,FeO2,3,166,trigonal,-1.27169,0.0,train
3540,11909,JVASP-74321,Be2ZnFe,4,119,tetragonal,0.02524,0.0,train
3541,17004,JVASP-17902,CaTiS2,4,164,trigonal,-1.72683,0.0,train
3542,30959,JVASP-56331,LiCu2Sn,8,194,hexagonal,-0.19692,0.0,train
3543,46556,JVASP-17406,ThGe2,6,65,orthorhombic,-0.64476,0.0,train
3544,73911,JVASP-145169,Fe4OF7,24,8,monoclinic,-1.97308,0.0,train
3545,14851,JVASP-95440,RbTh3F13,34,26,orthorhombic,-4.2131,7.073,train
3546,93091,JVASP-187662,ScNb2,3,139,tetragonal,0.06782,0.0,train
3547,49437,JVASP-112628,Tb2Fe17C2,21,12,monoclinic,-0.05946,0.0,train
3548,32396,JVASP-35927,Li3CeBi2,6,164,trigonal,-0.68979,0.0,train
3549,15198,JVASP-105605,K2PrCuCl6,10,225,cubic,-1.79542,2.317,train
3550,28332,JVASP-11593,CaV4O10,15,25,orthorhombic,-2.62698,0.0,train
3551,28834,JVASP-85223,La2GeI2,5,164,trigonal,-1.3437,0.283,train
3552,7802,JVASP-68397,Be2CrCl,4,99,tetragonal,0.31865,0.0,train
3553,26708,JVASP-36216,UC2,3,225,cubic,0.4161,0.0,train
3554,90285,JVASP-190781,H3Pd4,7,166,trigonal,-0.01692,0.0,train
3555,65816,JVASP-136666,AlCl2,3,47,orthorhombic,-0.90692,0.0,train
3556,82450,JVASP-170351,PrAlRh,12,62,orthorhombic,-0.84728,0.0,train
3557,51373,JVASP-113557,LiCaO,3,6,monoclinic,-1.59478,0.0,train
3558,5427,JVASP-66665,BaYSb,3,216,cubic,0.21126,0.0,train
3559,19358,JVASP-105589,Li2MnCoO4,8,10,monoclinic,-1.782,0.0,train
3560,91773,JVASP-194662,Ti3Tc2Ru,6,123,tetragonal,-0.60365,0.0,train
3561,5958,JVASP-86129,YCrO4,12,88,tetragonal,-2.82798,0.0,train
3562,77759,JVASP-161695,Rb6Ti2O7,30,14,monoclinic,-2.4206,3.352,train
3563,24310,JVASP-8381,YMnF5,7,71,orthorhombic,-3.34691,2.065,train
3564,9175,JVASP-71060,BeNi2Bi,4,99,tetragonal,0.17487,0.0,train
3565,31005,JVASP-30551,Cr2S5,14,59,orthorhombic,-0.30015,0.14,train
3566,80620,JVASP-173108,LaSi2Ag2,5,139,tetragonal,-0.44104,0.0,train
3567,93418,JVASP-187922,ZrTi2Al5,8,139,tetragonal,-0.48408,0.0,train
3568,47788,JVASP-40497,Ta4Ni2C,28,227,cubic,-0.44099,0.0,train
3569,46178,JVASP-37602,SrCaIn2,4,225,cubic,-0.51844,0.0,train
3570,13116,JVASP-43200,MnNiP2O8,24,11,monoclinic,-1.84687,0.258,train
3571,44789,JVASP-109187,FeCoS2,4,164,trigonal,-0.36609,0.0,train
3572,39387,JVASP-14752,ErGe3,8,63,orthorhombic,-0.45517,0.0,train
3573,25312,JVASP-22659,Ag2HgI4,7,111,tetragonal,-0.18886,0.928,train
3574,18900,JVASP-106831,Ce2Si3,5,44,orthorhombic,-0.5655,0.0,train
3575,53957,JVASP-118457,LiH2N,4,191,hexagonal,0.60629,0.726,train
3576,87868,JVASP-185765,ZrSb3,4,139,tetragonal,-0.05642,0.0,train
3577,3196,JVASP-97334,NbCuO3,20,12,monoclinic,-2.04292,1.045,train
3578,82977,JVASP-163485,Ag2S,6,63,orthorhombic,-0.07637,1.026,train
3579,28701,JVASP-1124,Cu2Se,3,225,cubic,0.02244,0.0,train
3580,85050,JVASP-169788,ReP3,16,62,orthorhombic,-0.33851,0.197,train
3581,58478,JVASP-129401,ThNb,2,221,cubic,0.30409,0.0,train
3582,69350,JVASP-155408,KAg2PO4,8,121,tetragonal,-1.57174,0.915,train
3583,45997,JVASP-19784,Th2Au,6,140,tetragonal,-0.46433,0.0,train
3584,59321,JVASP-142385,SmYCo17,19,160,trigonal,-0.11052,0.0,train
3585,30285,JVASP-35994,HoBi,2,221,cubic,-0.58593,0.0,train
3586,61149,JVASP-143719,La4CdIr,24,216,cubic,-0.57532,0.0,train
3587,50287,JVASP-112141,ZnH20C12O4,37,1,triclinic,-0.34292,4.618,train
3588,3599,JVASP-90557,EuNiGe2,8,63,orthorhombic,-0.73166,0.0,train
3589,26463,JVASP-10358,Ta2O5,14,63,orthorhombic,-2.94574,3.113,train
3590,61189,JVASP-140666,CaSnS3,25,12,monoclinic,-0.94902,0.0,train
3591,91774,JVASP-192527,LaAlGa,3,187,hexagonal,-0.67802,0.0,train
3592,58272,JVASP-124352,HgIr,2,123,tetragonal,0.75462,0.0,train
3593,33832,JVASP-40233,LiHfPd2,4,225,cubic,-0.65006,0.0,train
3594,58366,JVASP-124424,HfGa,2,187,hexagonal,-0.25423,0.0,train
3595,13221,JVASP-74508,Be2SiTc,4,99,tetragonal,-0.1366,0.0,train
3596,13775,JVASP-95069,NbFe2,6,227,cubic,-0.15828,0.0,train
3597,64045,JVASP-144277,Pr3Rh2,15,148,trigonal,-0.64475,0.0,train
3598,4713,JVASP-63089,LiBC,6,194,hexagonal,-0.47033,1.272,train
3599,79262,JVASP-180868,SrCd2Ag2,5,139,tetragonal,-0.28885,0.0,train
3600,25994,JVASP-28443,IrI3,8,12,monoclinic,-0.13514,1.194,train
3601,32012,JVASP-78,Te2W,12,31,orthorhombic,-0.07329,0.0,train
3602,42169,JVASP-16473,Cd2Hg,3,139,tetragonal,0.0853,0.0,train
3603,67683,JVASP-131390,YHf,2,187,hexagonal,0.13827,0.0,train
3604,4727,JVASP-66174,Ba4ZnTc,6,216,cubic,1.13177,0.0,train
3605,11113,JVASP-74263,LaBe2Co,4,216,cubic,0.45396,0.0,train
3606,72814,JVASP-155503,SmGa2Pt2,5,139,tetragonal,-0.92041,0.0,train
3607,86437,JVASP-181598,Li2MnS2,5,164,trigonal,-1.07645,0.904,train
3608,50132,JVASP-116703,Dy4CdSe7,12,8,monoclinic,-1.69767,0.87,train
3609,68112,JVASP-137226,Fe3CoP4O16,24,6,monoclinic,-1.80441,0.0,train
3610,12200,JVASP-95704,Bi3Pt3O11,68,201,cubic,-1.05313,0.0,train
3611,87188,JVASP-175829,K2MoS4,28,62,orthorhombic,-1.07355,1.344,train
3612,19624,JVASP-101956,CdH10C7O4,22,1,triclinic,-0.45722,3.876,train
3613,33493,JVASP-40512,Al3Cr,4,139,tetragonal,-0.12668,0.0,train
3614,20015,JVASP-104965,CuPd,2,166,trigonal,-0.10256,0.0,train
3615,53410,JVASP-117559,BaSeCl2,4,99,tetragonal,-1.29507,0.0,train
3616,49360,JVASP-114578,BaO3,4,1,triclinic,-1.47496,2.192,train
3617,93515,JVASP-190248,TiRu2HPt,5,123,tetragonal,-0.41512,0.0,train
3618,36708,JVASP-2748,ZnPtF6,8,148,trigonal,-1.81349,2.182,train
3619,13712,JVASP-74747,LaBeBi2,4,123,tetragonal,-0.12832,0.0,train
3620,83646,JVASP-166992,La2Se2O,20,62,orthorhombic,-2.75971,1.798,train
3621,53245,JVASP-119105,Er2Al9Pd3,28,63,orthorhombic,-0.68806,0.0,train
3622,56234,JVASP-128332,Yb3Fe,4,221,cubic,0.41802,0.0,train
3623,78029,JVASP-184388,SrNiO,3,187,hexagonal,-0.47709,0.0,train
3624,63889,JVASP-137140,AsClO,3,6,monoclinic,1.17886,0.0,train
3625,79009,JVASP-183554,Y2MgAu,4,225,cubic,-0.47574,0.0,train
3626,27089,JVASP-9116,Be2Fe,12,194,hexagonal,-0.26897,0.0,train
3627,88793,JVASP-183142,Sc2InIr,4,225,cubic,-0.71366,0.0,train
3628,8885,JVASP-70493,YBe2Cr,4,99,tetragonal,0.47058,0.0,train
3629,3134,JVASP-90554,CeCoSb2,8,129,tetragonal,-0.62527,0.0,train
3630,80642,JVASP-177386,ZnAg3,4,139,tetragonal,-0.03041,0.0,train
3631,45446,JVASP-17656,Ca3PbO,5,221,cubic,-1.74127,0.0,train
3632,16234,JVASP-2898,RbTeAu,6,51,orthorhombic,-0.70891,1.032,train
3633,56639,JVASP-128511,PaKr,2,187,hexagonal,1.03003,0.0,train
3634,89459,JVASP-187941,YTaN2,4,166,trigonal,-1.58836,0.0,train
3635,66806,JVASP-144104,DyCo12B6,19,166,trigonal,-0.35386,0.0,train
3636,91101,JVASP-191918,Nb6RhW,8,200,cubic,-0.04007,0.0,train
3637,40498,JVASP-46403,LiSbTe2WO12,17,1,triclinic,-1.4604,2.022,train
3638,40774,JVASP-20619,Fe3Si,4,225,cubic,-0.2655,0.0,train
3639,31857,JVASP-41287,NaCeAu2,4,225,cubic,-0.56985,0.0,train
3640,41699,JVASP-53160,YbTi2CdO6F,22,74,orthorhombic,-2.83927,0.0,train
3641,8649,JVASP-88488,KV2CrO7,22,13,monoclinic,-2.42209,0.502,train
3642,52281,JVASP-117736,BiN2,3,2,triclinic,0.42929,0.0,train
3643,1010,JVASP-64996,Be2TlCd,4,119,tetragonal,0.75684,0.0,train
3644,6836,JVASP-86258,TeI,8,12,monoclinic,-0.06966,0.732,train
3645,33036,JVASP-21060,CaMgSi,12,62,orthorhombic,-0.51212,0.022,train
3646,20216,JVASP-105363,TmNiGe,6,12,monoclinic,-0.76353,0.0,train
3647,72640,JVASP-151691,FePSe3,10,148,trigonal,-0.09749,0.0,train
3648,36487,JVASP-20782,Sr5Sb3,16,193,hexagonal,-1.08857,0.0,train
3649,19879,JVASP-107626,Na2HgAuF6,10,225,cubic,-1.61798,0.0,train
3650,77353,JVASP-155114,CeScS3,20,62,orthorhombic,-2.1397,0.0,train
3651,50997,JVASP-116929,Li3MnCoO5,20,8,monoclinic,-1.89124,0.0,train
3652,59466,JVASP-137379,Li4Mn3O5F3,15,8,monoclinic,-2.2754,0.054,train
3653,18489,JVASP-105108,AlZnCu3Se4,9,215,cubic,-0.32311,0.0,train
3654,25745,JVASP-52335,LiTiSiO4,28,62,orthorhombic,-2.84854,0.0,train
3655,26154,JVASP-30610,Mo3O8,22,186,hexagonal,-1.77677,0.0,train
3656,46838,JVASP-34968,K5Dy3I12,20,189,hexagonal,-1.43576,0.0,train
3657,66347,JVASP-138577,NaInCl,3,187,hexagonal,-0.5294,0.0,train
3658,26334,JVASP-42697,CoPO4,12,9,monoclinic,-1.61814,0.0,train
3659,69033,JVASP-151338,HgC4F6,11,2,triclinic,-0.76558,3.686,train
3660,9922,JVASP-70141,TaBe2Ni,4,225,cubic,2e-05,0.0,train
3661,75859,JVASP-156076,PrZn2Si2,5,139,tetragonal,-0.36013,0.0,train
3662,50950,JVASP-102811,AgPt4,5,166,trigonal,-0.01909,0.0,train
3663,58157,JVASP-129273,TlIr3,4,221,cubic,0.52187,0.0,train
3664,85230,JVASP-172794,CeSmFe4,6,216,cubic,-0.04711,0.0,train
3665,26245,JVASP-50024,SrCaI4,24,14,monoclinic,-1.66499,3.612,train
3666,63803,JVASP-142886,Li4Ti2V3Cr3O16,28,8,monoclinic,-2.56613,0.0,train
3667,34584,JVASP-23337,NaFe4Sb12,17,204,cubic,-0.06538,0.0,train
3668,7004,JVASP-67870,Ta2BeOs,4,99,tetragonal,-0.14265,0.0,train
3669,9971,JVASP-69674,TiBe2Ge,4,123,tetragonal,-0.23743,0.0,train
3670,81666,JVASP-177974,BaV2Cu3H2O10,18,12,monoclinic,-1.78267,0.0,train
3671,64827,JVASP-136098,ZrBrN,3,187,hexagonal,0.50669,0.0,train
3672,56611,JVASP-128497,HeKr,2,187,hexagonal,-0.00872,7.991,train
3673,56784,JVASP-125819,K3Ag,4,221,cubic,0.0289,0.0,train
3674,38773,JVASP-46753,Li6VCrP2C2O14,26,6,monoclinic,-2.10622,0.46,train
3675,36278,JVASP-16399,NdMgPt,9,189,hexagonal,-0.95684,0.0,train
3676,40615,JVASP-17781,UGa2,3,191,hexagonal,-0.06066,0.0,train
3677,16679,JVASP-100549,PrGa3Pt,5,119,tetragonal,-0.71956,0.0,train
3678,33383,JVASP-41489,Tm2GaOs,4,225,cubic,-0.48409,0.0,train
3679,90065,JVASP-192869,LiCuHPd2,5,123,tetragonal,-0.25507,0.0,train
3680,89163,JVASP-162353,HfPbS3,20,62,orthorhombic,-1.28316,1.354,train
3681,83706,JVASP-164178,Pr3SbO7,22,63,orthorhombic,-3.04403,2.691,train
3682,79249,JVASP-182827,Rb3AgO,5,221,cubic,-0.71521,0.341,train
3683,75800,JVASP-156061,PrZn2Ge2,5,139,tetragonal,-0.42094,0.0,train
3684,18590,JVASP-103088,InAu3,4,187,hexagonal,-0.00339,0.0,train
3685,81329,JVASP-164811,Ba2Ta2O7,22,74,orthorhombic,-3.21878,2.956,train
3686,6055,JVASP-67739,Be2ReTe,4,123,tetragonal,0.65882,0.0,train
3687,5982,JVASP-90795,C3N,8,193,hexagonal,3.61212,0.0,train
3688,92036,JVASP-187509,Ta2HIrOs,5,123,tetragonal,-0.28114,0.0,train
3689,59079,JVASP-126860,RbTm,2,187,hexagonal,0.58987,0.0,train
3690,61046,JVASP-143292,V3O4F2,18,1,triclinic,-2.66669,0.0,train
3691,84077,JVASP-166327,Li2TcO3,24,15,monoclinic,-2.00338,0.397,train
3692,46500,JVASP-17288,LiYSi,9,189,hexagonal,-0.65328,0.0,train
3693,90761,JVASP-188524,RuOs,4,164,trigonal,-0.00939,0.0,train
3694,19249,JVASP-42465,CrNi2,3,71,orthorhombic,-0.03846,0.0,train
3695,41943,JVASP-20500,TiTe2,3,164,trigonal,-0.71943,0.0,train
3696,5379,JVASP-50466,Li5SbS4,20,36,orthorhombic,-1.14869,1.316,train
3697,55581,JVASP-123781,ArBi5,6,164,trigonal,0.20491,0.0,train
3698,3956,JVASP-69324,BaReBr2,4,99,tetragonal,0.16665,0.0,train
3699,44212,JVASP-109570,Na3Hg,4,139,tetragonal,-0.13116,0.0,train
3700,38765,JVASP-36929,CuAgF3,5,221,cubic,-1.39179,0.0,train
3701,31540,JVASP-21885,HoZnRh,12,62,orthorhombic,-0.78677,0.0,train
3702,75546,JVASP-157464,Pm2GaOs,4,225,cubic,-0.2972,0.0,train
3703,74454,JVASP-152107,Bi2Ir,12,14,monoclinic,-0.03244,0.0,train
3704,60198,JVASP-140644,Li8MnO5F,30,4,monoclinic,-2.16105,0.013,train
3705,17844,JVASP-101073,ZrTiPb2O6,10,8,monoclinic,-2.61316,2.801,train
3706,37808,JVASP-30780,MgTi3O7,44,62,orthorhombic,-3.0996,2.884,train
3707,74693,JVASP-146140,Tb3Ir,16,62,orthorhombic,-0.62728,0.0,train
3708,71585,JVASP-147556,K4HfO4,18,2,triclinic,-2.33745,2.898,train
3709,82654,JVASP-170004,ZrVFe,12,38,orthorhombic,-0.21089,0.0,train
3710,54442,JVASP-120358,Na2Se,3,191,hexagonal,-0.79394,1.064,train
3711,34663,JVASP-39111,Sc2CdAg,4,225,cubic,-0.30417,0.0,train
3712,21542,JVASP-15296,BaCu3O4,8,65,orthorhombic,-1.24852,0.0,train
3713,28842,JVASP-36273,LiFeP,3,107,tetragonal,-0.36574,0.0,train
3714,66067,JVASP-134003,BePbBr2,4,99,tetragonal,-0.32359,0.0,train
3715,20192,JVASP-101960,CdH12C8O4,25,1,triclinic,-0.42266,4.115,train
3716,10400,JVASP-92896,Mg6GaMo,8,38,orthorhombic,0.13585,0.0,train
3717,77307,JVASP-158172,KSb2Pd2,5,139,tetragonal,-0.46276,0.0,train
3718,57135,JVASP-126159,La3Hg,4,164,trigonal,-0.17799,0.0,train
3719,46935,JVASP-53478,YbNd2S4,14,122,tetragonal,-2.31245,2.063,train
3720,63163,JVASP-132937,HoMn6Al6,13,71,orthorhombic,-0.24708,0.0,train
3721,33990,JVASP-37813,Er2MgTl,4,225,cubic,-0.20574,0.0,train
3722,13576,JVASP-93343,PuB2Ir3,6,191,hexagonal,-0.2942,0.0,train
3723,79797,JVASP-99079,BaGaF5,28,19,orthorhombic,-3.37502,5.979,train
3724,17301,JVASP-100663,CeZrO4,6,166,trigonal,-3.63177,1.956,train
3725,37272,JVASP-36821,NaCuO2,8,63,orthorhombic,-1.13652,0.471,train
3726,26174,JVASP-42396,V4O3F5,12,44,orthorhombic,-2.68157,0.1,train
3727,64034,JVASP-140298,TlHg5Br11,17,12,monoclinic,-0.42089,1.892,train
3728,1440,JVASP-64496,Ba4MgCu,6,216,cubic,0.58564,0.0,train
3729,60844,JVASP-125126,LiB11,12,8,monoclinic,0.11568,0.11,train
3730,669,JVASP-14915,Se,1,221,cubic,0.13368,0.0,train
3731,91523,JVASP-189559,HfZrN2,4,166,trigonal,-1.95288,0.0,train
3732,48243,JVASP-110522,YHo,2,187,hexagonal,0.00667,0.0,train
3733,32261,JVASP-32154,Te2Mo3WSe4S2,12,156,trigonal,-0.58644,0.137,train
3734,12981,JVASP-94727,CaMg6C,8,38,orthorhombic,0.25182,0.0,train
3735,12219,JVASP-94344,MoO2,6,194,hexagonal,-2.05296,0.74,train
3736,51000,JVASP-113214,Mn5OF11,17,1,triclinic,-2.34218,0.225,train
3737,43759,JVASP-54934,Nd3AlC,5,221,cubic,-0.24652,0.0,train
3738,84552,JVASP-176868,Ba3Sr4O7,14,71,orthorhombic,-2.8874,2.454,train
3739,7852,JVASP-92188,Mg3BiO4,8,221,cubic,-1.95091,0.0,train
3740,24408,JVASP-19296,Mg3Co2O7,24,36,orthorhombic,-1.98621,0.0,train
3741,83336,JVASP-168938,Sr2CeMn3O9,30,12,monoclinic,-2.62847,0.0,train
3742,23652,JVASP-11793,K2Mn2O3,14,14,monoclinic,-1.43706,0.054,train
3743,40789,JVASP-25500,LuB2Ru,16,62,orthorhombic,-0.65882,0.0,train
3744,2369,JVASP-65428,BaNbBi2,4,99,tetragonal,0.30427,0.0,train
3745,49530,JVASP-116455,CaAuF2,4,99,tetragonal,-2.3219,0.0,train
3746,25358,JVASP-30479,LuH2ClO2,24,62,orthorhombic,-2.21786,4.853,train
3747,48881,JVASP-111494,Sm2VFeO6,20,14,monoclinic,-2.87236,0.0,train
3748,1228,JVASP-64762,Ba4ScTl,6,216,cubic,0.45842,0.0,train
3749,2036,JVASP-86740,CaAgBi,6,186,hexagonal,-0.61158,0.029,train
3750,73839,JVASP-145395,LaNi5H6,12,156,trigonal,-0.23396,0.0,train
3751,5453,JVASP-89125,V2WO6,18,136,tetragonal,-2.4858,0.0,train
3752,91796,JVASP-193546,ScNbSi,6,71,orthorhombic,-0.61111,0.0,train
3753,41390,JVASP-51035,CaH2O2,5,12,monoclinic,-1.99339,4.464,train
3754,52012,JVASP-111380,Ce2Fe3Rh,6,166,trigonal,-0.31883,0.0,train
3755,49890,JVASP-114929,NaNbF4,6,12,monoclinic,-2.87751,1.245,train
3756,49446,JVASP-116395,SiPbO3,5,221,cubic,-1.96256,1.83,train
3757,69638,JVASP-157165,La2CoCu,4,225,cubic,-0.12639,0.0,train
3758,66754,JVASP-144849,KFeI3,20,62,orthorhombic,-0.55896,0.512,train
3759,75017,JVASP-147086,MgMnMoS4,14,74,orthorhombic,-0.78141,0.0,train
3760,21149,JVASP-107697,TbDyIr2,4,225,cubic,-0.93623,0.0,train
3761,41961,JVASP-12592,Ca2HN,16,227,cubic,-0.99292,1.732,train
3762,8721,JVASP-68587,BeCu2Cl,4,119,tetragonal,0.32781,0.0,train
3763,50543,JVASP-116863,LiCoPO4,28,60,orthorhombic,-1.95327,0.099,train
3764,45807,JVASP-16755,Li2ZnGe,4,216,cubic,-0.35692,0.031,train
3765,5332,JVASP-92174,ZnCu2GeTe4,8,121,tetragonal,-0.16733,0.0,train
3766,80958,JVASP-179107,Ba2CoO3,6,139,tetragonal,-1.83282,0.0,train
3767,34393,JVASP-41331,Li4Ti3Fe3Sb2O16,28,8,monoclinic,-2.1896,0.0,train
3768,70570,JVASP-149843,LaAlSi2,8,164,trigonal,-0.55063,0.0,train
3769,33082,JVASP-35116,BaAl2Si3N4O4,28,36,orthorhombic,-2.24954,3.532,train
3770,50628,JVASP-115379,ZrPbS,3,99,tetragonal,0.19752,0.0,train
3771,84421,JVASP-164534,TlIn3S5,18,12,monoclinic,-0.61733,1.63,train
3772,29681,JVASP-56190,CuI,4,186,hexagonal,-0.14799,1.297,train
3773,92890,JVASP-192798,LiZrScOs,4,216,cubic,-0.43951,0.0,train
3774,75412,JVASP-146846,DyCu5Sn,28,62,orthorhombic,-0.27085,0.0,train
3775,65750,JVASP-138845,Li2TlF3,6,164,trigonal,-2.58437,1.226,train
3776,261,JVASP-38325,RbNiO3,5,221,cubic,-0.67483,0.0,train
3777,84362,JVASP-176863,Li3SbO3,28,217,cubic,-1.95653,2.923,train
3778,88341,JVASP-183119,ScAlCu4,6,216,cubic,-0.30801,0.0,train
3779,52969,JVASP-119026,TlBi2Cl7,20,2,triclinic,-1.04698,3.136,train
3780,38759,JVASP-45969,Li3MgPCO7,26,11,monoclinic,-2.36953,5.79,train
3781,78935,JVASP-185396,Sr3P,4,139,tetragonal,-0.30405,0.0,train
3782,26329,JVASP-10583,KHfCuS3,12,63,orthorhombic,-1.40235,0.807,train
3783,79225,JVASP-185900,BaMoS,3,187,hexagonal,-0.31888,0.0,train
3784,43929,JVASP-27075,LiAl5O8,56,212,cubic,-3.24554,5.767,train
3785,77780,JVASP-159451,Dy4Ga12Ni,17,229,cubic,-0.5756,0.0,train
3786,75438,JVASP-146888,Li2Mn3SnO8,14,166,trigonal,-1.94321,0.0,train
3787,18237,JVASP-51154,TaOsPb,3,216,cubic,0.77318,0.0,train
3788,52733,JVASP-118958,Mg3TiH8,12,221,cubic,-0.24766,0.0,train
3789,82329,JVASP-164484,Nb5Ga3,16,140,tetragonal,-0.3256,0.0,train
3790,79863,JVASP-166166,ErGePd,18,44,orthorhombic,-0.99697,0.0,train
3791,8596,JVASP-69931,Be2ZnCr,4,123,tetragonal,0.14656,0.0,train
3792,19999,JVASP-105361,Tm2CuO4,7,139,tetragonal,-2.9736,0.0,train
3793,51063,JVASP-113229,Li2Co3BiO8,14,166,trigonal,-1.45272,0.393,train
3794,41295,JVASP-17937,BaIn2Pt,8,63,orthorhombic,-0.67837,0.0,train
3795,21371,JVASP-107525,SnSb,2,160,trigonal,0.12057,0.0,train
3796,14670,JVASP-1918,HgI,4,139,tetragonal,-0.0932,1.476,train
3797,50405,JVASP-116812,Fe2O3F,12,63,orthorhombic,-1.55226,0.0,train
3798,42557,JVASP-19965,ErRh2,6,227,cubic,-0.79705,0.0,train
3799,44079,JVASP-57706,Yb2CdS4,14,227,cubic,-1.19934,0.0,train
3800,35861,JVASP-19656,VIr,2,123,tetragonal,-0.51379,0.0,train
3801,20775,JVASP-2262,ScCuO2,8,194,hexagonal,-2.58465,2.468,train
3802,26160,JVASP-78316,MgBi,2,221,cubic,-0.05644,0.0,train
3803,92124,JVASP-192548,Mg3Sc,4,225,cubic,-0.05242,0.0,train
3804,621,JVASP-86206,H3AuC2NCl,16,11,monoclinic,-0.03986,3.442,train
3805,40969,JVASP-17872,HoCoC,6,131,tetragonal,-0.41673,0.0,train
3806,52139,JVASP-117382,K3Ti8O17,28,8,monoclinic,-3.11599,0.0,train
3807,72105,JVASP-153546,YbAl8Cr4,13,139,tetragonal,-0.17337,0.0,train
3808,13239,JVASP-91352,LiBiO3,40,56,orthorhombic,-1.36758,0.193,train
3809,59800,JVASP-131407,Ac3Pa,4,164,trigonal,0.24819,0.0,train
3810,15074,JVASP-54760,LiHO,6,12,monoclinic,-1.64467,4.351,train
3811,48998,JVASP-116126,LiHO,3,6,monoclinic,-1.42641,3.781,train
3812,74955,JVASP-154879,Y6WO12,19,148,trigonal,-3.59891,0.479,train
3813,75037,JVASP-154264,CaCuO2,16,14,monoclinic,-1.99472,0.222,train
3814,15511,JVASP-92548,SnCCl3,5,221,cubic,0.82874,0.0,train
3815,59472,JVASP-142707,HoMo6Se8,15,148,trigonal,-0.73143,0.0,train
3816,25930,JVASP-34456,Mg2BiPO6,20,63,orthorhombic,-2.47771,3.669,train
3817,82869,JVASP-182611,BeInRh,3,216,cubic,-0.1375,0.0,train
3818,93747,JVASP-190595,SrFe2P2,5,139,tetragonal,-0.90724,0.0,train
3819,86200,JVASP-163570,Fe23B6,29,225,cubic,-0.13635,0.0,train
3820,70921,JVASP-153219,CoBi3,16,62,orthorhombic,0.05927,0.0,train
3821,88484,JVASP-186896,TaTiN,6,129,tetragonal,-0.88373,0.0,train
3822,47792,JVASP-49229,Ca4Al6TeO12,23,217,cubic,-3.19445,3.232,train
3823,51368,JVASP-113554,LiCaN,3,99,tetragonal,0.89134,0.0,train
3824,2959,JVASP-42828,Li7FeO4F2,28,1,triclinic,-2.20896,0.625,train
3825,92114,JVASP-187134,TiBe4Ir,6,216,cubic,-0.63992,0.0,train
3826,86360,JVASP-168302,LuSiPt2,16,62,orthorhombic,-1.16398,0.0,train
3827,28540,JVASP-80184,Ti2OsRh,4,71,orthorhombic,0.12065,0.0,train
3828,76212,JVASP-161265,Er2HgPt,4,225,cubic,-0.83445,0.0,train
3829,55088,JVASP-123466,U3Be,4,25,orthorhombic,0.13989,0.0,train
3830,90258,JVASP-186964,Lu3ScH,5,221,cubic,-0.1415,0.0,train
3831,64881,JVASP-140322,Li4CuSbO6,24,15,monoclinic,-1.78125,0.418,train
3832,48221,JVASP-110552,NdGa3Pt,5,119,tetragonal,-0.71625,0.0,train
3833,17088,JVASP-99933,SmGa3Pd,5,119,tetragonal,-0.66122,0.0,train
3834,7896,JVASP-75549,AsRu2Pt,4,216,cubic,0.42568,0.0,train
3835,40865,JVASP-12552,H4BrN,12,129,tetragonal,-0.50395,4.491,train
3836,91506,JVASP-187001,TiMn2W,4,123,tetragonal,-0.09408,0.0,train
3837,10645,JVASP-74174,ZrTiBe2,4,119,tetragonal,0.11793,0.0,train
3838,80978,JVASP-179806,NbSeBr2,4,99,tetragonal,-0.48769,0.0,train
3839,17604,JVASP-103252,Eu3Mg,4,25,orthorhombic,0.01161,0.0,train
3840,86893,JVASP-183080,Sc2GaRh,4,225,cubic,-0.81132,0.0,train
3841,63550,JVASP-123497,LiU3,4,25,orthorhombic,0.26481,0.0,train
3842,61525,JVASP-133139,PdN2,12,205,cubic,0.38158,0.137,train
3843,17723,JVASP-15505,Zr2CS,8,194,hexagonal,-1.49204,0.0,train
3844,2367,JVASP-62020,HfInAu2,4,225,cubic,-0.3995,0.0,train
3845,89503,JVASP-187554,TiV2SnH,5,123,tetragonal,-0.19584,0.0,train
3846,14359,JVASP-44049,Fe4OF7,24,12,monoclinic,-1.95628,0.0,train
3847,34031,JVASP-41555,Y2MgRu,4,225,cubic,-0.23864,0.0,train
3848,42821,JVASP-22183,CeB2Ru2,10,70,orthorhombic,-0.53153,0.0,train
3849,42037,JVASP-20996,CaSO4,12,63,orthorhombic,-2.32815,6.472,train
3850,74922,JVASP-145967,Li3Fe4O8,15,12,monoclinic,-1.66977,0.0,train
3851,63635,JVASP-143566,Li7Mn2Co3O12,24,8,monoclinic,-1.89755,0.0,train
3852,87016,JVASP-163598,UHg3Te2Cl6,24,14,monoclinic,-0.95267,0.071,train
3853,5755,JVASP-67185,Be2RuCl,4,99,tetragonal,0.03639,0.0,train
3854,68843,JVASP-146730,Li4Mn5Cu3O16,28,8,monoclinic,-1.64507,0.0,train
3855,38043,JVASP-40167,CeNiO3,5,221,cubic,-2.33093,0.0,train
3856,3946,JVASP-62936,BH2N,48,96,tetragonal,-0.56276,4.945,train
3857,37206,JVASP-40501,DyMgAu2,4,225,cubic,-0.83948,0.0,train
3858,83851,JVASP-180283,Ba2GaTe,4,225,cubic,-0.85226,0.0,train
3859,19378,JVASP-106555,Mg2Sb,6,71,orthorhombic,-0.2569,0.0,train
3860,28328,JVASP-79983,MgRh3,4,44,orthorhombic,-0.28696,0.0,train
3861,16684,JVASP-101162,LiNdSe2,4,123,tetragonal,-1.69615,0.085,train
3862,76718,JVASP-99077,K3FeC6N6,32,14,monoclinic,-0.20606,0.0,train
3863,81941,JVASP-169621,YFe2,6,227,cubic,-0.13921,0.0,train
3864,42665,JVASP-13257,Cu4SnP10,15,160,trigonal,-0.14245,0.437,train
3865,31926,JVASP-41845,BeGaRh2,4,225,cubic,-0.63433,0.0,train
3866,52808,JVASP-119365,Li2Mn3FeO8,14,166,trigonal,-1.96859,0.008,train
3867,32745,JVASP-27246,NiCl2O8,11,148,trigonal,0.06888,1.248,train
3868,49708,JVASP-114771,NCl3,4,1,triclinic,0.78567,0.78,train
3869,47871,JVASP-55258,Sr2SiO4,28,14,monoclinic,-3.25902,4.971,train
3870,16857,JVASP-15571,SmCo3B2,6,191,hexagonal,-0.44861,0.0,train
3871,17302,JVASP-101063,PrAsPd,6,194,hexagonal,-1.19489,0.0,train
3872,82183,JVASP-169241,LiCa2Ge3,24,58,orthorhombic,-0.68084,0.0,train
3873,23570,JVASP-8367,Ca3BiN,5,221,cubic,-1.19778,0.431,train
3874,74640,JVASP-153956,AlMo4S8,13,216,cubic,-0.96276,0.0,train
3875,47834,JVASP-14244,BaTl2Hg2,20,136,tetragonal,-0.25033,0.0,train
3876,23301,JVASP-47526,LiMnPO4,14,5,monoclinic,-2.15882,2.197,train
3877,7958,JVASP-75885,ZnRe2As,4,216,cubic,0.4745,0.0,train
3878,88778,JVASP-176645,Er3CrB7,22,63,orthorhombic,-0.65233,0.0,train
3879,58415,JVASP-124463,I3Cl,4,38,orthorhombic,-0.09446,1.339,train
3880,35665,JVASP-39498,BaSrSn,3,216,cubic,-0.30491,0.083,train
3881,41451,JVASP-53125,NaClO2,4,8,monoclinic,-0.70306,2.579,train
3882,90786,JVASP-190401,Al2CuPd,4,225,cubic,-0.52952,0.0,train
3883,57014,JVASP-121662,Ba3Mn2N4,18,15,monoclinic,-0.60204,0.0,train
3884,66491,JVASP-131061,TlGa,2,187,hexagonal,0.09793,0.0,train
3885,19993,JVASP-104118,H10C16SO,28,1,triclinic,0.02279,1.799,train
3886,66657,JVASP-142371,Sr4CaCl10,15,71,orthorhombic,-2.6168,5.143,train
3887,37960,JVASP-37936,BaTh3,4,139,tetragonal,0.34013,0.0,train
3888,71139,JVASP-147164,Li2NiSnP2O8,28,11,monoclinic,-2.02111,0.879,train
3889,87459,JVASP-168033,Pr2InNi2,10,127,tetragonal,-0.48868,0.0,train
3890,81969,JVASP-182912,CrNiF2,4,99,tetragonal,-1.07174,0.0,train
3891,55238,JVASP-121051,GaPS4,6,65,orthorhombic,-0.00967,0.0,train
3892,31301,JVASP-41830,Ho2TlCd,4,225,cubic,-0.35294,0.0,train
3893,24633,JVASP-8078,Ti2FeSe4,7,12,monoclinic,-0.9304,0.0,train
3894,19546,JVASP-106841,Ca2TlCd,4,123,tetragonal,-0.49107,0.0,train
3895,54748,JVASP-120951,CaCrO2,4,166,trigonal,-2.22801,0.0,train
3896,68210,JVASP-157275,Pr2MgZn,4,225,cubic,-0.19786,0.0,train
3897,50731,JVASP-113095,Ho2As7Rh12,21,147,trigonal,-0.63639,0.0,train
3898,3366,JVASP-90784,MgTi,4,129,tetragonal,0.03424,0.0,train
3899,57532,JVASP-122414,BaO4,10,15,monoclinic,-1.27867,0.0,train
3900,42441,JVASP-22075,Tm2Ge2O7,44,92,tetragonal,-2.81841,3.819,train
3901,77321,JVASP-159676,LiThNO,8,26,orthorhombic,-2.24457,1.841,train
3902,82902,JVASP-179178,BeGaRh,3,187,hexagonal,-0.17555,0.0,train
3903,29193,JVASP-80484,SrMg,4,194,hexagonal,0.42025,0.0,train
3904,72678,JVASP-145577,LiMn2O2F3,16,15,monoclinic,-2.34328,0.628,train
3905,19836,JVASP-104155,H4C7S2O,14,1,triclinic,0.01722,1.522,train
3906,44602,JVASP-108750,MoCl2O,4,71,orthorhombic,-1.3877,0.0,train
3907,91414,JVASP-189952,NbVW2,4,225,cubic,0.24924,0.0,train
3908,30751,JVASP-54348,Np3In,4,221,cubic,0.14965,0.0,train
3909,29926,JVASP-35783,ScCu2,3,139,tetragonal,-0.3041,0.0,train
3910,92322,JVASP-188580,ZrScTc4,6,216,cubic,-0.31171,0.0,train
3911,15991,JVASP-100327,U2AsP,4,123,tetragonal,-0.84989,0.0,train
3912,27716,JVASP-79959,Pm2SiAu,4,225,cubic,-0.66942,0.0,train
3913,70348,JVASP-146401,LaZrF7,18,4,monoclinic,-4.10087,6.288,train
3914,8446,JVASP-86960,LaZnPO,8,129,tetragonal,-2.02568,0.625,train
3915,35443,JVASP-38499,PrDyTl2,4,225,cubic,-0.37756,0.0,train
3916,8954,JVASP-93105,CeMg6Sb,8,38,orthorhombic,-0.09576,0.0,train
3917,84878,JVASP-165710,SrTaNO2,20,8,monoclinic,-2.63245,1.295,train
3918,31658,JVASP-23490,CaIn4Ir,12,51,orthorhombic,-0.35894,0.0,train
3919,75624,JVASP-157380,Mg2TlZn,4,225,cubic,-0.02456,0.0,train
3920,10938,JVASP-71661,BeCu2Ni,4,119,tetragonal,-0.07377,0.0,train
3921,80197,JVASP-166625,K2Sm2IrO7,24,167,trigonal,-2.30967,0.172,train
3922,92282,JVASP-192769,MgZrZnNi,4,216,cubic,-0.35084,0.0,train
3923,26715,JVASP-79181,Mg3C,4,99,tetragonal,0.57979,0.0,train
3924,85158,JVASP-185658,YP3,4,139,tetragonal,-0.42523,0.0,train
3925,52656,JVASP-118009,CdO,2,123,tetragonal,-0.79992,0.0,train
3926,33099,JVASP-28543,Mo2WS6,9,187,hexagonal,-0.91328,0.877,train
3927,12584,JVASP-74593,BeRhW,3,156,trigonal,-0.12204,0.0,train
3928,70543,JVASP-146027,Th6MnBr15,22,229,cubic,-1.62245,0.0,train
3929,85854,JVASP-180005,RbFeO,3,187,hexagonal,-0.58102,0.0,train
3930,84837,JVASP-186167,CdInO,3,187,hexagonal,-0.52634,0.0,train
3931,50040,JVASP-115032,NaGeS,3,187,hexagonal,-0.01832,0.0,train
3932,55313,JVASP-123639,AgSe2,3,12,monoclinic,-0.01222,0.0,train
3933,23728,JVASP-11413,P2Rh,12,14,monoclinic,-0.65203,0.437,train
3934,5270,JVASP-88430,Tl3BS3,14,11,monoclinic,-0.49312,1.177,train
3935,88170,JVASP-169073,Dy3BiRu4O14,22,166,trigonal,-2.14139,0.0,train
3936,67355,JVASP-138089,MgBeBr,3,99,tetragonal,0.24515,0.0,train
3937,35763,JVASP-40386,LiInAu2,4,225,cubic,-0.4238,0.0,train
3938,74765,JVASP-146506,Cr2Fe3N4,18,15,monoclinic,-0.21185,0.0,train
3939,55781,JVASP-123983,MgXe,2,187,hexagonal,0.5928,0.0,train
3940,1972,JVASP-44105,Tm3TaO7,22,63,orthorhombic,-3.67934,3.431,train
3941,54121,JVASP-117520,BTe3,4,1,triclinic,0.26885,0.0,train
3942,44754,JVASP-109144,TaSiGe,9,153,trigonal,-0.24004,0.0,train
3943,29534,JVASP-29796,UH2O4,7,5,monoclinic,-2.20265,1.785,train
3944,51740,JVASP-117206,LiTiFeO4,28,62,orthorhombic,-2.36787,0.0,train
3945,63467,JVASP-136888,KP,2,187,hexagonal,0.29132,0.0,train
3946,19533,JVASP-102521,LiMg,2,123,tetragonal,-0.11439,0.0,train
3947,8453,JVASP-68825,Be2FeRu,4,123,tetragonal,-0.12964,0.0,train
3948,70488,JVASP-146947,MgSi,12,2,triclinic,0.04681,0.0,train
3949,9985,JVASP-95954,InH3O3,28,148,trigonal,-1.29039,2.962,train
3950,41080,JVASP-9607,Cd2SiO4,14,70,orthorhombic,-1.96799,1.687,train
3951,70988,JVASP-157208,TiCr2Mo,4,225,cubic,-0.02906,0.0,train
3952,18878,JVASP-101031,TiMnIr2,4,225,cubic,-0.55667,0.0,train
3953,4056,JVASP-85891,Nd3Ni13B2,18,191,hexagonal,-0.39868,0.0,train
3954,92882,JVASP-188598,ScNi2,6,227,cubic,-0.57994,0.0,train
3955,72409,JVASP-154622,Li2MgIr,16,215,cubic,-0.28938,0.0,train
3956,1378,JVASP-98011,KCeGeSe4,14,4,monoclinic,-1.16971,0.0,train
3957,1938,JVASP-86789,K2SnHgSe4,8,121,tetragonal,-0.73675,1.472,train
3958,86566,JVASP-166000,LiAsSe2,8,11,monoclinic,-0.61211,0.365,train
3959,41964,JVASP-10850,VO2,12,227,cubic,-2.35457,0.0,train
3960,6245,JVASP-88770,Ba3Nb6Si4O26,39,189,hexagonal,-2.95535,2.422,train
3961,8362,JVASP-67771,BeCrGe,3,107,tetragonal,0.41462,0.0,train
3962,44981,JVASP-19697,ZrZn2,6,227,cubic,-0.29048,0.0,train
3963,60356,JVASP-100254,TbPu3,8,194,hexagonal,0.3038,0.0,train
3964,2238,JVASP-62221,Na4BeAlSi4ClO12,23,82,tetragonal,-2.76184,4.766,train
3965,54546,JVASP-119916,BHO2,4,156,trigonal,-1.32332,6.543,train
3966,57613,JVASP-127547,CuF3,4,65,orthorhombic,-0.81911,0.0,train
3967,70468,JVASP-155631,YTi2Ge2,5,139,tetragonal,-0.6891,0.0,train
3968,20038,JVASP-107452,LaYZn2,4,225,cubic,-0.39808,0.0,train
3969,64222,JVASP-138502,Cd2Br,3,47,orthorhombic,-0.12555,0.0,train
3970,79740,JVASP-164055,CaSiO3,30,2,triclinic,-3.21417,4.829,train
3971,9758,JVASP-48442,MnOF,24,1,triclinic,-2.09493,0.006,train
3972,52857,JVASP-118242,SnIF,6,129,tetragonal,-1.4611,1.361,train
3973,79893,JVASP-164059,InGaSe3,30,169,hexagonal,-0.5667,1.132,train
3974,46824,JVASP-22383,BaPIr,12,198,cubic,-0.98811,0.0,train
3975,62463,JVASP-138189,AgBrO,6,25,orthorhombic,0.50073,0.0,train
3976,62328,JVASP-140491,NbCr3Cu2S8,28,1,triclinic,-0.69706,0.0,train
3977,82422,JVASP-174749,LiTi2P3O12,36,167,trigonal,-2.6652,2.509,train
3978,30426,JVASP-34998,Mg2Si,6,194,hexagonal,-0.01129,0.0,train
3979,90697,JVASP-192152,AlZnPd2,4,123,tetragonal,-0.72201,0.0,train
3980,19449,JVASP-106501,CdPb3,4,139,tetragonal,0.01903,0.0,train
3981,31809,JVASP-23492,Sr2InPd2,10,15,monoclinic,-0.72915,0.0,train
3982,50690,JVASP-112220,H8PbC6SO4,20,1,triclinic,-0.50556,3.172,train
3983,93318,JVASP-187306,ZrGeIr,3,187,hexagonal,-0.83895,0.0,train
3984,54399,JVASP-117804,InBr2O,4,71,orthorhombic,-0.58895,0.0,train
3985,61672,JVASP-134951,SbHN2,4,99,tetragonal,0.7747,0.0,train
3986,49979,JVASP-114984,GeCl2,3,6,monoclinic,-0.55508,0.803,train
3987,68252,JVASP-145442,Ba3Lu2MoO9,15,164,trigonal,-3.26333,1.767,train
3988,62450,JVASP-144008,Mn6O7F5,18,8,monoclinic,-2.06027,0.0,train
3989,90877,JVASP-189936,NaCoS2,4,160,trigonal,-0.77344,0.603,train
3990,84973,JVASP-173387,Ce3Ta2N6,11,139,tetragonal,-1.55293,0.0,train
3991,48220,JVASP-110589,FeCoSb4,6,10,monoclinic,-0.08429,0.0,train
3992,86796,JVASP-185726,Zr3Cl,4,160,trigonal,-0.37069,0.0,train
3993,6191,JVASP-67274,Be2MoRu,4,99,tetragonal,-0.02662,0.0,train
3994,24675,JVASP-50640,Li2CuF4,14,141,tetragonal,-2.46043,0.395,train
3995,30335,JVASP-49613,Y2Co2O7,22,166,trigonal,-2.35712,0.0,train
3996,24489,JVASP-9391,Na2CuF4,14,14,monoclinic,-2.39557,0.828,train
3997,12746,JVASP-48272,LiCo2O4,14,74,orthorhombic,-1.41859,0.0,train
3998,17516,JVASP-100622,TiMnAs,9,189,hexagonal,-0.60512,0.0,train
3999,82769,JVASP-166296,Ba2YInSe5,18,36,orthorhombic,-1.74577,1.017,train
4000,6020,JVASP-86306,Sr5In3,16,140,tetragonal,-0.39796,0.0,train
4001,48254,JVASP-110435,HoPaRu2,4,225,cubic,-0.47127,0.0,train
4002,52027,JVASP-111394,MnCoO3,10,148,trigonal,-1.42508,0.0,train
4003,22975,JVASP-4792,YbPO4,12,88,tetragonal,-2.69005,0.0,train
4004,36158,JVASP-19773,TmGa3,4,221,cubic,-0.49517,0.0,train
4005,50436,JVASP-112959,AgClO4,24,62,orthorhombic,0.06474,2.672,train
4006,58355,JVASP-126566,HRh3,4,221,cubic,0.75883,0.0,train
4007,31024,JVASP-28913,Te2MoWSe2,12,156,trigonal,-0.31669,0.332,train
4008,73634,JVASP-145716,RbSeO4,18,5,monoclinic,-0.90346,0.742,train
4009,41543,JVASP-43010,Li3Mn4O8,15,166,trigonal,-1.96412,0.0,train
4010,12150,JVASP-92321,Ce3Mg,4,139,tetragonal,0.10443,0.0,train
4011,91192,JVASP-190655,ScAlRh2,4,47,orthorhombic,-1.07416,0.0,train
4012,74689,JVASP-145194,Ba2LuIrO6,10,225,cubic,-2.66473,0.0,train
4013,43633,JVASP-109338,Na2SnHg,4,216,cubic,-0.20581,0.0,train
4014,60436,JVASP-121788,Co6O7F5,18,1,triclinic,-1.38032,0.0,train
4015,15235,JVASP-99763,Eu2HgSb,4,225,cubic,-0.61052,0.0,train
4016,254,JVASP-37189,Mn3Ga,4,225,cubic,0.06965,0.0,train
4017,63671,JVASP-141673,Y2CdSe4,14,227,cubic,-1.59739,0.601,train
4018,38876,JVASP-5458,TiCl2,3,164,trigonal,-1.50184,0.0,train
4019,21081,JVASP-106930,Li5FeS4,10,71,orthorhombic,-1.11227,0.0,train
4020,70785,JVASP-145301,KTmC2O6,20,15,monoclinic,-2.29584,4.424,train
4021,68217,JVASP-154687,Ni3P,16,82,tetragonal,-0.40509,0.0,train
4022,65033,JVASP-136649,GaH2,3,115,tetragonal,0.30213,0.0,train
4023,2280,JVASP-97892,Tl5Se3,32,130,tetragonal,-0.37635,0.0,train
4024,20603,JVASP-102476,CuSnPd2,4,225,cubic,-0.36432,0.0,train
4025,34180,JVASP-39266,LuUO3,5,221,cubic,-2.88802,0.0,train
4026,1166,JVASP-65081,K4BeW,6,216,cubic,1.50186,0.0,train
4027,72821,JVASP-152051,SbSBr,12,62,orthorhombic,-0.51486,1.661,train
4028,31788,JVASP-23208,Ba2SmMoO6,10,225,cubic,-3.0039,2.263,train
4029,44929,JVASP-20972,Na3ScF6,20,14,monoclinic,-3.44253,7.089,train
4030,38507,JVASP-45229,Li3VPCO7,26,4,monoclinic,-2.12198,1.509,train
4031,68806,JVASP-151133,NbCr2,12,194,hexagonal,-0.0229,0.0,train
4032,38626,JVASP-45953,Na2AlPCO7,24,11,monoclinic,-2.33528,5.339,train
4033,53602,JVASP-119713,KCr2FeO8,12,12,monoclinic,-1.87135,0.171,train
4034,11412,JVASP-95042,TaPS,6,71,orthorhombic,-0.85059,0.0,train
4035,74420,JVASP-145416,Er6AgGe2S14,23,143,trigonal,-1.54439,0.0,train
4036,54130,JVASP-120239,H2S,3,123,tetragonal,1.00016,2.245,train
4037,38462,JVASP-46993,Na2NiO2,5,71,orthorhombic,-1.36225,0.679,train
4038,43016,JVASP-109092,Yb3Pr,4,225,cubic,0.05885,0.0,train
4039,62552,JVASP-137926,SiN2,3,47,orthorhombic,0.09358,0.0,train
4040,26729,JVASP-78468,N,1,139,tetragonal,2.95325,0.0,train
4041,7721,JVASP-75765,AsOsAu,3,216,cubic,1.28815,0.0,train
4042,66620,JVASP-144815,DyGaPd2,16,62,orthorhombic,-0.90529,0.0,train
4043,35193,JVASP-39380,Lu2Ta2O5,9,123,tetragonal,-2.53442,0.0,train
4044,13405,JVASP-91276,CeMgPd,9,189,hexagonal,-0.57904,0.0,train
4045,45773,JVASP-54565,CaInPd,12,62,orthorhombic,-0.75405,0.0,train
4046,2080,JVASP-88387,Zr2P2O9,26,12,monoclinic,-2.99136,4.355,train
4047,76729,JVASP-161388,Ca2AcPr,4,225,cubic,0.07274,0.0,train
4048,90574,JVASP-190276,MnAlV,3,107,tetragonal,-0.29759,0.0,train
4049,45348,JVASP-109620,Zr2FeOs,4,225,cubic,-0.47101,0.0,train
4050,6599,JVASP-66738,BeHgIr,3,107,tetragonal,0.04935,0.0,train
4051,31493,JVASP-40939,Pm2MgAl,4,225,cubic,-0.27684,0.0,train
4052,8337,JVASP-92924,Mg6WC,8,38,orthorhombic,0.69344,0.0,train
4053,88716,JVASP-169100,CoB3Rh6,20,8,monoclinic,-0.19756,0.0,train
4054,53822,JVASP-120096,TlMoCl,3,187,hexagonal,0.83319,0.0,train
4055,91855,JVASP-189218,LiCa2AgH,5,123,tetragonal,-0.37042,0.0,train
4056,28598,JVASP-81751,LiCa2Ag,4,139,tetragonal,-0.0274,0.0,train
4057,74405,JVASP-150887,Ba2CuWO6,10,139,tetragonal,-2.41751,0.0,train
4058,59989,JVASP-139781,LiZnBO3,12,9,monoclinic,-2.23212,3.879,train
4059,93077,JVASP-191239,NbCoRu2H,5,123,tetragonal,-0.14287,0.0,train
4060,39321,JVASP-37485,Yb2AgHg,4,225,cubic,-0.5371,0.0,train
4061,25456,JVASP-11189,NaAlAsO4F,16,15,monoclinic,-2.37596,3.792,train
4062,78049,JVASP-166530,AsPbF7,18,2,triclinic,-2.30886,3.891,train
4063,30230,JVASP-13862,BaBOF3,24,62,orthorhombic,-3.34738,6.376,train
4064,12378,JVASP-94287,USnPd,6,194,hexagonal,-0.40906,0.0,train
4065,19074,JVASP-2943,TaCu3Te4,8,215,cubic,-0.23916,1.308,train
4066,66861,JVASP-142603,Li3Mn4O8,30,2,triclinic,-1.97836,0.008,train
4067,55327,JVASP-122055,NdFe4Cu3O12,20,204,cubic,-1.54584,0.0,train
4068,43899,JVASP-108758,Li2TiO3,6,71,orthorhombic,-2.86847,2.171,train
4069,23431,JVASP-47567,Li2CrCo2O6,22,64,orthorhombic,-1.72421,0.034,train
4070,31742,JVASP-36115,KYS2,4,166,trigonal,-2.09229,2.405,train
4071,57573,JVASP-129065,Ce3B,4,221,cubic,0.18236,0.0,train
4072,88295,JVASP-176619,LaMgCu2,8,194,hexagonal,-0.26296,0.0,train
4073,79147,JVASP-179048,CaBF,3,187,hexagonal,-0.78412,0.0,train
4074,48518,JVASP-29264,Sb2Au3F18,46,14,monoclinic,-1.67324,0.178,train
4075,32341,JVASP-41216,Hf2CuOs,4,225,cubic,-0.46745,0.0,train
4076,28805,JVASP-11321,ZnSbF5,14,1,triclinic,-2.36978,4.122,train
4077,37434,JVASP-38047,Na2LiNF6,10,225,cubic,-1.70762,2.617,train
4078,82825,JVASP-176447,MgTi2MnO6,10,146,trigonal,-2.90657,1.068,train
4079,24859,JVASP-33673,IClO,18,148,trigonal,-0.17699,1.222,train
4080,46203,JVASP-17524,TlSbSe2,4,65,orthorhombic,0.36157,0.0,train
4081,2577,JVASP-98033,LaIO,6,129,tetragonal,-3.01427,3.245,train
4082,79968,JVASP-183986,CrFeO,3,187,hexagonal,-0.25051,0.0,train
4083,81272,JVASP-176071,HoSiNi4,6,65,orthorhombic,-0.62678,0.0,train
4084,7903,JVASP-86192,ZrIr,8,63,orthorhombic,-0.9663,0.0,train
4085,68701,JVASP-145785,Er5Ge3C,18,193,hexagonal,-0.81108,0.0,train
4086,70857,JVASP-152795,Li6CoCl8,15,225,cubic,-1.69782,0.0,train
4087,14194,JVASP-105871,YbLuHg2,4,225,cubic,-0.48169,0.0,train
4088,14168,JVASP-99424,HoSnAu2,4,225,cubic,-0.71813,0.0,train
4089,25866,JVASP-56803,Ba3Fe3Se7,26,186,hexagonal,-1.10382,0.0,train
4090,47829,JVASP-59088,Rb3Os2Br9,28,194,hexagonal,-0.89716,0.369,train
4091,43080,JVASP-64455,Ba4TiGa,6,216,cubic,0.82214,0.0,train
4092,1017,JVASP-97817,As2PbO4,28,14,monoclinic,-1.34349,2.809,train
4093,406,JVASP-92195,CeMg6Zn,8,38,orthorhombic,0.01987,0.0,train
4094,86969,JVASP-184293,MoWO3,5,221,cubic,-0.37481,0.0,train
4095,2197,JVASP-65298,K4ZrBe,6,216,cubic,1.17834,0.0,train
4096,1229,JVASP-64921,Mn4BeRe,6,216,cubic,0.09307,0.0,train
4097,464,JVASP-97389,AlFePO5,32,14,monoclinic,-2.3258,0.002,train
4098,6796,JVASP-86709,K2NbCl6,18,128,tetragonal,-1.68831,0.0,train
4099,28280,JVASP-80392,SrCaMg2,4,71,orthorhombic,0.38054,0.0,train
4100,77983,JVASP-172202,AcCu3,8,194,hexagonal,-0.14175,0.0,train
4101,92634,JVASP-187041,HfZr2Ti,4,123,tetragonal,0.06492,0.0,train
4102,77099,JVASP-159712,DyPIrO,8,129,tetragonal,-2.07329,0.0,train
4103,28804,JVASP-36184,CdN,2,221,cubic,1.22855,0.0,train
4104,44960,JVASP-109586,PmTm3,4,221,cubic,0.01757,0.0,train
4105,35649,JVASP-37222,SmTh3,4,221,cubic,0.0458,0.0,train
4106,27032,JVASP-58160,MgCu2O4,14,227,cubic,-1.18406,0.0,train
4107,3198,JVASP-43021,MnSbO4,6,119,tetragonal,-1.53739,0.0,train
4108,77640,JVASP-159445,Ni12P5,17,87,tetragonal,-0.43825,0.0,train
4109,47467,JVASP-33121,RuC3Br2O3,18,12,monoclinic,-0.70735,2.196,train
4110,72014,JVASP-155482,ZrCu2HgSe4,8,121,tetragonal,-0.47159,0.323,train
4111,60268,JVASP-138936,RbSbF,3,187,hexagonal,-0.67958,0.0,train
4112,80666,JVASP-182869,CoSiO2,4,99,tetragonal,-0.84126,0.0,train
4113,57240,JVASP-128867,BaCl,2,221,cubic,-1.74648,0.0,train
4114,35126,JVASP-25288,H,2,139,tetragonal,-0.00097,9.016,train
4115,66533,JVASP-139403,SrLi,2,123,tetragonal,0.38672,0.0,train
4116,78875,JVASP-181241,BaWO3,5,221,cubic,-2.50064,0.0,train
4117,86538,JVASP-161836,K3BaPCO7,26,11,monoclinic,-2.37592,3.764,train
4118,10088,JVASP-71404,CaTiBe2,4,123,tetragonal,0.12768,0.0,train
4119,28451,JVASP-85209,LiLaO2,16,14,monoclinic,-3.06699,3.769,train
4120,12531,JVASP-74379,BeCr4W,6,216,cubic,0.06687,0.0,train
4121,22392,JVASP-103902,ZnH2C3O4,10,5,monoclinic,-0.93368,4.159,train
4122,89913,JVASP-192649,ScCoSnRu,4,216,cubic,-0.47214,0.0,train
4123,9614,JVASP-70817,BeInSe2,4,99,tetragonal,-0.24518,0.0,train
4124,16034,JVASP-101100,Ti3ZnHg4,8,123,tetragonal,0.13471,0.0,train
4125,42696,JVASP-17234,YbGa2,3,191,hexagonal,-0.59077,0.0,train
4126,85662,JVASP-184734,OsF,2,191,hexagonal,-0.50416,0.0,train
4127,65637,JVASP-137200,As3Se,4,8,monoclinic,0.06862,0.0,train
4128,71017,JVASP-145529,MgMnGe2O6,20,15,monoclinic,-1.991,0.076,train
4129,80476,JVASP-180497,CrGeO3,5,221,cubic,-1.11842,0.0,train
4130,4566,JVASP-69218,BaZrBi2,4,123,tetragonal,-0.25631,0.0,train
4131,71955,JVASP-146259,Li4Mn3FeB4O12,24,1,triclinic,-2.14534,0.008,train
4132,23117,JVASP-13020,Cu2PbO2,10,15,monoclinic,-0.8272,0.767,train
4133,74403,JVASP-145184,Mg16Al12Tl,29,217,cubic,-0.04383,0.0,train
4134,4689,JVASP-87854,ErAgSn,9,189,hexagonal,-0.55911,0.0,train
4135,61968,JVASP-138172,AuF3,4,189,hexagonal,-0.48329,0.0,train
4136,24718,JVASP-7831,LiInGe,3,216,cubic,-0.2649,0.0,train
4137,83985,JVASP-178041,Lu2S3,20,62,orthorhombic,-2.20004,0.728,train
4138,78990,JVASP-170269,PrP2Pd2,5,139,tetragonal,-0.95131,0.0,train
4139,6460,JVASP-68848,Be2CdGa,4,123,tetragonal,0.45499,0.0,train
4140,19851,JVASP-15584,PrSi2Ni,8,63,orthorhombic,-0.77128,0.0,train
4141,38997,JVASP-14501,NdPd3,4,221,cubic,-0.81127,0.0,train
4142,24441,JVASP-51399,NaCaSiHO4,16,4,monoclinic,-2.59012,4.812,train
4143,29061,JVASP-52137,Nd2UTe4,14,122,tetragonal,-1.16458,0.0,train
4144,55491,JVASP-123733,HfC,2,187,hexagonal,-0.29759,0.0,train
4145,24685,JVASP-8308,MgTi2N2,5,115,tetragonal,-0.79746,0.0,train
4146,21121,JVASP-104165,H5C5SNO,13,1,triclinic,-0.0342,2.633,train
4147,6516,JVASP-42757,Li5Fe7O3F13,28,1,triclinic,-2.16849,0.0,train
4148,41401,JVASP-46539,LiMnAlO3,12,2,triclinic,-2.38439,1.073,train
4149,39220,JVASP-47130,LiFePO4,14,63,orthorhombic,-2.00522,0.338,train
4150,42919,JVASP-52516,SbO2F,8,9,monoclinic,-1.6175,1.42,train
4151,21231,JVASP-104931,SmZnAgP2,5,156,trigonal,-0.70985,0.398,train
4152,70019,JVASP-147143,CrCo2O6,18,64,orthorhombic,-1.29327,0.138,train
4153,85323,JVASP-178933,YNi4Ir,6,216,cubic,-0.29442,0.0,train
4154,47317,JVASP-20773,Pd7Se4,22,18,orthorhombic,-0.24062,0.0,train
4155,58996,JVASP-126798,ZrZn,2,187,hexagonal,-0.06541,0.0,train
4156,66805,JVASP-141076,Li2MnCoO4,16,12,monoclinic,-1.8369,0.0,train
4157,70957,JVASP-152798,Ti2In5,14,127,tetragonal,-0.13491,0.0,train
4158,67304,JVASP-133735,BNCl,6,166,trigonal,-0.6351,0.0,train
4159,38543,JVASP-32248,Al2PdCl8,22,14,monoclinic,-1.25883,1.333,train
4160,31928,JVASP-23700,CeSi2Ir2,10,129,tetragonal,-1.00456,0.0,train
4161,78927,JVASP-180111,MgAlIr,3,187,hexagonal,-0.36498,0.0,train
4162,63963,JVASP-131946,I3Kr,4,12,monoclinic,0.06075,0.0,train
4163,8323,JVASP-67727,LiBeBr4,6,216,cubic,0.4598,0.0,train
4164,67667,JVASP-138353,SBr2,3,25,orthorhombic,0.15304,0.216,train
4165,39752,JVASP-14127,SCl2,24,19,orthorhombic,-0.11018,1.935,train
4166,1725,JVASP-86607,Ba2CoMoO6,10,225,cubic,-2.43878,0.0,train
4167,53627,JVASP-119748,Cr3CoP4O16,24,6,monoclinic,-2.06493,0.0,train
4168,46972,JVASP-13818,Ag2S,6,11,monoclinic,-0.05838,0.535,train
4169,68609,JVASP-148259,Nd2Fe4Co13,19,160,trigonal,-0.07615,0.0,train
4170,240,JVASP-97801,Yb2InCu2,10,127,tetragonal,-0.47749,0.0,train
4171,56185,JVASP-125523,NbAl3,4,221,cubic,-0.26456,0.0,train
4172,64255,JVASP-134450,CdSbI,3,187,hexagonal,0.24149,0.0,train
4173,88287,JVASP-183113,ScNiGe2,4,99,tetragonal,-0.29624,0.0,train
4174,57029,JVASP-125906,K3Zn,4,221,cubic,0.06028,0.0,train
4175,66655,JVASP-123824,NdBi5,6,164,trigonal,-0.18796,0.0,train
4176,14101,JVASP-91446,Ba2NiF6,9,139,tetragonal,-3.31135,0.403,train
4177,15972,JVASP-101212,CeSiNi,3,187,hexagonal,-0.75783,0.0,train
4178,83472,JVASP-170726,BaSrMgWO6,10,216,cubic,-2.96325,0.452,train
4179,13265,JVASP-92664,CaSi3Pt,5,107,tetragonal,-0.61426,0.0,train
4180,24948,JVASP-8269,VO2,3,166,trigonal,-2.33321,0.0,train
4181,93156,JVASP-187301,ZrNbOs2,4,123,tetragonal,-0.37265,0.0,train
4182,51837,JVASP-114011,B2O,3,1,triclinic,-0.52259,2.58,train
4183,67436,JVASP-138617,TlInCl,3,38,orthorhombic,-0.42015,0.0,train
4184,61517,JVASP-137634,ZnAs2Pb2O9,28,11,monoclinic,-1.23052,0.0,train
4185,9994,JVASP-70612,BeVPt,3,156,trigonal,-0.10643,0.0,train
4186,87080,JVASP-168319,Ba2DyInSe5,18,36,orthorhombic,-1.73213,1.013,train
4187,2980,JVASP-65275,MnBePd,3,156,trigonal,0.13259,0.0,train
4188,61584,JVASP-132289,NeNa,2,187,hexagonal,0.11489,0.0,train
4189,5844,JVASP-66964,TaBe2Ru,4,123,tetragonal,-0.16118,0.0,train
4190,11145,JVASP-94763,NaMg6Al,8,38,orthorhombic,0.03829,0.0,train
4191,87977,JVASP-176610,K2SrBe2F8,13,166,trigonal,-3.57295,7.446,train
4192,29938,JVASP-57569,SbO2,24,52,orthorhombic,-1.49514,2.092,train
4193,64950,JVASP-144295,CrWO4,12,12,monoclinic,-2.15063,0.0,train
4194,35831,JVASP-15925,Mn3PdN,5,221,cubic,-0.13634,0.0,train
4195,13810,JVASP-93389,SrMg,6,156,trigonal,0.09454,0.0,train
4196,50369,JVASP-112158,HfH8C6O4,19,1,triclinic,-0.71226,2.378,train
4197,31098,JVASP-35280,HoInCo4,6,216,cubic,-0.17158,0.0,train
4198,19560,JVASP-51232,LaBeOs2,4,216,cubic,0.61381,0.0,train
4199,30497,JVASP-36559,CrN2,6,72,orthorhombic,0.309,0.0,train
4200,92662,JVASP-190327,Nb2GaC,8,194,hexagonal,-0.53139,0.0,train
4201,14142,JVASP-95568,Rb2MgH4,14,63,orthorhombic,-0.353,3.469,train
4202,11615,JVASP-93771,DyAlGe,6,63,orthorhombic,-0.67226,0.0,train
4203,26375,JVASP-77184,GaCoRh2,4,12,monoclinic,-0.16088,0.0,train
4204,1345,JVASP-86106,MoCl3,16,15,monoclinic,-0.92454,0.418,train
4205,91898,JVASP-191541,AlZnPd2,4,123,tetragonal,-0.70358,0.0,train
4206,62376,JVASP-144232,Mn3Zn2O8,13,12,monoclinic,-1.77645,0.656,train
4207,45090,JVASP-109803,NaInN,6,186,hexagonal,0.06532,0.0,train
4208,90504,JVASP-188937,AlV3,4,65,orthorhombic,-0.0927,0.0,train
4209,35964,JVASP-37437,YHoCd2,4,225,cubic,-0.36637,0.0,train
4210,5055,JVASP-3888,K2TiCl6,9,225,cubic,-1.88789,1.953,train
4211,8256,JVASP-69639,Mg4BeMo,6,216,cubic,0.7986,0.0,train
4212,8150,JVASP-86661,KNiAu3C6N6,17,149,trigonal,0.18734,1.338,train
4213,92031,JVASP-190683,Sc2InRu,4,123,tetragonal,-0.62344,0.0,train
4214,5338,JVASP-66633,BaVHg,3,216,cubic,1.0022,0.0,train
4215,76337,JVASP-160813,TlBiPb,3,216,cubic,0.06193,0.111,train
4216,11064,JVASP-72079,Mg2BePt,4,119,tetragonal,-0.38949,0.0,train
4217,1155,JVASP-91996,Nd2BC,8,12,monoclinic,-0.35019,0.0,train
4218,75315,JVASP-147300,Sb2HF13,16,2,triclinic,-1.82207,0.61,train
4219,36379,JVASP-861,Cr,1,229,cubic,-0.0,0.0,train
4220,35262,JVASP-39238,Hf2IrRu,4,225,cubic,-0.87499,0.0,train
4221,1505,JVASP-89908,HfAsRu,9,189,hexagonal,-0.72335,0.0,train
4222,30962,JVASP-36472,Sr3AsN,5,221,cubic,-1.04089,0.492,train
4223,76098,JVASP-161360,Ca2MgZn,4,225,cubic,-0.18773,0.0,train
4224,68211,JVASP-154455,Si3Tc5,16,140,tetragonal,-0.29138,0.0,train
4225,24668,JVASP-45396,Al2Ge2O7,22,15,monoclinic,-2.43367,3.588,train
4226,52135,JVASP-117380,Mn2CrAs3,24,6,monoclinic,-0.19084,0.0,train
4227,35027,JVASP-39116,Sc2GaAu,4,225,cubic,-0.72963,0.0,train
4228,1610,JVASP-43071,Li2Ti3SbO8,28,186,hexagonal,-2.70747,0.0,train
4229,57992,JVASP-129230,LaIr3,4,221,cubic,-0.26451,0.0,train
4230,8054,JVASP-86193,Sr2LiCoN2,12,136,tetragonal,-0.69147,0.269,train
4231,90467,JVASP-189928,MgTi2C,4,160,trigonal,-0.49289,0.0,train
4232,41659,JVASP-17786,YMn2Ge2,5,139,tetragonal,-0.46084,0.0,train
4233,21321,JVASP-51238,BaYSc,3,216,cubic,0.79712,0.0,train
4234,33626,JVASP-25133,Mg,1,229,cubic,0.03228,0.0,train
4235,61156,JVASP-135486,ZnSN,3,187,hexagonal,1.34959,0.0,train
4236,49426,JVASP-114613,BeCoSi,3,187,hexagonal,0.03715,0.0,train
4237,69450,JVASP-149582,Ba2PbO4,7,139,tetragonal,-2.20379,1.246,train
4238,11854,JVASP-75003,KBe2Pt,4,119,tetragonal,0.83211,0.0,train
4239,24883,JVASP-12962,Ca5P8,13,12,monoclinic,-1.02314,1.389,train
4240,53878,JVASP-120473,Nd4MgPt,24,216,cubic,-0.49591,0.0,train
4241,77808,JVASP-168439,Lu5Ga3,16,193,hexagonal,-0.50419,0.0,train
4242,60181,JVASP-140902,SrNb2CuO6F,11,119,tetragonal,-2.68171,0.166,train
4243,59221,JVASP-144122,MgUPb2O6,20,14,monoclinic,-2.48424,1.216,train
4244,57343,JVASP-126288,DyNi3,4,221,cubic,-0.30602,0.0,train
4245,25401,JVASP-10354,Cr2O5,14,63,orthorhombic,-1.82236,0.436,train
4246,58684,JVASP-124713,Sb5Xe,6,164,trigonal,0.19434,0.0,train
4247,70546,JVASP-151623,Ba2ZnSb2,10,72,orthorhombic,-0.95517,0.325,train
4248,70805,JVASP-153008,V2FeO4,14,227,cubic,-1.91494,0.0,train
4249,36626,JVASP-16621,TbSn3,4,221,cubic,-0.43764,0.0,train
4250,10060,JVASP-1351,YbS,2,225,cubic,-2.45728,2.207,train
4251,11675,JVASP-29262,Bi2SeO5,32,39,orthorhombic,-1.25067,2.911,train
4252,56985,JVASP-128753,Ti2Ir,3,191,hexagonal,-0.40555,0.0,train
4253,89964,JVASP-189661,ZrTaC2,4,123,tetragonal,-0.82529,0.0,train
4254,40822,JVASP-14543,PW,8,62,orthorhombic,-0.33605,0.0,train
4255,62541,JVASP-140961,SmNiO3,20,62,orthorhombic,-2.39214,0.0,train
4256,75520,JVASP-157463,YbPm2In,4,225,cubic,-0.2672,0.0,train
4257,86212,JVASP-169820,Tm3Pt,16,62,orthorhombic,-0.77956,0.0,train
4258,52598,JVASP-119307,DyMoClO4,14,12,monoclinic,-2.69748,2.553,train
4259,55956,JVASP-122226,Ba6Y2Ru3PtO18,30,156,trigonal,-2.43621,0.0,train
4260,34915,JVASP-39192,NdTm3,4,221,cubic,0.02366,0.0,train
4261,44333,JVASP-20931,Ca2B2O5,36,14,monoclinic,-3.06121,5.111,train
4262,26193,JVASP-34660,SiO2,12,1,triclinic,-2.80524,5.503,train
4263,80286,JVASP-180153,LiTe2Pd,4,164,trigonal,-0.5466,0.0,train
4264,80148,JVASP-185434,V2B,3,139,tetragonal,-0.14592,0.0,train
4265,9134,JVASP-87902,YNiO3,20,62,orthorhombic,-2.43813,0.0,train
4266,10407,JVASP-85544,Pr3Ga10Ni,14,47,orthorhombic,-0.5577,0.0,train
4267,30713,JVASP-35082,Sr2H3I,6,164,trigonal,-0.97488,2.346,train
4268,8026,JVASP-91648,BC7,8,25,orthorhombic,0.18562,0.0,train
4269,48301,JVASP-110497,YbRu3C,5,221,cubic,-0.05815,0.0,train
4270,79417,JVASP-173036,LiCa2CuN2,12,136,tetragonal,-0.82341,1.123,train
4271,26223,JVASP-56598,Mn2OsC6N6,15,162,trigonal,0.10448,1.626,train
4272,55704,JVASP-123921,MgF,2,187,hexagonal,-2.00865,0.0,train
4273,62537,JVASP-141444,La2CuTe4,14,4,monoclinic,-1.25062,0.0,train
4274,50255,JVASP-115154,LiYIr,3,99,tetragonal,0.58005,0.0,train
4275,63238,JVASP-137675,SmYFe17,19,160,trigonal,0.00181,0.0,train
4276,87463,JVASP-180719,LiTcO2,4,12,monoclinic,-1.77477,0.0,train
4277,11913,JVASP-95696,Ba5Er2ZrAl2O13,46,194,hexagonal,-3.38113,2.372,train
4278,86278,JVASP-168703,Zr4Rh2N,28,227,cubic,-1.10249,0.0,train
4279,66541,JVASP-138307,AgH2,3,47,orthorhombic,0.2833,0.0,train
4280,40181,JVASP-9382,K3Zn2F7,12,139,tetragonal,-2.77045,4.481,train
4281,4594,JVASP-66143,Ba4FeRh,6,216,cubic,1.31451,0.0,train
4282,70730,JVASP-153809,Er3Ni,16,62,orthorhombic,-0.3112,0.0,train
4283,45996,JVASP-26910,NClO,12,62,orthorhombic,0.01704,1.765,train
4284,16564,JVASP-99837,Pr2Mg,6,63,orthorhombic,-0.05861,0.0,train
4285,46849,JVASP-59148,In5S5Cl,22,11,monoclinic,-0.67596,1.162,train
4286,34472,JVASP-39836,LiZn2Rh,4,225,cubic,-0.43087,0.0,train
4287,21734,JVASP-104131,H4C6S2O,13,1,triclinic,-0.00835,1.935,train
4288,35334,JVASP-21470,Dy3Ni2,10,12,monoclinic,-0.43118,0.0,train
4289,77464,JVASP-113843,Ba2PbO4,7,139,tetragonal,-2.18281,1.311,train
4290,89007,JVASP-163357,LiSbP2O7,22,4,monoclinic,-2.14933,3.896,train
4291,19276,JVASP-105270,YbPdO3,5,221,cubic,-1.53352,0.0,train
4292,59464,JVASP-144895,LiMnPO4,28,7,monoclinic,-2.18063,2.224,train
4293,9714,JVASP-71433,HfBe2Mo,4,99,tetragonal,0.31933,0.0,train
4294,71607,JVASP-151012,SbTeIr,12,198,cubic,-0.39178,0.733,train
4295,82884,JVASP-185551,Ta3Cl2,5,123,tetragonal,-0.29688,0.0,train
4296,49299,JVASP-116300,Li2Se,3,191,hexagonal,-1.06457,2.239,train
4297,8338,JVASP-3348,BaAgTeF,8,129,tetragonal,-2.06644,1.641,train
4298,74184,JVASP-147043,Tb2FeSbO7,22,74,orthorhombic,-2.58183,0.0,train
4299,6560,JVASP-63178,Co2As,9,189,hexagonal,-0.08065,0.0,train
4300,45750,JVASP-17396,DyS2,6,227,cubic,-0.19889,0.0,train
4301,60864,JVASP-142169,Li4NbCrTe2O12,20,1,triclinic,-1.92673,0.149,train
4302,26399,JVASP-8348,ZnWF6,8,148,trigonal,-2.48348,0.0,train
4303,1893,JVASP-64856,Ba4ScSb,6,216,cubic,0.32071,0.0,train
4304,31266,JVASP-35847,CoAs2,6,58,orthorhombic,-0.28519,0.0,train
4305,1370,JVASP-48941,LiVF3,20,62,orthorhombic,-2.80151,1.224,train
4306,7681,JVASP-21207,Rb,1,229,cubic,0.00071,0.0,train
4307,34109,JVASP-25316,S,1,225,cubic,1.12513,0.0,train
4308,90885,JVASP-191410,InHPd3,5,221,cubic,-0.40213,0.0,train
4309,23545,JVASP-51262,BaHfMo,3,216,cubic,1.10947,0.0,train
4310,59345,JVASP-141095,YbWO5,28,14,monoclinic,-2.10957,0.0,train
4311,34203,JVASP-29006,Te2MoW3Se4S2,12,156,trigonal,-0.47366,0.441,train
4312,38891,JVASP-47086,LiVF3,10,194,hexagonal,-2.68191,0.525,train
4313,55208,JVASP-123554,BP3,4,8,monoclinic,0.19712,0.0,train
4314,22816,JVASP-18729,TmIr2,6,227,cubic,-0.88339,0.0,train
4315,17941,JVASP-103341,KSrI3,10,63,orthorhombic,-1.71226,3.772,train
4316,39373,JVASP-55701,CaH12Cl2O6,21,150,trigonal,-1.22859,5.056,train
4317,39799,JVASP-14772,TiS,4,194,hexagonal,-1.31839,0.0,train
4318,61748,JVASP-138430,BF2,3,25,orthorhombic,-1.67072,0.0,train
4319,57074,JVASP-127318,Au3Xe,4,221,cubic,1.04098,0.0,train
4320,75878,JVASP-156388,PaSnPd,3,216,cubic,-0.52588,0.0,train
4321,90215,JVASP-187213,HfTaNb2,4,123,tetragonal,0.0564,0.0,train
4322,58490,JVASP-124628,AcSb5,6,164,trigonal,-0.2433,0.0,train
4323,77144,JVASP-137427,LiCo2O4,14,227,cubic,-1.49101,0.0,train
4324,71136,JVASP-148639,Ne,1,225,cubic,-0.00859,12.137,train
4325,79250,JVASP-163401,NaGaBr4,24,62,orthorhombic,-1.14993,3.175,train
4326,89965,JVASP-193104,CaRh3C,5,221,cubic,-0.30825,0.0,train
4327,48751,JVASP-115920,RbPdCl,3,38,orthorhombic,-0.55179,0.361,train
4328,89864,JVASP-189653,ZnCo2Os,4,123,tetragonal,-0.00628,0.0,train
4329,31447,JVASP-35090,SrZnSn,6,194,hexagonal,-0.59661,0.0,train
4330,53981,JVASP-111977,Na2FeO3,12,12,monoclinic,-1.65224,0.0,train
4331,41799,JVASP-10597,CaNi2O4,14,160,trigonal,-1.50089,0.077,train
4332,29420,JVASP-82022,GaFeRu2,4,225,cubic,0.05937,0.0,train
4333,51615,JVASP-113720,SrSbO3,5,221,cubic,-2.15387,0.0,train
4334,90310,JVASP-191879,LiY3S4,8,221,cubic,-2.15103,0.0,train
4335,44115,JVASP-109374,Pr2UP3,6,71,orthorhombic,-1.42043,0.0,train
4336,53963,JVASP-111943,Li2FeF4,14,63,orthorhombic,-2.62629,0.0,train
4337,42543,JVASP-855,Cl,4,64,orthorhombic,1e-05,2.325,train
4338,18863,JVASP-104841,CdHg3,4,225,cubic,0.18224,0.0,train
4339,74329,JVASP-147246,Li5Mn3O8,16,12,monoclinic,-2.16022,0.0,train
4340,2973,JVASP-97717,Os2O3F7,48,14,monoclinic,-1.55022,0.62,train
4341,51005,JVASP-113215,Li4Cr3NiO8,16,2,triclinic,-2.08699,0.0,train
4342,60690,JVASP-144190,Er5Sn18Rh6,29,216,cubic,-0.52759,0.0,train
4343,83776,JVASP-179209,HfBiRh2,4,225,cubic,-0.407,0.0,train
4344,86287,JVASP-163884,LaAuO2,8,194,hexagonal,-2.39762,2.87,train
4345,5336,JVASP-66556,Ba2GeP,4,225,cubic,-0.56264,0.0,train
4346,51722,JVASP-113770,LuBiPd,3,216,cubic,-0.89505,0.0,train
4347,21787,JVASP-107037,PrUS2,4,166,trigonal,-1.81343,0.0,train
4348,42958,JVASP-107805,K2NaPrCl6,10,225,cubic,-2.12779,4.638,train
4349,76321,JVASP-160932,NaSbAu,3,216,cubic,-0.33712,0.0,train
4350,19734,JVASP-15054,SrAl4,5,139,tetragonal,-0.32509,0.0,train
4351,21512,JVASP-22628,FeF3,16,227,cubic,-1.95572,0.0,train
4352,14363,JVASP-108157,BaLaMn2O6,10,225,cubic,-2.66299,0.0,train
4353,51203,JVASP-107300,Nd4Cu3Ni,8,6,monoclinic,-0.29654,0.0,train
4354,69172,JVASP-146735,MnSb3P4O16,24,6,monoclinic,-1.95194,0.131,train
4355,90100,JVASP-189049,NbCr4Os,6,216,cubic,-0.0024,0.0,train
4356,87490,JVASP-170479,Nd2In3Cu,6,156,trigonal,-0.46325,0.0,train
4357,92462,JVASP-187151,HfV4W,6,216,cubic,0.04875,0.0,train
4358,21061,JVASP-107305,Nb2CuS4,7,156,trigonal,-1.01438,0.0,train
4359,90714,JVASP-191060,Zr2SbAs,4,160,trigonal,-0.96469,0.0,train
4360,29714,JVASP-50452,Rb2MgO2,10,72,orthorhombic,-1.90416,2.835,train
4361,45764,JVASP-55401,Mn3B2O6,22,58,orthorhombic,-1.93489,0.876,train
4362,27620,JVASP-79050,NpAs3,4,139,tetragonal,-0.41191,0.0,train
4363,73612,JVASP-151491,Ba2ZnBi2,10,72,orthorhombic,-0.82929,0.099,train
4364,25752,JVASP-22663,FeP4,20,15,monoclinic,-0.38776,0.681,train
4365,56049,JVASP-122295,CrBiO3,20,15,monoclinic,-1.73909,0.433,train
4366,10750,JVASP-70834,Ca4BeIr,6,216,cubic,0.83779,0.0,train
4367,13249,JVASP-92292,Li2CaN2,5,164,trigonal,-0.3606,0.0,train
4368,14999,JVASP-93903,YbBiAu,6,186,hexagonal,-0.77043,0.0,train
4369,15933,JVASP-103512,Ca2ZnGa3,6,8,monoclinic,-0.5375,0.0,train
4370,73401,JVASP-152863,LaAl4,5,139,tetragonal,-0.42902,0.0,train
4371,72724,JVASP-151695,Dy2Pd2Pb,10,127,tetragonal,-0.8829,0.0,train
4372,47213,JVASP-20860,Li10Zn4O9,46,137,tetragonal,-1.91332,2.591,train
4373,43170,JVASP-109971,HoScZn2,4,225,cubic,-0.39481,0.0,train
4374,28027,JVASP-50589,Mg3As2O8,26,14,monoclinic,-2.16468,3.897,train
4375,53874,JVASP-111831,BaBe2P2O8,13,164,trigonal,-2.85291,5.027,train
4376,48260,JVASP-110844,PrSmIr2,4,225,cubic,-0.70287,0.0,train
4377,49412,JVASP-114605,CaBeSn,3,187,hexagonal,0.38462,0.0,train
4378,93762,JVASP-188471,Sc2ZnOs,4,123,tetragonal,-0.55272,0.0,train
4379,53933,JVASP-120499,Sr4PrMn5O15,25,12,monoclinic,-2.58576,0.0,train
4380,68732,JVASP-150447,CrAsRh,9,189,hexagonal,-0.16386,0.0,train
4381,19374,JVASP-100990,La3Zr,8,194,hexagonal,0.08141,0.0,train
4382,92106,JVASP-189722,AlW,4,129,tetragonal,0.16781,0.0,train
4383,55380,JVASP-121130,IF2,3,47,orthorhombic,-0.70614,0.0,train
4384,24782,JVASP-8561,AgI,4,186,hexagonal,-0.20206,1.284,train
4385,31360,JVASP-40937,Pm2MgSi,4,225,cubic,-0.29027,0.0,train
4386,19178,JVASP-15764,Pr3TlC,5,221,cubic,1.58747,0.0,train
4387,9681,JVASP-86355,LaCo5,6,191,hexagonal,-0.04324,0.0,train
4388,37027,JVASP-30397,AgGeO3,10,51,orthorhombic,-1.01435,0.0,train
4389,79982,JVASP-176025,NaCO3,20,14,monoclinic,-1.45142,0.66,train
4390,24334,JVASP-55521,Si3Ru2,20,116,tetragonal,-0.48938,0.349,train
4391,1701,JVASP-88380,NaZrCuS3,12,63,orthorhombic,-1.32338,0.637,train
4392,26611,JVASP-34270,PbCClO2,10,12,monoclinic,-1.27453,2.91,train
4393,45072,JVASP-109263,Ag3S,8,194,hexagonal,0.05289,0.0,train
4394,48776,JVASP-114291,SrGeH,3,99,tetragonal,0.37884,0.0,train
4395,70454,JVASP-143237,Li8Co5O10,23,2,triclinic,-1.62276,0.0,train
4396,7755,JVASP-75546,Tc2AsIr,4,216,cubic,0.37896,0.0,train
4397,21506,JVASP-12160,Al2Si4O11,17,2,triclinic,-2.9783,4.289,train
4398,83341,JVASP-176837,Ba4NaSb3O12,20,229,cubic,-2.34345,1.54,train
4399,36018,JVASP-39292,Hg3Au,8,194,hexagonal,0.31804,0.0,train
4400,55587,JVASP-122961,VOs,2,221,cubic,-0.25633,0.0,train
4401,71362,JVASP-157218,YbPr2Al,4,225,cubic,-0.19157,0.0,train
4402,66214,JVASP-139388,LiP2,3,2,triclinic,-0.33799,0.0,train
4403,59031,JVASP-128301,TaV,2,221,cubic,0.01116,0.0,train
4404,36163,JVASP-19667,ZrTe,4,194,hexagonal,-0.64471,0.0,train
4405,66260,JVASP-139393,LiP3,4,1,triclinic,-0.13937,0.0,train
4406,12402,JVASP-14664,Ru,2,194,hexagonal,0.0,0.0,train
4407,20276,JVASP-106562,MgPd3,4,139,tetragonal,-0.50721,0.0,train
4408,71590,JVASP-154601,BiPPbO5,16,2,triclinic,-1.90768,3.367,train
4409,47704,JVASP-12544,KBrF4,12,140,tetragonal,-1.76102,3.138,train
4410,11976,JVASP-108068,Tb2In3Sn3,8,47,orthorhombic,-0.45579,0.0,train
4411,93659,JVASP-190136,Nb2ZnIn,4,123,tetragonal,-0.02622,0.0,train
4412,51751,JVASP-117209,Li5Co4NiO10,20,12,monoclinic,-1.65615,0.089,train
4413,73761,JVASP-152278,NbFeO4,12,12,monoclinic,-2.10849,0.0,train
4414,72968,JVASP-149100,ScZnPd,6,63,orthorhombic,-0.74655,0.0,train
4415,45970,JVASP-16669,UCuGe,3,187,hexagonal,-0.09656,0.0,train
4416,56144,JVASP-122390,Fe10O9F11,30,1,triclinic,-1.81392,0.0,train
4417,90180,JVASP-188185,La2Y,3,164,trigonal,-0.03491,0.0,train
4418,1254,JVASP-64828,Ba4SrCo,6,216,cubic,0.79485,0.0,train
4419,38581,JVASP-28616,Mo3WSe4S4,12,156,trigonal,-0.76727,0.667,train
4420,79536,JVASP-183574,Y2Si2Au,5,71,orthorhombic,-0.7683,0.0,train
4421,28609,JVASP-12977,PdPb2Br6,18,14,monoclinic,-0.74389,1.138,train
4422,8838,JVASP-15311,SmCo2B2,5,139,tetragonal,-0.55192,0.0,train
4423,25722,JVASP-21346,MgMnSi2O6,20,15,monoclinic,-2.64084,2.047,train
4424,1476,JVASP-64408,Ba4TiHg,6,216,cubic,0.81414,0.0,train
4425,88871,JVASP-178648,Ba2NaPd,4,225,cubic,-0.246,0.0,train
4426,43662,JVASP-110032,Sc2ZnIn,4,225,cubic,-0.43134,0.0,train
4427,37655,JVASP-29717,Bi3Rh,16,62,orthorhombic,-0.12023,0.0,train
4428,8874,JVASP-67811,ZrBe2Pd,4,123,tetragonal,-0.05278,0.0,train
4429,33481,JVASP-21127,KRb2TiF6,10,225,cubic,-3.23041,0.0,train
4430,73183,JVASP-153618,CaB2H,16,62,orthorhombic,0.27212,0.0,train
4431,49381,JVASP-116353,NaH3,4,1,triclinic,-0.07539,3.67,train
4432,4963,JVASP-69021,BaBe2Br,4,123,tetragonal,0.36416,0.0,train
4433,24498,JVASP-8128,BaSe3,8,113,tetragonal,-1.1264,0.996,train
4434,46465,JVASP-54523,ThIn2Br6,18,15,monoclinic,-1.35809,2.828,train
4435,15542,JVASP-92727,Y2BiO2,5,139,tetragonal,-2.89289,0.0,train
4436,16202,JVASP-100605,La2TlAg,4,225,cubic,-0.37671,0.0,train
4437,13645,JVASP-74744,LiBe2Ru,4,119,tetragonal,-0.07376,0.0,train
4438,25398,JVASP-48165,Li3MnF6,10,12,monoclinic,-2.81351,0.33,train
4439,8238,JVASP-86824,SbI3,16,14,monoclinic,-0.3086,2.003,train
4440,73268,JVASP-149930,LaMnSi2,8,63,orthorhombic,-0.5836,0.0,train
4441,73061,JVASP-149457,LaFeSi,6,129,tetragonal,-0.60817,0.0,train
4442,45056,JVASP-110148,Ti3CoS6,10,148,trigonal,-1.32998,0.0,train
4443,32049,JVASP-41250,Mn2NbAl,4,225,cubic,-0.23653,0.0,train
4444,71297,JVASP-157041,Yb2LiRu,4,225,cubic,-0.04366,0.0,train
4445,49478,JVASP-114637,BeReMo,3,6,monoclinic,4.02942,0.0,train
4446,92115,JVASP-194022,Ca2N,3,166,trigonal,-0.95697,0.0,train
4447,19226,JVASP-105587,LiNi3OF5,10,1,triclinic,-1.77175,0.184,train
4448,13248,JVASP-94732,CaMg6V,8,123,tetragonal,0.13265,0.0,train
4449,49351,JVASP-116329,MgVO,3,99,tetragonal,-0.60681,0.0,train
4450,59163,JVASP-125442,SrH3,4,8,monoclinic,-0.16298,0.0,train
4451,92453,JVASP-190101,NbOsRh2,4,123,tetragonal,-0.36508,0.0,train
4452,75764,JVASP-157333,Mg2InBi,4,225,cubic,-0.07564,0.0,train
4453,30104,JVASP-54893,HfCoSb,3,216,cubic,0.25717,0.0,train
4454,61311,JVASP-144203,NbCr3Cu2S8,28,53,orthorhombic,-0.77085,0.0,train
4455,89925,JVASP-190622,Li2In,3,139,tetragonal,-0.33584,0.0,train
4456,86575,JVASP-183411,Sb2Te2O,5,166,trigonal,-0.34559,0.213,train
4457,84827,JVASP-185174,Sc3Br,4,44,orthorhombic,-0.35832,0.0,train
4458,79767,JVASP-166162,Ce2Zn5Sn,16,63,orthorhombic,-0.43207,0.0,train
4459,76179,JVASP-161076,NbAlNi,3,216,cubic,-0.39416,0.0,train
4460,43253,JVASP-55264,Nb2Zn3O8,26,15,monoclinic,-2.19975,3.007,train
4461,1740,JVASP-88176,Sr2LiCBr3N2,36,227,cubic,-1.59675,4.255,train
4462,72508,JVASP-157085,Yb2CuSn,4,225,cubic,-0.54785,0.0,train
4463,6827,JVASP-62568,BN,4,194,hexagonal,-1.37181,3.652,train
4464,85382,JVASP-184217,ScZnIr,3,187,hexagonal,-0.38622,0.0,train
4465,16270,JVASP-2667,Al2ZnTe4,7,82,tetragonal,-0.50712,1.699,train
4466,56195,JVASP-128317,Yb3Bi,4,221,cubic,-0.54145,0.0,train
4467,91363,JVASP-194324,Ta4Cr3,7,191,hexagonal,-0.049,0.0,train
4468,15275,JVASP-92633,CaFe2As2,5,139,tetragonal,-0.57074,0.0,train
4469,68697,JVASP-154712,YGe2Ir,16,71,orthorhombic,-0.84226,0.0,train
4470,45156,JVASP-110183,NiRu,2,187,hexagonal,0.13788,0.0,train
4471,54966,JVASP-122486,Cu3PSe2S2,16,31,orthorhombic,-0.21783,0.289,train
4472,59547,JVASP-141567,VOF3,20,29,orthorhombic,-2.69378,2.797,train
4473,17727,JVASP-18427,CoH2O2,5,164,trigonal,-0.83736,0.0,train
4474,34257,JVASP-39675,TiSiRu2,4,225,cubic,-0.8175,0.057,train
4475,40541,JVASP-55306,Ni3B2O6,22,58,orthorhombic,-1.53792,0.18,train
4476,78586,JVASP-179029,SrNiAs,3,216,cubic,-0.4384,0.0,train
4477,5951,JVASP-89934,TaMnGe,9,189,hexagonal,-0.2269,0.0,train
4478,12930,JVASP-93444,MnNiGe,6,194,hexagonal,0.13885,0.0,train
4479,8637,JVASP-88107,SiO2,36,181,hexagonal,-2.60857,3.668,train
4480,2776,JVASP-64944,BeVCl4,6,216,cubic,0.91429,0.0,train
4481,28545,JVASP-85213,Nb2Te3,10,12,monoclinic,-0.42215,0.0,train
4482,66842,JVASP-139692,MgZnAs,3,99,tetragonal,0.15925,0.0,train
4483,10058,JVASP-71934,ZrBeCr2,4,123,tetragonal,0.27872,0.0,train
4484,10045,JVASP-92942,Mg6GaBi,8,38,orthorhombic,-0.05037,0.0,train
4485,47091,JVASP-29657,FeCl2,3,164,trigonal,-0.51957,0.613,train
4486,38981,JVASP-46172,Sr2Li2NiO4,18,2,triclinic,-2.11701,0.103,train
4487,71311,JVASP-154594,Yb5CdCu2,16,140,tetragonal,-0.37749,0.0,train
4488,75794,JVASP-155750,YZn2In2,5,139,tetragonal,-0.28922,0.0,train
4489,11739,JVASP-1378,ScB2,3,191,hexagonal,-0.88426,0.0,train
4490,7122,JVASP-66930,MnBePb,3,156,trigonal,0.9522,0.0,train
4491,80142,JVASP-183241,La3Sn2,5,123,tetragonal,-0.26133,0.0,train
4492,68792,JVASP-151571,SrGeAu3,10,129,tetragonal,-0.57322,0.0,train
4493,21697,JVASP-106643,ErMgAu,9,189,hexagonal,-0.74799,0.0,train
4494,4151,JVASP-66418,Ba4SnMo,6,216,cubic,0.86139,0.0,train
4495,5240,JVASP-61086,CaSiBHO5,36,14,monoclinic,-2.70338,5.627,train
4496,43040,JVASP-57390,Li2NiO3,12,12,monoclinic,-1.65832,1.023,train
4497,78938,JVASP-177898,Ag3AuS2,24,214,cubic,-0.07859,0.158,train
4498,79326,JVASP-183567,NaSrAu,3,187,hexagonal,-0.47277,0.0,train
4499,89645,JVASP-190764,Ti3NbAl2,6,164,trigonal,-0.32882,0.0,train
4500,84681,JVASP-176871,Li2MnNi2O6,11,5,monoclinic,-1.57237,0.242,train
4501,84540,JVASP-169305,Pb4SeBr6,11,8,monoclinic,-0.89062,2.034,train
4502,82347,JVASP-167892,P3HPb5O13,44,173,hexagonal,-1.93255,3.642,train
4503,73873,JVASP-148879,In2Ag,6,140,tetragonal,-0.02998,0.0,train
4504,89750,JVASP-187954,ZrRuPt2,4,123,tetragonal,-0.81689,0.0,train
4505,35371,JVASP-37215,Si2TcOs,4,225,cubic,-0.27242,0.0,train
4506,3483,JVASP-88744,LiCu2O2,20,62,orthorhombic,-1.09254,0.0,train
4507,83815,JVASP-164519,Rb3AgSn3Se8,30,125,tetragonal,-0.71104,1.025,train
4508,17819,JVASP-102064,K2NaBiF6,10,225,cubic,-2.77738,4.99,train
4509,56658,JVASP-125749,Pm3Ag,4,164,trigonal,-0.0325,0.0,train
4510,37647,JVASP-40555,AcAu3,8,194,hexagonal,-0.76626,0.0,train
4511,1136,JVASP-64697,Ba4SrW,6,216,cubic,1.15122,0.0,train
4512,84331,JVASP-163523,CePO4,24,14,monoclinic,-3.1062,0.0,train
4513,12215,JVASP-15354,HoInPd,9,189,hexagonal,-0.83072,0.0,train
4514,79485,JVASP-184940,RbVS2,4,99,tetragonal,-0.69641,0.0,train
4515,368,JVASP-18822,Zn2AgAu,4,225,cubic,-0.14316,0.0,train
4516,59983,JVASP-140201,BH6N,16,36,orthorhombic,-0.26688,6.085,train
4517,47968,JVASP-110708,KNa2SbF6,10,225,cubic,-2.49767,2.703,train
4518,39569,JVASP-18350,FeBr3,8,148,trigonal,-0.38671,0.0,train
4519,28181,JVASP-29871,MnRe2O8,11,164,trigonal,-1.59912,0.0,train
4520,25813,JVASP-10035,CaSn2O4,14,74,orthorhombic,-2.09172,1.546,train
4521,56929,JVASP-121632,Cd2MoWO8,12,82,tetragonal,-1.93659,2.586,train
4522,13610,JVASP-21530,Li2SiO3,12,36,orthorhombic,-2.71253,5.507,train
4523,70070,JVASP-150965,LaGe4Rh6,11,187,hexagonal,-0.74038,0.0,train
4524,29702,JVASP-35984,IrC,2,187,hexagonal,1.22284,0.0,train
4525,66515,JVASP-136685,GaO,2,216,cubic,-1.17218,0.0,train
4526,31437,JVASP-23361,SrSnPt,12,62,orthorhombic,-0.92428,0.0,train
4527,67497,JVASP-139716,TaAsO,3,6,monoclinic,2.84877,0.0,train
4528,53496,JVASP-119187,GaSb3Pb4O13,21,160,trigonal,-1.56482,1.206,train
4529,43521,JVASP-110237,K2Zn3SiAs4,10,21,orthorhombic,-0.36413,0.114,train
4530,55784,JVASP-123984,YMg,2,187,hexagonal,0.0475,0.0,train
4531,47841,JVASP-60091,Ca3Si3Ag2O12,80,230,cubic,-2.36175,0.0,train
4532,42119,JVASP-252,PbO,4,129,tetragonal,-1.23145,1.472,train
4533,82109,JVASP-185077,YSiRu2,4,99,tetragonal,-0.15798,0.0,train
4534,79980,JVASP-171514,Tb2LiRuO6,20,14,monoclinic,-2.69709,0.22,train
4535,59930,JVASP-133817,TlB2S2,5,139,tetragonal,0.53097,0.0,train
4536,83690,JVASP-171089,KV2FeAg2O8,14,147,trigonal,-1.7892,0.03,train
4537,53028,JVASP-119041,Ca8In3,22,2,triclinic,-0.40324,0.0,train
4538,17607,JVASP-102060,K3ScCl6,10,225,cubic,-2.10227,3.999,train
4539,49421,JVASP-114609,BeCdSe,3,99,tetragonal,0.3787,0.0,train
4540,66755,JVASP-130158,AcEr3,4,164,trigonal,0.05538,0.0,train
4541,83021,JVASP-168932,Sr3Fe2MoO9,30,12,monoclinic,-2.48388,0.0,train
4542,36072,JVASP-40268,SmCd3,4,225,cubic,-0.32485,0.0,train
4543,25161,JVASP-11008,Tm3FeSi3,14,12,monoclinic,-0.73644,0.0,train
4544,36731,JVASP-58433,Al2SiO5,16,15,monoclinic,-3.09358,6.109,train
4545,22762,JVASP-107332,K2NbO3F,7,107,tetragonal,-2.753,1.631,train
4546,42656,JVASP-16588,NbRu3,4,221,cubic,-0.12214,0.0,train
4547,53974,JVASP-111973,Li2VCrO4,16,74,orthorhombic,-2.31319,0.0,train
4548,15862,JVASP-99916,U2CuSi3,6,25,orthorhombic,-0.1989,0.0,train
4549,44363,JVASP-108594,Rb2HgAsBr6,10,225,cubic,-0.97717,0.0,train
4550,68124,JVASP-137243,Cr3C,16,62,orthorhombic,-0.10212,0.0,train
4551,67056,JVASP-136437,ScAgSe,3,6,monoclinic,1.39089,0.0,train
4552,66058,JVASP-135876,BaSO,3,187,hexagonal,-0.60556,0.0,train
4553,28928,JVASP-36274,CrTe,2,216,cubic,0.20145,0.0,train
4554,75946,JVASP-156001,TmAl2Au2,5,139,tetragonal,-0.7143,0.0,train
4555,86485,JVASP-183069,Ti3GaN,5,221,cubic,-1.03414,0.0,train
4556,29676,JVASP-57252,BaCrF5,28,19,orthorhombic,-3.39812,1.728,train
4557,34137,JVASP-39734,YbHfIr2,4,225,cubic,-0.87143,0.0,train
4558,69915,JVASP-150481,MnFeAs,9,189,hexagonal,-0.12877,0.0,train
4559,53221,JVASP-119098,HoMoO5,28,14,monoclinic,-2.66019,2.388,train
4560,70075,JVASP-157010,Sm2LuSc,4,225,cubic,0.08477,0.0,train
4561,42281,JVASP-13167,CoPO4,12,63,orthorhombic,-1.6718,0.0,train
4562,81906,JVASP-185073,Ti2SiRu,4,216,cubic,-0.52283,0.0,train
4563,17994,JVASP-102446,ZrSiRu2,4,225,cubic,-0.69041,0.184,train
4564,2105,JVASP-42450,LiV2O3F3,9,1,triclinic,-2.73278,0.0,train
4565,82428,JVASP-171665,LaUN2,4,166,trigonal,-1.56904,0.0,train
4566,70751,JVASP-146590,Li3Mn4CoO8,16,12,monoclinic,-1.77129,0.0,train
4567,39909,JVASP-9586,ScPO4,12,141,tetragonal,-3.06979,4.587,train
4568,70936,JVASP-146956,SmAlAu,12,62,orthorhombic,-0.82192,0.0,train
4569,22285,JVASP-107323,LaCeSi4Pd4,10,123,tetragonal,-0.88071,0.0,train
4570,71183,JVASP-153225,Li9Al4,13,12,monoclinic,-0.24519,0.0,train
4571,78637,JVASP-170259,UFeSi2,8,63,orthorhombic,-0.42181,0.0,train
4572,74678,JVASP-152311,DyGa4Ni,12,63,orthorhombic,-0.54075,0.0,train
4573,1902,JVASP-64580,Ba4ZnCu,6,216,cubic,0.64059,0.0,train
4574,9487,JVASP-70814,BeNiSe2,4,99,tetragonal,-0.14659,0.0,train
4575,52809,JVASP-118135,YAgO,3,187,hexagonal,-0.47223,0.0,train
4576,44815,JVASP-54954,NdCo2As2,5,139,tetragonal,-0.70431,0.0,train
4577,7281,JVASP-1276,SrS,2,225,cubic,-2.36365,2.54,train
4578,75941,JVASP-156092,PrHg2Au2,5,139,tetragonal,-0.30736,0.0,train
4579,22545,JVASP-51583,FeNi2O4,14,227,cubic,-1.14778,0.0,train
4580,37212,JVASP-36718,Na2ZrO3,24,15,monoclinic,-2.80217,4.618,train
4581,28101,JVASP-10700,RbSbS2,16,2,triclinic,-0.83375,1.949,train
4582,73257,JVASP-145147,Li4MnCo2O7,28,1,triclinic,-1.89317,0.474,train
4583,8857,JVASP-67951,BeNiPd2,4,119,tetragonal,-0.1261,0.0,train
4584,12964,JVASP-92526,BaSn3Au,5,107,tetragonal,-0.54471,0.0,train
4585,63111,JVASP-134418,CaTe,2,123,tetragonal,-1.24913,1.101,train
4586,56834,JVASP-121599,YbNaTiNbO6F,22,74,orthorhombic,-2.96163,0.0,train
4587,90116,JVASP-193113,Ti2AsC,8,194,hexagonal,-0.94178,0.0,train
4588,90897,JVASP-187585,MgZrTi2H,5,123,tetragonal,-0.08137,0.0,train
4589,12227,JVASP-99072,BaMn4O8,13,87,tetragonal,-2.03566,0.0,train
4590,69761,JVASP-154061,Th5Sn3,16,193,hexagonal,-0.52661,0.0,train
4591,50037,JVASP-115030,NaGeO2,4,166,trigonal,-1.45499,0.0,train
4592,17532,JVASP-100352,SmDyNi2,4,38,orthorhombic,-0.48646,0.0,train
4593,79047,JVASP-176722,LaMn2Ge2,5,139,tetragonal,-0.46428,0.0,train
4594,39814,JVASP-18342,PrBi,2,225,cubic,-1.01011,0.0,train
4595,75025,JVASP-147273,Al4CdO7,24,15,monoclinic,-2.93782,3.065,train
4596,81966,JVASP-181282,YNi2B2,5,139,tetragonal,-0.47408,0.0,train
4597,83148,JVASP-180255,SiNiB,3,216,cubic,0.01306,0.0,train
4598,8792,JVASP-69876,NaLiBe2,4,123,tetragonal,0.52732,0.0,train
4599,77125,JVASP-159669,KHfNO,8,26,orthorhombic,-1.99739,2.132,train
4600,6280,JVASP-91588,SrTl2Pd,8,63,orthorhombic,-0.46234,0.0,train
4601,62824,JVASP-135537,NaP2,3,25,orthorhombic,-0.27896,0.0,train
4602,46199,JVASP-36044,SmB12,13,225,cubic,-0.25116,0.0,train
4603,12975,JVASP-44330,Li4FeO3F,18,36,orthorhombic,-2.09375,0.915,train
4604,63807,JVASP-137137,AsClO,3,187,hexagonal,0.35816,0.0,train
4605,39933,JVASP-11470,Mn2CdO4,14,141,tetragonal,-1.59974,0.208,train
4606,10364,JVASP-69697,BeSiP,3,156,trigonal,0.52647,0.0,train
4607,52503,JVASP-115807,CaSnN,3,25,orthorhombic,-0.14826,0.0,train
4608,50722,JVASP-115446,CaAuN,3,99,tetragonal,1.20623,0.0,train
4609,20735,JVASP-2259,YOF,6,166,trigonal,-4.14793,5.232,train
4610,66333,JVASP-140001,NaCa2Si3O9,30,2,triclinic,-2.88308,0.319,train
4611,66425,JVASP-134235,ZrBiO3,5,8,monoclinic,-2.28922,0.0,train
4612,86498,JVASP-169828,Er3Tl2Cu5S8,18,8,monoclinic,-1.13535,1.276,train
4613,70318,JVASP-154082,GaMo4S8,13,216,cubic,-0.87773,0.0,train
4614,34103,JVASP-35481,CoNi2Se4,7,12,monoclinic,-0.28408,0.0,train
4615,66230,JVASP-139997,YbB4,20,127,tetragonal,-0.5274,0.0,train
4616,64507,JVASP-134182,BiCl3,4,12,monoclinic,-0.97607,2.832,train
4617,63115,JVASP-135545,NaYS2,4,123,tetragonal,-1.91581,0.46,train
4618,17459,JVASP-18848,DySnAu,6,186,hexagonal,-0.83174,0.0,train
4619,88053,JVASP-173912,Ge2Bi2Te5,9,160,trigonal,-0.15426,0.409,train
4620,73755,JVASP-153079,ErAl3C3,14,194,hexagonal,-0.46829,0.104,train
4621,19883,JVASP-2097,GaF3,8,167,trigonal,-2.71457,5.03,train
4622,77465,JVASP-119880,MoH4O5,20,1,triclinic,-1.38821,2.193,train
4623,52553,JVASP-118869,AsI,2,99,tetragonal,1.1136,1.264,train
4624,33862,JVASP-39905,Al2IrRu,4,225,cubic,-0.87887,0.0,train
4625,57768,JVASP-126406,NePb3,4,221,cubic,0.19293,0.0,train
4626,23864,JVASP-56759,CeAl3,8,194,hexagonal,-0.42928,0.0,train
4627,76093,JVASP-161431,Li2HoAl,4,225,cubic,-0.19397,0.0,train
4628,883,JVASP-22560,K2PdO2,5,71,orthorhombic,-1.24162,1.464,train
4629,87289,JVASP-184310,NbNO2,4,99,tetragonal,-0.74591,0.0,train
4630,56898,JVASP-128669,MgN3,4,38,orthorhombic,0.16522,0.0,train
4631,76341,JVASP-161441,Li2CdBi,4,225,cubic,-0.39124,0.0,train
4632,51831,JVASP-114008,ZrBO4,6,65,orthorhombic,-2.27155,0.0,train
4633,44830,JVASP-109903,LiTi2BiO6,10,146,trigonal,-2.64525,2.65,train
4634,62479,JVASP-135525,NaPS,3,25,orthorhombic,-0.20445,0.0,train
4635,27567,JVASP-79310,CuHgO2,4,12,monoclinic,-0.42914,0.0,train
4636,3564,JVASP-85600,Al2O3,10,10,monoclinic,-2.58725,1.213,train
4637,47852,JVASP-54505,RuC4O4,18,12,monoclinic,-0.67479,2.169,train
4638,50216,JVASP-116735,MgFe10N8,19,12,monoclinic,-0.14941,0.0,train
4639,17595,JVASP-140,PdSe2,12,61,orthorhombic,-0.25848,0.0,train
4640,1796,JVASP-44101,Fe6O7F5,18,1,triclinic,-1.65561,0.0,train
4641,17486,JVASP-100704,AcCdAu2,4,225,cubic,-0.69502,0.0,train
4642,75819,JVASP-156377,PmSiPd,3,216,cubic,-0.5957,0.0,train
4643,76605,JVASP-157487,Pm2ZnAu,4,225,cubic,-0.59026,0.0,train
4644,76228,JVASP-161169,Ba2HgAs,4,225,cubic,-0.78863,0.0,train
4645,14482,JVASP-99993,DyYFe4,6,216,cubic,-0.13099,0.0,train
4646,38496,JVASP-30500,ScClO,6,129,tetragonal,-2.32055,2.669,train
4647,52882,JVASP-116532,PrZn3,16,62,orthorhombic,-0.38054,0.0,train
4648,17986,JVASP-103977,CdH12C8O4,25,1,triclinic,-0.41319,3.764,train
4649,1567,JVASP-91855,MnPtF6,8,148,trigonal,-1.86007,0.706,train
4650,15846,JVASP-14571,SmSn3,4,221,cubic,-0.48085,0.0,train
4651,10064,JVASP-93718,Ce5Mg,6,189,hexagonal,0.10592,0.0,train
4652,7402,JVASP-90801,LaCoC2,8,9,monoclinic,-0.37564,0.0,train
4653,1125,JVASP-64757,BaZr4Tl,6,216,cubic,0.41006,0.0,train
4654,16299,JVASP-15322,ScCo2Si2,5,139,tetragonal,-0.7514,0.0,train
4655,31768,JVASP-22866,Rb3TaS4,32,62,orthorhombic,-1.43178,2.823,train
4656,2819,JVASP-91534,CeFeSb2,8,129,tetragonal,-0.52883,0.0,train
4657,13894,JVASP-105862,TaAgO3,5,221,cubic,-2.16511,1.779,train
4658,2761,JVASP-97369,BaNb2O6,18,55,orthorhombic,-2.98175,2.48,train
4659,20219,JVASP-106792,La2MgZrO6,10,225,cubic,-3.45768,3.125,train
4660,67026,JVASP-135115,HgBr,2,139,tetragonal,-0.10671,0.0,train
4661,30808,JVASP-35538,LuAl2Ni,8,63,orthorhombic,-0.6817,0.0,train
4662,9987,JVASP-69982,SrYBe2,4,99,tetragonal,0.44078,0.0,train
4663,22930,JVASP-8275,Cu2S,6,141,tetragonal,-0.1116,0.0,train
4664,61689,JVASP-141629,Li3Fe8O3F13,27,8,monoclinic,-2.04127,0.0,train
4665,50961,JVASP-116919,Al2HgS4,14,227,cubic,-0.89127,1.283,train
4666,88854,JVASP-170518,Mn3Cr3Si7Ni16,29,160,trigonal,-0.31121,0.0,train
4667,3761,JVASP-65529,BaZr4Ni,6,216,cubic,0.68714,0.0,train
4668,89113,JVASP-169463,PrAl4Ni,12,63,orthorhombic,-0.58544,0.0,train
4669,21993,JVASP-43172,Li2TiMnO4,16,74,orthorhombic,-2.42404,0.0,train
4670,20838,JVASP-106927,VIn3S4,8,217,cubic,-0.64507,1.575,train
4671,20090,JVASP-15035,PRh2,3,225,cubic,-0.67956,0.0,train
4672,55982,JVASP-122248,Ba5Zr2N6,26,15,monoclinic,-1.07985,1.117,train
4673,74663,JVASP-152114,Ho5S7,12,12,monoclinic,-2.23651,0.0,train
4674,30786,JVASP-35714,FeSnRh2,4,139,tetragonal,-0.23478,0.0,train
4675,42429,JVASP-19809,BaPd2,6,227,cubic,-0.64928,0.0,train
4676,6391,JVASP-68652,BeBiBr2,4,119,tetragonal,0.41835,0.0,train
4677,65602,JVASP-144546,Li7Mn2Co3O12,24,1,triclinic,-1.86565,0.0,train
4678,50904,JVASP-115587,BaZrO3,5,221,cubic,-3.5783,3.249,train
4679,24613,JVASP-45330,KInGe2O6,20,15,monoclinic,-1.8396,2.471,train
4680,48075,JVASP-111097,Ce2CoGe4Ru3,10,115,tetragonal,-0.6248,0.0,train
4681,11750,JVASP-71677,TaBeGe2,4,119,tetragonal,0.17114,0.0,train
4682,3137,JVASP-65312,BeMo4P,6,216,cubic,0.76778,0.0,train
4683,73532,JVASP-150375,HfFeGe,9,189,hexagonal,-0.56394,0.0,train
4684,49551,JVASP-116469,HoAsS,12,62,orthorhombic,-1.66935,0.16,train
4685,17636,JVASP-101516,Rb2AgPdF6,10,225,cubic,-2.07486,0.0,train
4686,72155,JVASP-157073,Yb2SnAu,4,225,cubic,-0.88414,0.0,train
4687,62533,JVASP-144470,Tb2Ga9Rh3,28,63,orthorhombic,-0.69851,0.0,train
4688,32170,JVASP-58291,CO,8,198,cubic,-0.3654,5.81,train
4689,78374,JVASP-95421,K3SnSe3,28,14,monoclinic,-1.07582,1.594,train
4690,54290,JVASP-120294,LiYO,3,216,cubic,-1.56448,0.51,train
4691,91087,JVASP-192175,AlV2W,4,123,tetragonal,0.00141,0.0,train
4692,17489,JVASP-15209,TbSi2Cu2,5,139,tetragonal,-0.55761,0.0,train
4693,39127,JVASP-59313,Ca3Al2Si3O12,80,230,cubic,-3.27872,5.319,train
4694,8389,JVASP-18838,InPd3,4,221,cubic,-0.41255,0.0,train
4695,84708,JVASP-170745,Ca2ZrTiGe2O10,16,2,triclinic,-2.89199,3.081,train
4696,62215,JVASP-133893,BaPCl,3,187,hexagonal,-0.46168,0.0,train
4697,42304,JVASP-3114,SrMg2N2,5,164,trigonal,-0.93504,2.083,train
4698,10945,JVASP-70838,Be2TcPb,4,123,tetragonal,0.54026,0.0,train
4699,36197,JVASP-38383,Li2TlPt,4,225,cubic,-0.44791,0.0,train
4700,47685,JVASP-59054,Th2AuF11,28,140,tetragonal,-3.41028,2.388,train
4701,11527,JVASP-96504,RbTaP2O8,12,12,monoclinic,-2.58079,3.409,train
4702,65544,JVASP-132049,La3Tl,4,164,trigonal,-0.19144,0.0,train
4703,17823,JVASP-102745,K2NaMoO3F3,10,42,orthorhombic,-2.61135,2.434,train
4704,61512,JVASP-134945,HSN,3,6,monoclinic,0.34109,0.0,train
4705,64752,JVASP-132485,PdS31,32,1,triclinic,0.00842,1.307,train
4706,75128,JVASP-152446,YbGaPt,12,62,orthorhombic,-1.12054,0.0,train
4707,67972,JVASP-139479,AlTlO2,4,99,tetragonal,-1.71518,0.0,train
4708,89730,JVASP-191259,SrCa2SnN,5,123,tetragonal,-0.92451,0.0,train
4709,63331,JVASP-129953,DyPu7,8,16,orthorhombic,0.30912,0.0,train
4710,29341,JVASP-36045,WS,4,186,hexagonal,-0.52019,0.0,train
4711,83742,JVASP-165260,TmSi2Ni10,26,129,tetragonal,-0.42997,0.0,train
4712,10857,JVASP-92846,BaMg6Nb,8,187,hexagonal,0.22158,0.0,train
4713,684,JVASP-48095,Co3OF5,18,31,orthorhombic,-1.66196,0.0,train
4714,31123,JVASP-43957,Li2MnF6,9,139,tetragonal,-2.7317,1.676,train
4715,76308,JVASP-161440,Li2ZnAg,4,225,cubic,-0.22712,0.0,train
4716,65600,JVASP-135621,TiNbO4,6,119,tetragonal,-2.8937,0.0,train
4717,45459,JVASP-26342,HgPb2Cl2O2,7,12,monoclinic,-1.04021,2.401,train
4718,61529,JVASP-144441,Tb3TaO7,22,20,orthorhombic,-3.66835,3.454,train
4719,75002,JVASP-153991,CeAsRh,12,62,orthorhombic,-1.166,0.009,train
4720,63846,JVASP-130740,Ho8Au,9,164,trigonal,-0.13844,0.0,train
4721,89669,JVASP-188759,Mn2V3Tc,6,123,tetragonal,-0.29164,0.0,train
4722,9045,JVASP-71129,Li4BeSn,6,216,cubic,0.12486,0.0,train
4723,79090,JVASP-168094,Mg2Cd,6,12,monoclinic,-0.10071,0.0,train
4724,87572,JVASP-163304,Ba2SmCu3O7,13,47,orthorhombic,-2.03094,0.0,train
4725,6806,JVASP-15439,HoGe2Pd2,5,139,tetragonal,-0.74707,0.0,train
4726,4615,JVASP-61044,As4Se3,28,62,orthorhombic,-0.03845,1.226,train
4727,20410,JVASP-16914,MnS2,6,122,tetragonal,-0.35069,0.0,train
4728,461,JVASP-36852,MnAgO2,8,194,hexagonal,-1.21128,0.0,train
4729,37567,JVASP-37368,TmZr,2,187,hexagonal,0.05983,0.0,train
4730,47910,JVASP-111001,Sr2NiO3F,7,107,tetragonal,-2.58173,0.0,train
4731,10770,JVASP-71941,ScBeNi2,4,119,tetragonal,-0.3346,0.0,train
4732,35478,JVASP-56853,MgZn2,6,63,orthorhombic,-0.02232,0.0,train
4733,48212,JVASP-110519,Zr2Ga3Cu,6,8,monoclinic,-0.50775,0.0,train
4734,60531,JVASP-143268,V3O4F2,18,4,monoclinic,-2.70946,0.0,train
4735,87010,JVASP-180042,TiGeO2,4,99,tetragonal,-1.92284,0.0,train
4736,43119,JVASP-63923,Ba4CdPd,6,216,cubic,0.44956,0.0,train
4737,35545,JVASP-40805,TaInNi,3,216,cubic,0.70159,0.0,train
4738,79467,JVASP-183218,LaH,2,225,cubic,-0.51077,0.0,train
4739,77494,JVASP-154735,LaCrO3,20,62,orthorhombic,-3.03672,0.714,train
4740,80993,JVASP-179108,BaCoP,3,187,hexagonal,-0.65004,0.0,train
4741,29659,JVASP-36379,CaB2,3,191,hexagonal,-0.25351,0.0,train
4742,54844,JVASP-121267,AsSBr,6,129,tetragonal,-0.07862,0.0,train
4743,15091,JVASP-18666,PrGaCo2,8,51,orthorhombic,-0.18671,0.0,train
4744,61275,JVASP-134659,NaCuF,3,187,hexagonal,-0.67372,0.0,train
4745,29969,JVASP-35829,KCdSb,6,129,tetragonal,-0.44888,0.0,train
4746,52447,JVASP-115655,BeSbTe,3,6,monoclinic,0.18413,0.0,train
4747,64610,JVASP-124809,AcTc,2,187,hexagonal,0.91524,0.0,train
4748,25076,JVASP-10578,DyP5,12,11,monoclinic,-0.588,0.261,train
4749,88171,JVASP-178183,LiCu3,8,194,hexagonal,-0.08696,0.0,train
4750,63621,JVASP-135302,C,2,194,hexagonal,3.28457,0.0,train
4751,87271,JVASP-186355,Cu2PdO2,5,71,orthorhombic,-0.41846,0.0,train
4752,66311,JVASP-141535,Li4Co5SnO12,22,12,monoclinic,-1.60359,0.0,train
4753,42901,JVASP-20496,CaAs3,8,2,triclinic,-0.61047,0.0,train
4754,67175,JVASP-132797,ErAl10Ru2,26,63,orthorhombic,-0.5103,0.0,train
4755,30508,JVASP-36257,MnCoSe,3,216,cubic,-0.02071,0.0,train
4756,27214,JVASP-34584,SiO2,12,3,monoclinic,-2.49762,2.859,train
4757,8972,JVASP-92254,LiVF6,8,2,triclinic,-2.92752,3.016,train
4758,61285,JVASP-132895,Li4Ni3SbO8,16,166,trigonal,-1.54945,0.0,train
4759,28664,JVASP-57774,HoAlO3,20,62,orthorhombic,-3.64118,5.981,train
4760,64715,JVASP-144061,Li7Fe4NiO12,24,1,triclinic,-1.73309,0.0,train
4761,6235,JVASP-66682,BaCaCr,3,216,cubic,1.11305,0.0,train
4762,86996,JVASP-163279,Th2NiB10,26,55,orthorhombic,-0.61332,0.0,train
4763,24124,JVASP-7666,Ho,3,166,trigonal,0.0,0.0,train
4764,70829,JVASP-150508,ErSnRh,9,189,hexagonal,-0.92028,0.0,train
4765,90721,JVASP-193720,Sc2TcPd,4,225,cubic,-0.6014,0.0,train
4766,9686,JVASP-96693,ICl,16,14,monoclinic,-0.13912,1.592,train
4767,58022,JVASP-126483,IrPd3,4,221,cubic,0.1153,0.0,train
4768,33527,JVASP-40564,Ca2TlCd,4,225,cubic,-0.48489,0.0,train
4769,57808,JVASP-122527,Li4Mn3Co3O12,22,2,triclinic,-1.80609,0.0,train
4770,64393,JVASP-134453,CdI,2,187,hexagonal,0.00777,0.0,train
4771,12354,JVASP-95707,Ba3ScCO3F7,30,63,orthorhombic,-3.55786,4.943,train
4772,37625,JVASP-36731,Ti5Si3C,18,193,hexagonal,-0.78953,0.0,train
4773,45986,JVASP-44534,Li3ZnPCO7,26,4,monoclinic,-2.11995,4.678,train
4774,14449,JVASP-93531,Ca2Mg,6,194,hexagonal,0.0205,0.0,train
4775,25923,JVASP-77055,LiY2Co,4,12,monoclinic,0.21201,0.0,train
4776,61305,JVASP-133480,Cr4InAgS8,14,216,cubic,-0.70162,0.0,train
4777,12889,JVASP-74871,SrBeCl4,6,216,cubic,-0.26685,0.0,train
4778,91000,JVASP-191291,Zr2Bi,3,139,tetragonal,-0.30481,0.0,train
4779,68393,JVASP-154899,C2SeN2,20,64,orthorhombic,0.6725,3.467,train
4780,10264,JVASP-17334,MnN,4,25,orthorhombic,-0.14478,0.0,train
4781,86698,JVASP-180375,Li3TiBi2,6,164,trigonal,-0.38328,0.0,train
4782,51743,JVASP-117207,LuCu3S3,14,164,trigonal,-0.77263,0.0,train
4783,34083,JVASP-57081,SiO2,24,98,tetragonal,-2.70426,4.533,train
4784,31549,JVASP-35048,ReN,6,221,cubic,-0.04987,0.0,train
4785,51293,JVASP-108912,YbTmS2,4,166,trigonal,-2.2777,0.0,train
4786,48174,JVASP-110516,ZrCuF6,8,225,cubic,-2.97289,0.0,train
4787,53371,JVASP-117512,SiB,2,187,hexagonal,0.48378,0.0,train
4788,78647,JVASP-170928,LaNi2AsN,10,63,orthorhombic,-0.82366,0.0,train
4789,53637,JVASP-118081,SNCl,3,187,hexagonal,2.02424,0.0,train
4790,74061,JVASP-151286,Ni2As2O7,11,12,monoclinic,-0.96827,0.0,train
4791,48988,JVASP-112492,KPH2O4,16,20,orthorhombic,-1.88081,5.595,train
4792,26163,JVASP-11510,CaNi2O4,14,141,tetragonal,-1.53202,0.0,train
4793,18486,JVASP-18631,MgCuBi,3,216,cubic,-0.14227,0.0,train
4794,36427,JVASP-38807,NbTc2Ge,4,225,cubic,-0.2083,0.0,train
4795,9912,JVASP-70961,Zr2TiBe,4,99,tetragonal,0.01547,0.0,train
4796,51090,JVASP-106422,K2CuBiI6,10,225,cubic,-0.76098,0.32,train
4797,3911,JVASP-66054,BaCaSn,3,216,cubic,-0.08966,0.098,train
4798,8795,JVASP-92887,Mg6CdMo,8,38,orthorhombic,0.15445,0.0,train
4799,2734,JVASP-107769,Ce2ZrO6,9,139,tetragonal,-3.66136,1.895,train
4800,57764,JVASP-126405,NdPb3,4,221,cubic,-0.40363,0.0,train
4801,54171,JVASP-117591,BaOF,3,38,orthorhombic,-2.23478,0.514,train
4802,84100,JVASP-181450,HfVF,3,187,hexagonal,-0.41755,0.0,train
4803,9087,JVASP-12153,YCBr,6,12,monoclinic,-1.21922,0.0,train
4804,55286,JVASP-121074,H2C,3,6,monoclinic,0.96726,0.0,train
4805,46413,JVASP-21054,Mg2P2O7,11,12,monoclinic,-2.70157,5.814,train
4806,76790,JVASP-158768,HoUOs2,4,225,cubic,-0.19409,0.0,train
4807,1563,JVASP-3831,IrCl3,8,12,monoclinic,-0.51235,1.793,train
4808,92467,JVASP-192996,Nb2Mo,3,139,tetragonal,-0.09521,0.0,train
4809,70150,JVASP-151977,YSiIr,12,62,orthorhombic,-1.08736,0.0,train
4810,51012,JVASP-115653,BeSnSb,3,99,tetragonal,0.49141,0.0,train
4811,75866,JVASP-156211,YNiSn2,8,63,orthorhombic,-0.52705,0.0,train
4812,11811,JVASP-74228,HfBe2Pt,4,99,tetragonal,-0.38703,0.0,train
4813,85224,JVASP-186748,BaZnAs2,4,99,tetragonal,-0.31279,0.0,train
4814,6890,JVASP-67220,Be2NbPt,4,99,tetragonal,-0.38747,0.0,train
4815,70984,JVASP-153817,Zr5Sn3,16,193,hexagonal,-0.56253,0.0,train
4816,74618,JVASP-151915,SrBr2,6,71,orthorhombic,-2.09316,3.184,train
4817,73658,JVASP-155203,Fe2NiTe4,7,12,monoclinic,-0.06015,0.0,train
4818,47027,JVASP-11237,AlCoO3,10,194,hexagonal,-2.04832,0.0,train
4819,82345,JVASP-181156,LiCaAg,3,187,hexagonal,-0.26506,0.0,train
4820,77828,JVASP-186914,SrAsPd2,4,99,tetragonal,-0.49152,0.0,train
4821,4003,JVASP-69325,BaBiSe4,6,216,cubic,-0.22732,0.0,train
4822,77445,JVASP-137462,Ta4NiS8,13,164,trigonal,-1.03682,0.0,train
4823,28041,JVASP-79864,PaTe2Au,4,225,cubic,-0.44777,0.186,train
4824,89230,JVASP-182453,BaGePb2,4,99,tetragonal,-0.2621,0.0,train
4825,89526,JVASP-194462,TaMn4Os,6,216,cubic,-0.14585,0.0,train
4826,5024,JVASP-69173,BaSrTa4,6,216,cubic,0.80675,0.0,train
4827,65142,JVASP-133244,TbB2Ru,16,62,orthorhombic,-0.58598,0.0,train
4828,57493,JVASP-126326,Ni3Pt,4,221,cubic,-0.03933,0.0,train
4829,11311,JVASP-71422,BeTl2Re,4,99,tetragonal,0.57041,0.0,train
4830,16231,JVASP-15235,MnAlCu2,4,225,cubic,-0.08644,0.0,train
4831,79603,JVASP-162860,DyHfB4,6,71,orthorhombic,-0.77941,0.0,train
4832,52671,JVASP-118930,AuF3,4,2,triclinic,-0.95505,0.0,train
4833,64247,JVASP-140539,Li2Ni3SbO8,14,148,trigonal,-1.41833,0.214,train
4834,86298,JVASP-179636,Mg2PS,4,65,orthorhombic,-0.53397,0.0,train
4835,41146,JVASP-37747,Na3Tl,4,221,cubic,-0.09803,0.0,train
4836,24322,JVASP-8254,VO2,6,1,triclinic,-2.34695,0.0,train
4837,83435,JVASP-168940,SmBi3Ru4O14,22,166,trigonal,-1.57574,0.0,train
4838,39562,JVASP-55694,Sr7H12Cl2,21,174,hexagonal,-0.97177,4.052,train
4839,622,JVASP-91990,Re3Ni,8,194,hexagonal,-0.10911,0.0,train
4840,35008,JVASP-25061,Hf,1,229,cubic,0.17424,0.0,train
4841,49068,JVASP-114444,NiAsO,3,187,hexagonal,0.00847,0.0,train
4842,93707,JVASP-189632,InPb,4,74,orthorhombic,-0.00554,0.0,train
4843,59070,JVASP-126851,RbSc,2,187,hexagonal,0.72388,0.0,train
4844,70046,JVASP-147524,Sr2CuSe2Cl2O6,26,14,monoclinic,-1.71901,0.464,train
4845,91711,JVASP-190425,LaNiP,3,187,hexagonal,-1.24778,0.0,train
4846,50344,JVASP-115205,LiSbP,3,187,hexagonal,0.06661,0.0,train
4847,41413,JVASP-37539,ThNi2Sn2,10,129,tetragonal,-0.52682,0.0,train
4848,79969,JVASP-165134,Tb4H9,13,139,tetragonal,-0.71096,0.0,train
4849,20812,JVASP-15587,TlCo2S2,5,139,tetragonal,-0.40258,0.0,train
4850,76400,JVASP-158253,BaSb2Rh2,5,139,tetragonal,-0.65952,0.0,train
4851,26042,JVASP-29862,Mo2H2O7,22,4,monoclinic,-1.69545,2.2,train
4852,51597,JVASP-113710,SrPtO,3,6,monoclinic,1.26144,0.0,train
4853,19864,JVASP-11979,AlNi3,4,225,cubic,-0.38838,0.0,train
4854,4882,JVASP-66152,BaSnPb,3,216,cubic,-0.06821,0.0,train
4855,64698,JVASP-139951,Ba3CoN3,14,176,hexagonal,-0.59273,0.0,train
4856,32128,JVASP-41434,TmSnRh2,4,225,cubic,-0.8247,0.0,train
4857,38797,JVASP-14011,KCN,3,160,trigonal,-0.39052,4.967,train
4858,63521,JVASP-140738,Na2UI4O15,22,5,monoclinic,-1.08606,1.947,train
4859,24978,JVASP-7936,NdCuSb2,8,129,tetragonal,-0.67481,0.0,train
4860,6258,JVASP-68479,BeCdTc,3,156,trigonal,0.40877,0.0,train
4861,84368,JVASP-180297,Ba2TlO3,6,71,orthorhombic,-2.03299,0.0,train
4862,46979,JVASP-52113,Sr2CoReO6,10,87,tetragonal,-2.27963,0.0,train
4863,80985,JVASP-164802,LaAlO3,30,63,orthorhombic,-3.57343,4.417,train
4864,1721,JVASP-43076,Na5Li3Ti5O14,27,1,triclinic,-2.77628,3.125,train
4865,6665,JVASP-86183,Lu5NiPb3,18,193,hexagonal,-0.51184,0.0,train
4866,40086,JVASP-21253,Te2SO7,20,31,orthorhombic,-1.21066,3.538,train
4867,59559,JVASP-144377,Y2MgS4,28,62,orthorhombic,-2.02677,1.917,train
4868,81418,JVASP-169218,La2Br5,14,11,monoclinic,-2.06595,0.162,train
4869,77794,JVASP-159071,TiH8N2F6,17,12,monoclinic,-1.71083,4.702,train
4870,68647,JVASP-152947,ErMo6Se8,15,148,trigonal,-0.72718,0.0,train
4871,17688,JVASP-102062,K2TlAsF6,10,225,cubic,-2.36761,2.762,train
4872,5193,JVASP-66316,Ba4FeGe,6,216,cubic,1.01331,0.0,train
4873,52898,JVASP-116553,Ag5TePO4,22,129,tetragonal,-0.91306,0.338,train
4874,77130,JVASP-95487,K2Be2Si6O15,50,36,orthorhombic,-2.87043,4.872,train
4875,17646,JVASP-2916,BaCuSeF,8,129,tetragonal,-2.1348,1.56,train
4876,65270,JVASP-137731,MnGaH4O2F5,26,74,orthorhombic,-1.878,1.807,train
4877,73099,JVASP-155370,CrCu2HgS4,8,121,tetragonal,-0.32349,0.0,train
4878,53293,JVASP-119118,YbCuPbS3,12,63,orthorhombic,-1.0212,0.0,train
4879,58665,JVASP-124708,TlSb5,6,164,trigonal,0.069,0.0,train
4880,85223,JVASP-175529,LaSb3O9,26,63,orthorhombic,-1.94789,1.639,train
4881,39286,JVASP-14782,Sn,1,139,tetragonal,0.06274,0.0,train
4882,30377,JVASP-34172,Mg9Sn5,28,148,trigonal,-0.2253,0.0,train
4883,40060,JVASP-7631,FeP,8,62,orthorhombic,-0.58506,0.0,train
4884,56537,JVASP-128456,TaTe2,3,164,trigonal,-0.31804,0.0,train
4885,18157,JVASP-102502,HoScAl2,4,225,cubic,-0.44079,0.0,train
4886,53169,JVASP-119083,NpF6,28,62,orthorhombic,-3.19079,0.923,train
4887,51010,JVASP-113216,Li2CoOF3,28,76,tetragonal,-2.3891,0.558,train
4888,2927,JVASP-91668,AgClO2,8,67,orthorhombic,0.24216,0.353,train
4889,81189,JVASP-169604,LiMn2O4,7,10,monoclinic,-1.95267,0.0,train
4890,67057,JVASP-138601,InSbCl,3,99,tetragonal,-0.21427,0.0,train
4891,48077,JVASP-111099,CaMgP2Se6,10,146,trigonal,-0.77301,2.284,train
4892,54878,JVASP-122427,Na2BSO4F3,22,2,triclinic,-2.3576,6.068,train
4893,10363,JVASP-72033,Be2Cu2Bi,5,139,tetragonal,0.25924,0.0,train
4894,83017,JVASP-183711,CaHSe,3,187,hexagonal,-0.6345,0.0,train
4895,10447,JVASP-70783,KZrBe2,4,123,tetragonal,0.72536,0.0,train
4896,28708,JVASP-50030,CeOF,6,129,tetragonal,-3.9164,0.011,train
4897,23013,JVASP-7775,Ca3N2,5,164,trigonal,-0.94783,1.983,train
4898,25101,JVASP-12576,NaGaH4,12,63,orthorhombic,-0.13392,4.753,train
4899,64756,JVASP-135595,Al2Te,3,191,hexagonal,0.17498,0.0,train
4900,38611,JVASP-37192,Mn2SiNi,4,216,cubic,-0.18491,0.0,train
4901,74877,JVASP-145636,Li2VGa3O8,14,1,triclinic,-2.16121,2.32,train
4902,51181,JVASP-117000,ThUBe26,28,209,cubic,-0.19138,0.0,train
4903,17558,JVASP-101513,Rb2HgAuF6,10,225,cubic,-1.88375,0.0,train
4904,16128,JVASP-14674,SmPd3,4,221,cubic,-0.85736,0.0,train
4905,27833,JVASP-36136,HfCd,4,129,tetragonal,-0.08946,0.0,train
4906,74968,JVASP-148175,DyH3,24,165,trigonal,-0.66952,0.128,train
4907,93844,JVASP-189498,Zr,2,194,hexagonal,-0.01647,0.0,train
4908,19910,JVASP-14733,UAl2,6,227,cubic,-0.15547,0.0,train
4909,57589,JVASP-127527,ZnMo,2,221,cubic,0.39563,0.0,train
4910,7899,JVASP-68328,YMn2Be2,5,139,tetragonal,0.01417,0.0,train
4911,44118,JVASP-109247,Rb2GaAgI6,10,225,cubic,-0.82352,0.0,train
4912,81857,JVASP-173188,U2Ti3Si4,18,14,monoclinic,-0.5284,0.0,train
4913,58107,JVASP-127850,PtKr,2,187,hexagonal,1.31909,0.0,train
4914,61002,JVASP-133462,HfAlMo,12,38,orthorhombic,-0.3164,0.0,train
4915,21883,JVASP-2988,LiBeAs,6,129,tetragonal,-0.53066,1.217,train
4916,42353,JVASP-97579,Hg3AsO4,32,14,monoclinic,-0.65579,0.482,train
4917,58737,JVASP-128195,SbRu,2,187,hexagonal,0.23653,0.0,train
4918,11682,JVASP-92602,NaMoO3,5,221,cubic,-2.23256,0.0,train
4919,51888,JVASP-114040,BaGeO2,4,99,tetragonal,-1.95813,1.299,train
4920,6143,JVASP-62847,HfCo3B2,18,166,trigonal,-0.5887,0.0,train
4921,14377,JVASP-99568,K2InSbBr6,10,225,cubic,-1.07392,0.141,train
4922,53733,JVASP-120441,Dy5Pt3,16,193,hexagonal,-1.07857,0.0,train
4923,481,JVASP-98619,Sb2RuC6O6F12,54,128,tetragonal,-1.60264,5.156,train
4924,46706,JVASP-20325,Er2O3,40,206,cubic,-3.88981,4.138,train
4925,10326,JVASP-60771,CoO2,6,166,trigonal,-0.98811,0.0,train
4926,57870,JVASP-122681,Ga3Mo,4,12,monoclinic,-0.01712,0.0,train
4927,87267,JVASP-168728,Dy2Ge2Ru,10,12,monoclinic,-0.80948,0.0,train
4928,23483,JVASP-13853,BaAgSb,6,194,hexagonal,-0.40042,0.0,train
4929,6956,JVASP-86486,Ho2Mo2C3,7,12,monoclinic,-0.4541,0.0,train
4930,35574,JVASP-41277,Mg2AlB2Ir5,20,127,tetragonal,-0.60972,0.0,train
4931,70106,JVASP-143202,ErAl7Fe5,13,44,orthorhombic,-0.41688,0.0,train
4932,15555,JVASP-15752,DySe,4,186,hexagonal,-1.29626,0.0,train
4933,50958,JVASP-113201,Li2Co3NiO8,14,166,trigonal,-1.47322,0.0,train
4934,55591,JVASP-123810,Bi5I,6,164,trigonal,0.02575,0.0,train
4935,24987,JVASP-10232,KPS3,10,71,orthorhombic,-0.73051,1.617,train
4936,61031,JVASP-134074,BeH2,3,38,orthorhombic,0.08369,0.0,train
4937,26687,JVASP-34278,Na4CO4,9,160,trigonal,-1.45043,1.651,train
4938,70975,JVASP-154583,LaCuS2,16,14,monoclinic,-1.58939,0.134,train
4939,12686,JVASP-15703,BaSb3,8,12,monoclinic,-0.5966,0.0,train
4940,62891,JVASP-133911,BaHfO,3,6,monoclinic,-1.16184,0.0,train
4941,52672,JVASP-119328,LiV5O7F,14,160,trigonal,-2.40886,0.0,train
4942,48817,JVASP-114319,KAg,2,225,cubic,0.05414,1.124,train
4943,39403,JVASP-44523,LiCrSnO4,14,74,orthorhombic,-2.01685,0.726,train
4944,4557,JVASP-66649,Ba4NiSb,6,216,cubic,0.4202,0.0,train
4945,16310,JVASP-101459,Mg6SiSn2,9,71,orthorhombic,-0.23131,0.059,train
4946,30773,JVASP-35449,AlPPt5,7,123,tetragonal,-0.57005,0.0,train
4947,30919,JVASP-53665,V3NiS6,10,148,trigonal,-0.9017,0.0,train
4948,39733,JVASP-14034,NaFeS2,8,23,orthorhombic,-0.66558,0.0,train
4949,3615,JVASP-61306,LuNi4Au,6,216,cubic,-0.45882,0.0,train
4950,32293,JVASP-56265,PrGe2Ru2,5,139,tetragonal,-0.62948,0.0,train
4951,65126,JVASP-133975,BaTeSe2,4,123,tetragonal,-1.01366,0.0,train
4952,82541,JVASP-169641,Ca2ZnHg,4,225,cubic,-0.43782,0.0,train
4953,26965,JVASP-78852,CeSe2,3,166,trigonal,-1.56986,0.868,train
4954,15907,JVASP-3936,ThNCl,6,129,tetragonal,-2.30638,2.542,train
4955,82297,JVASP-182600,NaBeF,3,187,hexagonal,-0.76433,0.379,train
4956,23808,JVASP-9110,C3N4,14,176,hexagonal,0.491,3.588,train
4957,72195,JVASP-152832,KV5S8,14,12,monoclinic,-1.13759,0.0,train
4958,35845,JVASP-40262,Sr2CdSn,4,225,cubic,-0.64014,0.0,train
4959,28120,JVASP-79921,MgZnAu2,4,225,cubic,-0.44733,0.0,train
4960,81306,JVASP-171010,LiMg,6,156,trigonal,-0.03157,0.0,train
4961,32287,JVASP-23725,KFe2S3,12,63,orthorhombic,-0.79851,0.0,train
4962,82826,JVASP-173237,BrNO3,20,19,orthorhombic,-0.0921,1.992,train
4963,31871,JVASP-28493,MoW2Se2S4,9,8,monoclinic,-0.78099,0.74,train
4964,82344,JVASP-179521,LiPbO3,5,221,cubic,-0.69209,0.0,train
4965,32836,JVASP-41739,Cd2AgRh,4,225,cubic,-0.07458,0.0,train
4966,19940,JVASP-107132,Rb2DyAuCl6,10,225,cubic,-1.76808,1.988,train
4967,10255,JVASP-50710,AgHg,8,198,cubic,0.22455,0.0,train
4968,34975,JVASP-38222,Rb3Nb,4,225,cubic,1.10713,0.0,train
4969,62185,JVASP-137094,NaScS,3,187,hexagonal,-0.29012,0.0,train
4970,40433,JVASP-46827,Na3CdPCO7,26,11,monoclinic,-2.00669,3.422,train
4971,92043,JVASP-191321,TaBe5,6,191,hexagonal,-0.24124,0.0,train
4972,38434,JVASP-37145,NbCr3,4,225,cubic,0.08996,0.0,train
4973,86321,JVASP-184755,TlPPd2,4,99,tetragonal,-0.20315,0.0,train
4974,72080,JVASP-156274,GeAu2,6,63,orthorhombic,0.09794,0.0,train
4975,53489,JVASP-119184,Hf2ScGa3,24,44,orthorhombic,-0.54112,0.0,train
4976,20328,JVASP-104968,CeMnAl,6,74,orthorhombic,-0.25979,0.0,train
4977,7234,JVASP-67299,BeHgPb,3,156,trigonal,0.4877,0.0,train
4978,21263,JVASP-107425,LiFeF3,10,182,hexagonal,-2.45474,0.0,train
4979,24036,JVASP-8073,ScSnPd2,4,225,cubic,-0.86248,0.0,train
4980,91532,JVASP-192222,V2CrTc,4,123,tetragonal,-0.25293,0.0,train
4981,32737,JVASP-20436,FeNi,2,123,tetragonal,-0.05368,0.0,train
4982,49189,JVASP-112547,Rb3InI6O18,28,2,triclinic,-0.9022,2.901,train
4983,2284,JVASP-98641,GaH12N3O3F6,50,2,triclinic,-1.08312,5.361,train
4984,39342,JVASP-47250,LiFePO4,28,198,cubic,-1.96909,0.695,train
4985,73045,JVASP-149112,LaCuSi,6,194,hexagonal,-0.66424,0.0,train
4986,82144,JVASP-172495,Y3CBr3,14,148,trigonal,-1.41573,0.0,train
4987,42473,JVASP-17188,ZnO,2,221,cubic,-0.87292,0.0,train
4988,47440,JVASP-20781,SrMg2,12,194,hexagonal,-0.1328,0.0,train
4989,60767,JVASP-135473,AlP2,3,191,hexagonal,0.26987,0.0,train
4990,78033,JVASP-180426,CaMoN,3,187,hexagonal,-0.20397,0.0,train
4991,82759,JVASP-181335,Ca2GaGe,4,225,cubic,-0.58952,0.0,train
4992,34865,JVASP-38221,Rb3Na,4,221,cubic,0.01336,0.0,train
4993,46861,JVASP-9263,Ba2YTi2TlO7,13,123,tetragonal,-2.88682,0.0,train
4994,76417,JVASP-124138,MnCu2Sn3S8,14,166,trigonal,-0.46491,0.0,train
4995,20836,JVASP-102734,KLiZn3O4,9,8,monoclinic,-1.70331,1.653,train
4996,60255,JVASP-143691,ScTlS2O8,12,164,trigonal,-1.91928,4.177,train
4997,11520,JVASP-74661,BeCd2Si,4,123,tetragonal,0.58727,0.0,train
4998,25059,JVASP-8422,BaYCuMoO5,9,99,tetragonal,-2.37788,0.0,train
4999,88513,JVASP-169437,KCuF3,5,221,cubic,-2.28543,0.0,train
5000,29269,JVASP-9525,Zn2Ni3O8,13,12,monoclinic,-1.07892,0.713,train
5001,5148,JVASP-48692,Na2FeO3,12,12,monoclinic,-1.65221,0.0,train
5002,93691,JVASP-188468,MgZn2Rh,4,139,tetragonal,-0.40912,0.0,train
5003,15630,JVASP-103371,TbBa2TaO6,10,225,cubic,-3.42355,3.447,train
5004,47883,JVASP-4645,Tl4SnS3,32,130,tetragonal,-0.41127,0.667,train
5005,41756,JVASP-11661,Fe3PO7,11,160,trigonal,-1.56552,0.197,train
5006,92974,JVASP-191450,LiIn2Pd,4,225,cubic,-0.45976,0.0,train
5007,75185,JVASP-147101,V4ZnO10,15,38,orthorhombic,-2.30238,0.0,train
5008,1594,JVASP-64843,Ba4TiBr,6,216,cubic,0.43414,0.0,train
5009,92092,JVASP-189831,V3Cr2Ga,6,123,tetragonal,-0.13016,0.0,train
5010,92280,JVASP-188401,Sc2RuOs,4,123,tetragonal,-0.53588,0.0,train
5011,34435,JVASP-23187,CoSe2O5,32,60,orthorhombic,-0.73596,0.0,train
5012,92072,JVASP-193782,LiYP2Ru2,6,164,trigonal,-0.9108,0.0,train
5013,82542,JVASP-170355,Pr5In4Pt2,22,55,orthorhombic,-0.80408,0.0,train
5014,37834,JVASP-29300,CuH2O2,10,36,orthorhombic,-0.80851,0.193,train
5015,69092,JVASP-154915,ThB4,20,127,tetragonal,-0.63582,0.0,train
5016,2966,JVASP-16046,Ni3GeC,5,221,cubic,0.10423,0.0,train
5017,53568,JVASP-119669,Pr2MgSe4,14,227,cubic,-1.73395,1.02,train
5018,32855,JVASP-35029,PrCoSi,6,129,tetragonal,-0.64029,0.0,train
5019,75956,JVASP-156002,TbZn2Au2,5,139,tetragonal,-0.5801,0.0,train
5020,63463,JVASP-140986,Fe4O5F3,12,8,monoclinic,-1.67495,0.0,train
5021,34979,JVASP-40379,Be2IrPt,4,225,cubic,-0.70354,0.0,train
5022,25263,JVASP-12409,Li4PbO4,18,63,orthorhombic,-1.78747,1.422,train
5023,37198,JVASP-37316,SnBi3,4,225,cubic,0.12637,0.0,train
5024,50819,JVASP-116868,Li4Fe3Ni3O12,22,2,triclinic,-1.52823,0.0,train
5025,56890,JVASP-121617,Hf3TaFe8,12,156,trigonal,-0.31629,0.0,train
5026,17972,JVASP-101797,H4C6O,22,2,triclinic,-0.08001,2.727,train
5027,13532,JVASP-14811,Sm,2,194,hexagonal,0.0257,0.0,train
5028,75281,JVASP-152478,DyH2ClO2,12,11,monoclinic,-2.21503,4.654,train
5029,21961,JVASP-18884,Ag2Se,6,64,orthorhombic,-0.01729,0.0,train
5030,35817,JVASP-26396,PrBi2BrO4,8,123,tetragonal,-2.09586,1.289,train
5031,89162,JVASP-163993,Ca2MnO4,28,142,tetragonal,-2.76534,0.526,train
5032,51561,JVASP-117147,Bi3Te4Cl5O10,22,12,monoclinic,-1.18171,2.515,train
5033,52869,JVASP-116519,Li2Fe3F8,26,2,triclinic,-2.34349,0.0,train
5034,2402,JVASP-65503,BaMgNi2,4,47,orthorhombic,0.06646,0.0,train
5035,89174,JVASP-176666,LaNi5P3,18,63,orthorhombic,-0.80885,0.0,train
5036,24242,JVASP-56314,LiZnGe,9,187,hexagonal,-0.2779,0.0,train
5037,27008,JVASP-9201,Ba2AlCo3O8,14,123,tetragonal,-1.83049,0.0,train
5038,29165,JVASP-11033,MgMn2O4,14,12,monoclinic,-1.99629,0.035,train
5039,75509,JVASP-156493,LaNiPb,3,216,cubic,-0.43978,0.0,train
5040,24197,JVASP-8660,Cs2SnI6,9,225,cubic,-0.97519,0.0,train
5041,14978,JVASP-100055,CrF6,7,148,trigonal,-2.08982,1.73,train
5042,62977,JVASP-142862,V4O7F5,16,1,triclinic,-2.60226,0.41,train
5043,59378,JVASP-140607,Li2MnSi3O8,28,4,monoclinic,-2.55985,1.45,train
5044,47996,JVASP-110835,Nd2MgCd,4,225,cubic,-0.24067,0.0,train
5045,27758,JVASP-36308,BeSiAs2,8,122,tetragonal,-0.23504,1.193,train
5046,40512,JVASP-27502,SrPSe3,20,14,monoclinic,-1.00412,2.135,train
5047,15068,JVASP-100056,ZnWF6,8,148,trigonal,-2.48406,0.0,train
5048,74446,JVASP-150409,K4CO4,9,215,cubic,-1.43408,2.99,train
5049,53273,JVASP-117458,BaBO,3,99,tetragonal,-0.97529,0.0,train
5050,45241,JVASP-108030,ThCoGe2,8,63,orthorhombic,-0.71643,0.0,train
5051,72509,JVASP-156682,NdTh,2,166,trigonal,0.04138,0.0,train
5052,45240,JVASP-17521,Tb3TlC,5,221,cubic,1.59445,0.0,train
5053,90667,JVASP-189804,TaTiAlC,8,164,trigonal,-0.66028,0.0,train
5054,61277,JVASP-140464,Ca2P7Ir12,21,147,trigonal,-0.5793,0.0,train
5055,41259,JVASP-13821,Na2MnO4,14,186,hexagonal,-1.71569,0.0,train
5056,78588,JVASP-164361,OsOF4,24,14,monoclinic,-1.61838,0.635,train
5057,35155,JVASP-40249,LiTm2Co,4,225,cubic,-0.16096,0.0,train
5058,69130,JVASP-152750,TiTlV4S8,14,12,monoclinic,-1.09507,0.0,train
5059,14782,JVASP-18946,YCu,2,221,cubic,-0.31403,0.0,train
5060,10389,JVASP-69613,Be2CuTc,4,123,tetragonal,-0.03419,0.0,train
5061,79265,JVASP-166150,KZnBH4Cl2,18,11,monoclinic,-0.69236,4.849,train
5062,64217,JVASP-111499,NaZrScO4,28,26,orthorhombic,-3.34185,3.839,train
5063,65798,JVASP-123720,USe2,3,12,monoclinic,-1.07168,0.0,train
5064,23439,JVASP-11367,BaErCuS3,12,63,orthorhombic,-1.86507,1.261,train
5065,54284,JVASP-118737,MnF2,3,47,orthorhombic,-1.38797,0.0,train
5066,62908,JVASP-141938,Mg3BO6,20,176,hexagonal,-2.16593,0.0,train
5067,55896,JVASP-123316,CaAg3,4,221,cubic,-0.20556,0.0,train
5068,1455,JVASP-63953,Ba4RhBr,6,216,cubic,0.34562,0.0,train
5069,73281,JVASP-151477,SmSi2Ir2,10,129,tetragonal,-1.02772,0.0,train
5070,84067,JVASP-182990,Ba2AlO3,6,71,orthorhombic,-2.68558,0.0,train
5071,64410,JVASP-123553,P3Au,4,12,monoclinic,0.08995,0.0,train
5072,70059,JVASP-151975,CeZnPd,12,62,orthorhombic,-0.68837,0.0,train
5073,15845,JVASP-100180,Ho3Er,4,221,cubic,0.01671,0.0,train
5074,80750,JVASP-182557,Ba2S,3,191,hexagonal,-0.62376,0.0,train
5075,34936,JVASP-39581,ZnP,4,186,hexagonal,0.05585,0.0,train
5076,40784,JVASP-18031,BaPbO3,5,221,cubic,-1.86244,0.0,train
5077,41507,JVASP-59111,Ba3Cr2S6,22,167,trigonal,-1.59347,0.811,train
5078,30298,JVASP-35830,BaMgPb,6,129,tetragonal,-0.06834,0.0,train
5079,83896,JVASP-168236,BaLi2MnV2O8,14,147,trigonal,-2.61192,1.239,train
5080,2910,JVASP-85385,Ce3In3Ru2,8,12,monoclinic,-0.46531,0.0,train
5081,46080,JVASP-17307,Rh3Pb2S2,7,166,trigonal,-0.3936,0.0,train
5082,75763,JVASP-157385,NdSmMg2,4,225,cubic,-0.1016,0.0,train
5083,21208,JVASP-3042,NaSrAs,9,189,hexagonal,-0.97315,1.059,train
5084,67059,JVASP-136707,RbGeO,3,6,monoclinic,0.50183,0.0,train
5085,27522,JVASP-34292,GaPO4,12,20,orthorhombic,-2.17272,4.565,train
5086,56598,JVASP-125733,TbPa3,4,221,cubic,0.07406,0.0,train
5087,72668,JVASP-133348,NaS2O6,18,14,monoclinic,-1.22353,0.01,train
5088,4467,JVASP-63076,Yb4As3,14,220,cubic,-1.26716,0.0,train
5089,65079,JVASP-139077,MgTeH4,6,216,cubic,0.83378,0.0,train
5090,65691,JVASP-134790,NaMnF,3,99,tetragonal,-0.36599,0.0,train
5091,29547,JVASP-36410,BeB2,3,191,hexagonal,0.10579,0.0,train
5092,10657,JVASP-71569,TiBe2V,4,123,tetragonal,-0.03717,0.0,train
5093,14120,JVASP-93526,Mg2Cd,6,187,hexagonal,-0.04851,0.0,train
5094,12615,JVASP-74381,NaCa4Be,6,216,cubic,0.63436,0.0,train
5095,32842,JVASP-58293,Er4Sb3,14,220,cubic,-0.96174,0.0,train
5096,30173,JVASP-9328,Ba2YSn3O8,14,123,tetragonal,-2.30355,0.0,train
5097,70915,JVASP-153476,YbAgSe2,16,19,orthorhombic,-0.97979,0.0,train
5098,34983,JVASP-28870,WSeS,12,12,monoclinic,-0.70628,0.521,train
5099,87385,JVASP-180055,VPH,3,187,hexagonal,-0.4402,0.0,train
5100,23223,JVASP-48553,VOF3,20,29,orthorhombic,-2.6787,2.801,train
5101,18644,JVASP-101088,TiNb,2,65,orthorhombic,0.02552,0.0,train
5102,84056,JVASP-176160,Y2MnCoO6,20,14,monoclinic,-2.72999,0.0,train
5103,75885,JVASP-156254,CaAsPt,6,194,hexagonal,-1.0374,0.0,train
5104,93244,JVASP-187918,TiAl5Rh,7,123,tetragonal,-0.57718,0.0,train
5105,70577,JVASP-146948,Ti3NbO8,24,12,monoclinic,-3.10049,0.0,train
5106,35739,JVASP-37559,TmScRu2,4,225,cubic,-0.52921,0.0,train
5107,77600,JVASP-161689,Zn2SbN3,12,36,orthorhombic,0.05997,0.172,train
5108,91401,JVASP-191078,Ti2MnCd,4,123,tetragonal,-0.17745,0.0,train
5109,83183,JVASP-168623,Zn2TeMoO7,22,4,monoclinic,-1.69451,3.31,train
5110,56165,JVASP-126872,AsAu3,4,221,cubic,0.15047,0.0,train
5111,92447,JVASP-189974,Ti2BeZn,4,123,tetragonal,-0.16611,0.0,train
5112,77722,JVASP-159089,LaFe4Sb12,17,204,cubic,-0.23088,0.0,train
5113,68775,JVASP-145464,CdSnN2,16,33,orthorhombic,0.14905,0.034,train
5114,42373,JVASP-98186,LaSi2Au2,5,139,tetragonal,-0.65035,0.0,train
5115,7886,JVASP-72730,KTiBe2,4,225,cubic,1.11431,0.0,train
5116,37589,JVASP-38743,LiBeH3,20,15,monoclinic,-0.31523,4.648,train
5117,13600,JVASP-95023,V3Te4,7,12,monoclinic,-0.30039,0.0,train
5118,39923,JVASP-38023,AlAs,2,225,cubic,-0.26462,0.0,train
5119,50099,JVASP-115071,MgPH,3,99,tetragonal,0.28979,0.0,train
5120,61916,JVASP-138436,CaF,2,5,monoclinic,-2.79173,0.0,train
5121,39207,JVASP-47127,Li3SiNi3O8,15,10,monoclinic,-1.71747,0.0,train
5122,3697,JVASP-86462,LaSiRu,6,129,tetragonal,-0.75302,0.0,train
5123,89855,JVASP-189910,GaNi6Sb,8,187,hexagonal,-0.19772,0.0,train
5124,23578,JVASP-29550,C3N4,14,187,hexagonal,0.33889,1.435,train
5125,58751,JVASP-126702,TmV,2,187,hexagonal,0.60727,0.0,train
5126,3026,JVASP-97718,TaPbF7,18,11,monoclinic,-3.13399,5.045,train
5127,88889,JVASP-164305,In2SiAg2S6,22,9,monoclinic,-0.53511,0.841,train
5128,31243,JVASP-41970,BaNaH3Pd,12,194,hexagonal,-0.46442,1.587,train
5129,45696,JVASP-20341,MgBe13,28,226,cubic,-0.01532,0.0,train
5130,44675,JVASP-110130,YScB2O6,10,148,trigonal,-3.29543,4.61,train
5131,44455,JVASP-109713,MnCoSe2,4,164,trigonal,-0.23583,0.0,train
5132,89609,JVASP-190152,LiGaCoGe,4,216,cubic,-0.26453,0.0,train
5133,91790,JVASP-192749,MgSnPdRh,4,216,cubic,-0.60798,0.0,train
5134,7825,JVASP-88791,BaCuTeF,8,129,tetragonal,-2.02624,1.064,train
5135,60975,JVASP-142791,KBa4Fe10As10,25,87,tetragonal,-0.55629,0.0,train
5136,28643,JVASP-10171,ZnBi2O4,14,15,monoclinic,-1.3635,1.714,train
5137,19484,JVASP-107174,CuPbO3,5,221,cubic,-0.68249,0.0,train
5138,88318,JVASP-173481,UB4W,12,65,orthorhombic,-0.39574,0.0,train
5139,40834,JVASP-20615,BPt,4,194,hexagonal,0.10532,0.0,train
5140,4085,JVASP-63538,ZrAl8Fe4,13,139,tetragonal,-0.43885,0.0,train
5141,77524,JVASP-154893,HoGa3,20,166,trigonal,-0.53215,0.0,train
5142,11396,JVASP-74182,BeCrTc,3,156,trigonal,0.24754,0.0,train
5143,72245,JVASP-157247,Pr2SnAu,4,225,cubic,-0.75148,0.0,train
5144,23516,JVASP-51767,MnH2SO5,18,15,monoclinic,-1.3343,2.017,train
5145,17788,JVASP-49849,Nb3N5,16,63,orthorhombic,-0.89745,0.746,train
5146,79091,JVASP-164039,Ba2V3O9,28,4,monoclinic,-2.8865,0.035,train
5147,32923,JVASP-40914,Pm2CoIr,4,225,cubic,-0.40137,0.0,train
5148,65064,JVASP-138262,BiPbO,3,99,tetragonal,-0.29953,0.0,train
5149,5899,JVASP-66714,Be2NbIr,4,99,tetragonal,-0.28664,0.0,train
5150,62656,JVASP-136025,BiI,2,225,cubic,0.23504,0.0,train
5151,24527,JVASP-8129,GeS2,6,122,tetragonal,-0.35879,2.218,train
5152,67224,JVASP-141771,Ca4MgAl2Si3O14,24,1,triclinic,-3.23759,4.376,train
5153,4199,JVASP-88234,EuH3O3,14,176,hexagonal,-2.04357,3.773,train
5154,73239,JVASP-147688,Cr4OF11,16,1,triclinic,-2.67871,0.506,train
5155,16835,JVASP-100681,Rb2SmCuCl6,10,225,cubic,-1.86648,2.547,train
5156,6617,JVASP-88449,CuBi2O4,28,130,tetragonal,-1.18556,0.0,train
5157,80266,JVASP-178349,K3FeF6,10,225,cubic,-2.67814,0.0,train
5158,9590,JVASP-70739,BeGeSe2,4,99,tetragonal,0.2474,0.0,train
5159,86181,JVASP-165741,SbH5Cl6O2,28,9,monoclinic,-0.8054,1.592,train
5160,22582,JVASP-48604,LiMn5O5F,12,156,trigonal,-1.41204,0.0,train
5161,62046,JVASP-144455,CO2,12,62,orthorhombic,-1.31787,6.576,train
5162,74690,JVASP-151753,AsRh2,12,62,orthorhombic,-0.31396,0.0,train
5163,3740,JVASP-91913,Mg3MnO4,8,221,cubic,-2.5538,0.104,train
5164,81622,JVASP-173660,U3Sb4Pt3,20,220,cubic,-0.5975,0.001,train
5165,57066,JVASP-128791,Ti2V,3,191,hexagonal,0.12947,0.0,train
5166,87906,JVASP-182754,Mn2AgO3,6,191,hexagonal,-1.10243,0.0,train
5167,60477,JVASP-136524,BeN2,3,47,orthorhombic,-0.16618,0.0,train
5168,19988,JVASP-103745,MnP2O7,10,5,monoclinic,-2.04863,1.04,train
5169,70845,JVASP-147538,Ti20Co3B6,29,225,cubic,-0.22113,0.0,train
5170,21172,JVASP-104981,Zr4BN3,8,221,cubic,-1.66633,0.0,train
5171,93044,JVASP-189132,NbGeOs,3,187,hexagonal,-0.26665,0.0,train
5172,90639,JVASP-193140,Zr2Ga,6,194,hexagonal,-0.45965,0.0,train
5173,89647,JVASP-191480,Ti2GaMo,4,225,cubic,-0.34279,0.0,train
5174,20801,JVASP-104974,AsPRh4,6,166,trigonal,-0.53001,0.0,train
5175,52715,JVASP-118040,HClO,3,6,monoclinic,-0.2893,1.654,train
5176,83944,JVASP-164875,V4GeS8,13,216,cubic,-0.9432,0.0,train
5177,14953,JVASP-93807,NbP2,6,12,monoclinic,-0.69788,0.0,train
5178,4338,JVASP-39279,FePbO3,5,221,cubic,-1.31423,0.0,train
5179,24184,JVASP-51310,BaHf2As,4,225,cubic,0.54092,0.0,train
5180,57703,JVASP-127651,W3I,4,123,tetragonal,1.60451,0.0,train
5181,38310,JVASP-46355,NbVO5,14,85,tetragonal,-2.58961,1.762,train
5182,45951,JVASP-21918,Sc2Si2Ru,10,12,monoclinic,-0.84884,0.0,train
5183,35889,JVASP-16773,LiSbAu,3,216,cubic,-0.3175,0.0,train
5184,10360,JVASP-93263,CaTlF3,5,160,trigonal,-3.21402,4.633,train
5185,50761,JVASP-112234,H8C5O2,60,4,monoclinic,-0.30506,4.102,train
5186,11906,JVASP-93435,YbAg2,6,74,orthorhombic,-0.42914,0.0,train
5187,85915,JVASP-166372,Ta7S12,19,12,monoclinic,-1.16392,0.0,train
5188,77761,JVASP-159210,Ti4Ga3Ni2,9,189,hexagonal,-0.46225,0.0,train
5189,78922,JVASP-166557,Ti6Si7Ni16,29,225,cubic,-0.65844,0.0,train
5190,53892,JVASP-120479,KDy3F10,28,225,cubic,-4.20599,6.861,train
5191,56323,JVASP-126916,PAu3,4,221,cubic,0.28444,0.0,train
5192,40487,JVASP-18149,Nb3Pb,8,223,cubic,0.12555,0.0,train
5193,17601,JVASP-99649,LaCo5H4,10,65,orthorhombic,-0.10441,0.0,train
5194,9260,JVASP-71281,Be2TcBi,4,123,tetragonal,0.31276,0.0,train
5195,39680,JVASP-43407,Li6WO6,13,148,trigonal,-2.3139,3.288,train
5196,63876,JVASP-134156,BiClO2,4,99,tetragonal,-0.30437,0.0,train
5197,89140,JVASP-165831,Li4Ti2V3Fe3O16,28,8,monoclinic,-2.36831,0.0,train
5198,725,JVASP-90046,CeMgAg,9,189,hexagonal,-0.15422,0.0,train
5199,29248,JVASP-81122,NaCdPd2,4,12,monoclinic,-0.19809,0.0,train
5200,28444,JVASP-81940,ScHgAu2,4,12,monoclinic,-0.4544,0.0,train
5201,1172,JVASP-63940,Ba4PBr,6,216,cubic,-0.04893,0.0,train
5202,62606,JVASP-142554,Li5Mn6O12,23,1,triclinic,-1.98881,0.248,train
5203,16727,JVASP-99513,AgSbS2,4,166,trigonal,-0.22571,0.333,train
5204,10778,JVASP-63895,Ba4CuPd,6,216,cubic,0.65822,0.0,train
5205,53919,JVASP-120152,MnSnF,3,187,hexagonal,-0.32563,0.0,train
5206,90107,JVASP-189399,Sr3BiN,5,221,cubic,-1.05701,0.273,train
5207,32944,JVASP-23869,Bi2Pd3S2,14,199,cubic,-0.38786,0.0,train
5208,56702,JVASP-128541,ArXe,2,187,hexagonal,-0.00465,6.013,train
5209,8853,JVASP-75677,Mn2AsSe,4,216,cubic,0.58651,0.0,train
5210,10053,JVASP-93422,Fe2Sn,6,194,hexagonal,0.23559,0.0,train
5211,37439,JVASP-37628,YbLuPd2,4,225,cubic,-0.99067,0.0,train
5212,62669,JVASP-134402,CaSnO,3,99,tetragonal,-0.50793,0.0,train
5213,31486,JVASP-41877,Sc2IrRu,4,225,cubic,-0.91679,0.0,train
5214,22297,JVASP-50388,Sm4U2O11,17,5,monoclinic,-3.63974,0.163,train
5215,37404,JVASP-4693,YbSiIr,12,62,orthorhombic,-0.91612,0.0,train
5216,28478,JVASP-50194,Ba6ZrO8,15,225,cubic,-2.94828,2.612,train
5217,39574,JVASP-43056,V5O12,17,5,monoclinic,-2.34009,0.051,train
5218,38656,JVASP-29245,USeO5,14,11,monoclinic,-2.17306,2.019,train
5219,51022,JVASP-113218,Li2Mn2CoO6,22,12,monoclinic,-1.84637,0.0,train
5220,41671,JVASP-17705,Fe2As,6,129,tetragonal,-0.04398,0.0,train
5221,86146,JVASP-173422,MnZn2N3,12,36,orthorhombic,-0.13832,0.0,train
5222,14169,JVASP-15198,UTeN,6,129,tetragonal,-1.35005,0.0,train
5223,9630,JVASP-75872,AsPd2Pt,4,216,cubic,-0.10886,0.0,train
5224,7023,JVASP-66925,CaTiBe,3,107,tetragonal,0.27375,0.11,train
5225,32880,JVASP-35512,Lu2Fe2Si2C,7,12,monoclinic,-0.72486,0.0,train
5226,84625,JVASP-183775,Rb2CrO2,5,139,tetragonal,-1.38561,0.0,train
5227,84456,JVASP-163842,Li2MnV3O8,28,186,hexagonal,-2.39616,0.05,train
5228,57116,JVASP-126119,Ce3Pa,4,221,cubic,-0.06815,0.0,train
5229,2897,JVASP-48324,Li4Mn7O2F14,27,12,monoclinic,-2.39733,0.687,train
5230,60717,JVASP-132884,Ba4Ga22Sn,27,217,cubic,-0.25596,0.0,train
5231,34237,JVASP-39802,Li2AgHg,4,225,cubic,-0.26665,0.0,train
5232,41300,JVASP-18022,YMnSi,6,129,tetragonal,-0.54247,0.0,train
5233,42706,JVASP-17237,FeNiPt2,4,123,tetragonal,-0.18018,0.0,train
5234,47505,JVASP-56604,BaAu,8,62,orthorhombic,-0.82684,0.0,train
5235,42421,JVASP-64257,Ba4LiSi,6,216,cubic,0.51613,0.0,train
5236,20807,JVASP-104598,MgHg2,6,12,monoclinic,0.00292,0.0,train
5237,90558,JVASP-187473,TiNb2HAu,5,123,tetragonal,-0.20244,0.0,train
5238,83808,JVASP-183751,CdGeO,3,187,hexagonal,-0.36425,0.127,train
5239,9241,JVASP-70846,Sc2BeBi,4,99,tetragonal,0.08526,0.0,train
5240,72440,JVASP-152840,FeNi2S4,14,227,cubic,-0.47713,0.0,train
5241,30320,JVASP-36251,OsC2,3,187,hexagonal,0.56497,0.0,train
5242,86531,JVASP-176226,Rb2MoO4,28,62,orthorhombic,-2.31775,4.508,train
5243,3472,JVASP-42830,Mn2OF3,12,63,orthorhombic,-2.25951,0.0,train
5244,67992,JVASP-134902,GaSiH,3,216,cubic,0.73999,0.0,train
5245,86,JVASP-98688,Nb3Si,32,86,tetragonal,-0.38706,0.0,train
5246,20290,JVASP-104553,AlGaNi2,4,225,cubic,-0.50797,0.0,train
5247,91674,JVASP-191083,Ti2AlGa,4,123,tetragonal,-0.44214,0.0,train
5248,87562,JVASP-165776,Ho2Se3O9,28,2,triclinic,-2.01284,3.884,train
5249,72394,JVASP-146621,Li4Co3TeO8,16,166,trigonal,-1.46354,0.0,train
5250,63509,JVASP-137127,RbNbO2,4,164,trigonal,-1.93797,0.0,train
5251,18860,JVASP-101573,In3Sn,4,221,cubic,0.00889,0.0,train
5252,40668,JVASP-17836,SmInRh,9,189,hexagonal,-0.75075,0.0,train
5253,21731,JVASP-13071,TaAgF6,16,132,tetragonal,-2.82078,3.308,train
5254,37010,JVASP-57809,Ba3Ho2Cu2PtO10,18,12,monoclinic,-2.37548,0.383,train
5255,19948,JVASP-107559,GaNi4Ge3,8,8,monoclinic,-0.29728,0.0,train
5256,38459,JVASP-30499,C,4,164,trigonal,0.0374,0.001,train
5257,81474,JVASP-173656,Lu2ReC2,20,62,orthorhombic,-0.56819,0.0,train
5258,48545,JVASP-114146,PbCO2,4,99,tetragonal,-0.18482,0.0,train
5259,90592,JVASP-189408,BeAlRh2,4,225,cubic,-0.8845,0.0,train
5260,59590,JVASP-143663,Sc11Ru4,30,225,cubic,-0.4494,0.0,train
5261,60987,JVASP-140458,Cd4HgSe5,20,156,trigonal,-0.47966,0.0,train
5262,35310,JVASP-16356,ScAlAu2,4,225,cubic,-0.74712,0.0,train
5263,4627,JVASP-85330,RbC2I3N2,16,59,orthorhombic,-0.01096,2.943,train
5264,85895,JVASP-179295,TaZnCo,3,187,hexagonal,-0.06623,0.0,train
5265,89419,JVASP-194456,Be4AlOs,6,216,cubic,-0.42213,0.0,train
5266,43409,JVASP-109411,Ce2Al3Fe,6,166,trigonal,-0.36858,0.0,train
5267,31069,JVASP-36094,CeCu2Sb2,10,129,tetragonal,-0.38562,0.0,train
5268,56543,JVASP-121493,LiBH4,24,62,orthorhombic,-0.37045,5.994,train
5269,92200,JVASP-190095,MgGePd2,4,123,tetragonal,-0.57187,0.0,train
5270,84414,JVASP-164199,SrHg2Cl2O2,28,14,monoclinic,-1.32779,1.582,train
5271,42637,JVASP-17219,NdCu,8,62,orthorhombic,-0.23714,0.0,train
5272,40460,JVASP-76926,LiGa2Au,4,8,monoclinic,-0.25945,0.0,train
5273,1135,JVASP-97511,KCuCl3,20,14,monoclinic,-1.1695,0.0,train
5274,51726,JVASP-111249,Ba3Pm,8,194,hexagonal,0.1377,0.0,train
5275,32781,JVASP-27255,NdGeBO5,32,14,monoclinic,-2.69945,4.12,train
5276,75141,JVASP-153726,Tl4SnSe3,16,140,tetragonal,-0.40111,0.144,train
5277,88808,JVASP-182424,BaCd2Sn2,5,139,tetragonal,-0.44654,0.0,train
5278,70226,JVASP-149616,LiN,8,71,orthorhombic,-0.50449,0.0,train
5279,35165,JVASP-25093,Sr,2,194,hexagonal,0.00756,0.0,train
5280,63020,JVASP-138207,BiBr2,3,191,hexagonal,-0.37047,0.0,train
5281,33405,JVASP-39927,Hf2ZnRe,4,225,cubic,-0.32305,0.0,train
5282,40669,JVASP-34381,NaZr2NiF11,15,12,monoclinic,-3.35849,1.341,train
5283,77023,JVASP-95467,PH3CS3,32,14,monoclinic,-0.14946,1.916,train
5284,71919,JVASP-153537,CeAl4Ni,12,63,orthorhombic,-0.58188,0.0,train
5285,90224,JVASP-191617,Ti2TlH2,5,139,tetragonal,-0.27547,0.0,train
5286,86463,JVASP-169368,Sm2S2O,20,14,monoclinic,-2.79391,2.423,train
5287,57458,JVASP-127478,MoH,2,221,cubic,0.78882,0.0,train
5288,34615,JVASP-26382,NaScAs2O7,11,5,monoclinic,-2.02959,3.648,train
5289,24998,JVASP-30161,NbOF2,4,12,monoclinic,-2.73648,0.0,train
5290,68840,JVASP-150222,BaYMn2O5,9,123,tetragonal,-2.62289,0.0,train
5291,29525,JVASP-49695,Mg3Ti2O7,24,36,orthorhombic,-3.10915,2.826,train
5292,93752,JVASP-188143,SiRu2H2,5,139,tetragonal,-0.07902,0.0,train
5293,91782,JVASP-188557,TaMoW2,4,123,tetragonal,0.17221,0.0,train
5294,47603,JVASP-23694,Ba3NaIr2O9,30,194,hexagonal,-1.94621,0.0,train
5295,79587,JVASP-183976,ZrCoSi2,4,216,cubic,-0.02095,0.0,train
5296,62743,JVASP-138448,CaHfO,3,187,hexagonal,0.24344,0.0,train
5297,4232,JVASP-63561,DyB6,7,221,cubic,-0.41596,0.0,train
5298,49425,JVASP-111947,Li3MnCo4O8,16,12,monoclinic,-1.4572,0.0,train
5299,26309,JVASP-36007,HfPd,2,221,cubic,-0.6281,0.0,train
5300,56673,JVASP-128530,UKr,2,187,hexagonal,1.30647,0.0,train
5301,36204,JVASP-54486,BaCo2P2O8,13,148,trigonal,-2.14917,0.0,train
5302,2749,JVASP-65543,BaZnBi2,4,123,tetragonal,-0.26127,0.0,train
5303,39407,JVASP-18352,YBi,2,225,cubic,-0.97431,0.0,train
5304,48484,JVASP-21032,Sm2As4O9,30,2,triclinic,-2.18855,3.334,train
5305,35944,JVASP-38885,Zr2TcPd,4,225,cubic,-0.55521,0.0,train
5306,37425,JVASP-29361,SnSO4,24,62,orthorhombic,-1.45214,4.062,train
5307,69622,JVASP-149225,NdFe5,6,65,orthorhombic,0.05532,0.0,train
5308,77182,JVASP-158713,UGaPt,9,189,hexagonal,-0.64827,0.0,train
5309,66135,JVASP-135641,AsRuBr,3,99,tetragonal,0.56922,0.0,train
5310,77594,JVASP-159394,La6OsI10,17,2,triclinic,-1.41303,0.053,train
5311,81598,JVASP-169612,Li2MnF4,14,14,monoclinic,-2.83799,2.097,train
5312,66,JVASP-64780,Ba4CaSn,6,216,cubic,0.16814,0.0,train
5313,34244,JVASP-39053,SmLu3,8,194,hexagonal,0.00799,0.0,train
5314,55084,JVASP-120945,Ca2Br,3,47,orthorhombic,-0.71867,0.0,train
5315,63604,JVASP-138476,CaPtO2,4,166,trigonal,-1.44069,0.0,train
5316,74821,JVASP-150910,GeRh2,12,62,orthorhombic,-0.42432,0.0,train
5317,65623,JVASP-132543,Pm3B,4,164,trigonal,0.11717,0.0,train
5318,77000,JVASP-119808,Nd4CdPt,24,216,cubic,-0.57131,0.0,train
5319,58001,JVASP-126478,HfPd3,4,221,cubic,-0.87644,0.0,train
5320,56482,JVASP-121476,Rh2O3,20,62,orthorhombic,-0.56976,0.0,train
5321,17381,JVASP-100756,SrCd3,4,225,cubic,-0.29502,0.0,train
5322,46229,JVASP-17424,TmAl2Ni,8,63,orthorhombic,-0.68027,0.0,train
5323,41846,JVASP-53214,NaZr2SN2Cl,28,14,monoclinic,-1.84282,1.954,train
5324,1437,JVASP-64081,Ba4HfNb,6,216,cubic,1.36952,0.0,train
5325,30770,JVASP-36504,Ba3BiP,5,221,cubic,-0.19234,0.0,train
5326,19447,JVASP-15720,SmB6,7,221,cubic,-0.47192,0.0,train
5327,84807,JVASP-175408,KMo3P2O14,40,11,monoclinic,-2.22291,0.355,train
5328,88753,JVASP-165390,InHSeO4,28,2,triclinic,-1.19042,3.69,train
5329,49272,JVASP-116278,Li2H,3,99,tetragonal,-0.24844,0.0,train
5330,66433,JVASP-143636,TmCrB4,24,55,orthorhombic,-0.70867,0.277,train
5331,46466,JVASP-16637,Li2Ca,6,227,cubic,-0.01236,0.0,train
5332,45042,JVASP-55129,NaNbO2,4,166,trigonal,-2.20759,0.0,train
5333,28082,JVASP-79356,TiGaFe2,4,225,cubic,-0.39301,0.0,train
5334,52367,JVASP-118740,Mn2SO2,5,164,trigonal,-1.20579,0.0,train
5335,75911,JVASP-156045,TbB2Os2,5,139,tetragonal,-0.39642,0.0,train
5336,34415,JVASP-25224,Fe,1,221,cubic,0.74222,0.0,train
5337,91793,JVASP-188694,Ti4Fe,5,87,tetragonal,-0.17599,0.0,train
5338,74878,JVASP-153703,ZrTc2,12,194,hexagonal,-0.33278,0.0,train
5339,91179,JVASP-187376,TaTiNbTc,4,216,cubic,-0.21245,0.0,train
5340,29499,JVASP-36453,Sr3SbN,5,221,cubic,0.51758,0.0,train
5341,2054,JVASP-62215,Ca4Al6SO12,23,217,cubic,-3.23192,3.808,train
5342,8984,JVASP-69744,ZrBe2Cd,4,225,cubic,0.10482,0.0,train
5343,76756,JVASP-155012,Re7B3,20,186,hexagonal,-0.1889,0.0,train
5344,19867,JVASP-19838,DyAl2,6,227,cubic,-0.53763,0.0,train
5345,42439,JVASP-25140,Na,1,229,cubic,0.00163,0.0,train
5346,87985,JVASP-170847,Nb2Cd2O7,22,46,orthorhombic,-2.20994,1.922,train
5347,19008,JVASP-106775,MnNi3O4,8,47,orthorhombic,-0.85327,0.0,train
5348,26289,JVASP-12737,CuI2O6,18,4,monoclinic,-0.43328,0.4,train
5349,8366,JVASP-67171,BeNbRe,3,107,tetragonal,0.14448,0.0,train
5350,79167,JVASP-162829,YAl5Ni2,8,71,orthorhombic,-0.61616,0.0,train
5351,27748,JVASP-58496,AlCr2O4,14,227,cubic,-2.30822,0.0,train
5352,86429,JVASP-164627,Ba3InAs3,28,62,orthorhombic,-1.07412,0.501,train
5353,20260,JVASP-104967,CeU2O6,9,164,trigonal,-3.68258,0.0,train
5354,75849,JVASP-156042,ZrSi2Ir2,5,139,tetragonal,-0.8497,0.0,train
5355,92810,JVASP-189126,ZnGaRh2,4,123,tetragonal,-0.57837,0.0,train
5356,19457,JVASP-105356,V2CN,4,123,tetragonal,-0.81902,0.0,train
5357,79949,JVASP-178738,Ca2FeO3,6,42,orthorhombic,-2.45247,0.0,train
5358,40155,JVASP-11671,V2Zn2O7,11,12,monoclinic,-2.15117,1.964,train
5359,69024,JVASP-155249,MnCo2Se4,7,12,monoclinic,-0.31709,0.0,train
5360,59810,JVASP-141126,In3Ag3Hg2Te8,16,81,tetragonal,-0.16871,0.049,train
5361,23212,JVASP-52486,SmInO3,20,62,orthorhombic,-2.69427,2.822,train
5362,19672,JVASP-15066,ScP,2,225,cubic,-1.60251,0.0,train
5363,66831,JVASP-141077,Li3MnCoO5,20,12,monoclinic,-1.97499,0.357,train
5364,18128,JVASP-101622,Y2TlZn,4,225,cubic,-0.41512,0.0,train
5365,87963,JVASP-168758,Y5Si2B8,30,127,tetragonal,-0.71999,0.0,train
5366,52931,JVASP-119015,Mg16ScAl12,29,8,monoclinic,-0.08979,0.0,train
5367,48665,JVASP-103048,Ta4C3,7,160,trigonal,-0.59599,0.0,train
5368,10321,JVASP-70402,Be2NbSe,4,99,tetragonal,0.02463,0.0,train
5369,80785,JVASP-173634,Pm2SiPt,4,225,cubic,-0.7924,0.0,train
5370,87435,JVASP-184816,ZnPd2Pt,4,225,cubic,-0.26823,0.0,train
5371,71854,JVASP-149675,UCl3,8,176,hexagonal,-1.8173,0.0,train
5372,49052,JVASP-114438,TlAsF,3,99,tetragonal,-0.6892,0.0,train
5373,45153,JVASP-110166,SrLaTlCuO5,9,99,tetragonal,-2.14077,0.0,train
5374,61455,JVASP-125158,SiB11,12,8,monoclinic,0.23015,0.0,train
5375,2392,JVASP-89988,TeN2Cl6,9,225,cubic,0.89474,0.0,train
5376,67707,JVASP-132833,CaNbNO2,20,14,monoclinic,-2.39832,0.689,train
5377,57047,JVASP-125954,Li8Nd,9,156,trigonal,0.00826,0.0,train
5378,8962,JVASP-75722,ZrBe2As,4,216,cubic,0.3287,0.0,train
5379,5498,JVASP-53571,Al2CrS4,14,74,orthorhombic,-1.0153,0.0,train
5380,36043,JVASP-38448,LiAl3,4,139,tetragonal,-0.12403,0.0,train
5381,57610,JVASP-129079,Ce3Ge,4,221,cubic,-0.49013,0.0,train
5382,13828,JVASP-95283,SrLiAl3N4,36,2,triclinic,-1.39184,3.193,train
5383,8859,JVASP-67850,NaBeMo,3,107,tetragonal,0.57707,0.0,train
5384,13287,JVASP-94833,CeB6,7,221,cubic,-0.53379,0.0,train
5385,38763,JVASP-35208,Zn2SiO4,28,74,orthorhombic,-2.09611,2.449,train
5386,29326,JVASP-81518,Al2FeTc,4,71,orthorhombic,-0.22184,0.0,train
5387,8109,JVASP-75772,ZrV2As,4,216,cubic,-0.04409,0.0,train
5388,87613,JVASP-183898,AgSbO4,6,119,tetragonal,-0.72778,0.0,train
5389,83055,JVASP-163174,CeBi2SeO4,8,123,tetragonal,-2.06796,0.46,train
5390,43617,JVASP-20304,ErCo3,12,166,trigonal,-0.22154,0.0,train
5391,74426,JVASP-154866,CrF4,20,136,tetragonal,-2.49281,0.0,train
5392,84849,JVASP-166347,Ce3Al11,14,71,orthorhombic,-0.40268,0.0,train
5393,72038,JVASP-151225,PRhSe,12,198,cubic,-0.64256,1.087,train
5394,25080,JVASP-56995,NbCoSn,3,216,cubic,0.51559,0.0,train
5395,56221,JVASP-128327,Yb3Cu,4,221,cubic,-0.0128,0.0,train
5396,48113,JVASP-111128,Pb,2,227,cubic,0.28096,0.0,train
5397,17778,JVASP-15107,SmB2Rh3,6,191,hexagonal,-0.67912,0.0,train
5398,24864,JVASP-8173,RbNaO,6,129,tetragonal,-1.29518,2.535,train
5399,75367,JVASP-146802,CeTm3S6,20,11,monoclinic,-2.24403,0.0,train
5400,42787,JVASP-16625,YbTl,2,221,cubic,-0.54702,0.0,train
5401,75105,JVASP-154268,TaPt3,16,11,monoclinic,-0.7318,0.0,train
5402,28217,JVASP-82066,Sc2HgPt,4,139,tetragonal,0.04605,0.0,train
5403,81203,JVASP-183640,Sr2BeO,4,225,cubic,-0.45401,0.0,train
5404,7093,JVASP-43437,LiFeF3,20,62,orthorhombic,-2.42339,0.0,train
5405,57943,JVASP-126461,CdPd3,4,221,cubic,-0.25202,0.0,train
5406,23716,JVASP-56819,PtCl2,6,58,orthorhombic,-0.32802,0.602,train
5407,67574,JVASP-134862,YSF,3,99,tetragonal,-0.8933,0.447,train
5408,48934,JVASP-111547,MgCrGaS4,14,74,orthorhombic,-0.95166,0.502,train
5409,57979,JVASP-127799,TmCd,2,187,hexagonal,-0.11786,0.0,train
5410,1145,JVASP-91569,SrMnSb2,8,129,tetragonal,-0.42989,0.0,train
5411,49840,JVASP-116584,U5Sb4,18,193,hexagonal,-0.22798,0.0,train
5412,63240,JVASP-134422,CaTe2,3,47,orthorhombic,-0.6,0.0,train
5413,14140,JVASP-105721,Ba3Sm,4,139,tetragonal,0.19058,0.0,train
5414,78479,JVASP-172245,LiSiPt2,4,225,cubic,-0.66688,0.0,train
5415,22958,JVASP-51255,AlB2Pb,4,216,cubic,1.71591,0.0,train
5416,60148,JVASP-136792,HfSnO2,4,99,tetragonal,-2.0619,0.0,train
5417,63990,JVASP-131949,NaI3,4,12,monoclinic,-0.64574,1.055,train
5418,74882,JVASP-153972,DyB12,13,225,cubic,-0.27787,0.0,train
5419,68020,JVASP-133381,Ca5Sn3,16,140,tetragonal,-0.72753,0.0,train
5420,41190,JVASP-18251,Ni3Pb2S2,7,166,trigonal,-0.37258,0.0,train
5421,27972,JVASP-4388,CS2,6,64,orthorhombic,0.24802,2.881,train
5422,2143,JVASP-91899,Mg7Nb,8,187,hexagonal,0.14709,0.0,train
5423,64608,JVASP-138512,CdC2,3,25,orthorhombic,0.80997,0.0,train
5424,8658,JVASP-94126,Mg6CoMo,8,38,orthorhombic,0.23175,0.0,train
5425,74712,JVASP-152312,TiFeP,12,62,orthorhombic,-1.06279,0.0,train
5426,36249,JVASP-25303,Rb,1,229,cubic,0.00112,0.0,train
5427,76437,JVASP-161377,Ca2AcLa,4,225,cubic,0.06942,0.0,train
5428,56987,JVASP-127271,PaTl,2,187,hexagonal,0.04277,0.0,train
5429,78693,JVASP-170929,Ca2GaPt2,10,15,monoclinic,-1.04873,0.0,train
5430,22933,JVASP-45685,CaPrFe2O6,20,31,orthorhombic,-2.43722,0.0,train
5431,15885,JVASP-100537,Ti2HC,4,166,trigonal,-0.72225,0.0,train
5432,43753,JVASP-108703,LiAu,2,221,cubic,-0.63534,0.0,train
5433,22115,JVASP-58992,Na5InS4,20,11,monoclinic,-1.14063,2.023,train
5434,86285,JVASP-170448,RbSi4Pt4,9,79,tetragonal,-0.63285,0.0,train
5435,91155,JVASP-188540,Zr3Tc,4,71,orthorhombic,-0.2482,0.0,train
5436,50168,JVASP-112872,RbV2FeAg2O8,28,147,trigonal,-1.81838,0.028,train
5437,89947,JVASP-193434,Li5Al2,7,166,trigonal,-0.22315,0.0,train
5438,55615,JVASP-122116,LiNdMo2O8,24,13,monoclinic,-2.60018,2.941,train
5439,60584,JVASP-137860,BaOsBr,3,99,tetragonal,1.2152,0.0,train
5440,15875,JVASP-50474,Er2Pt2O7,22,227,cubic,-2.25683,1.591,train
5441,93652,JVASP-192056,ZrTiIn2,4,123,tetragonal,-0.2296,0.0,train
5442,69850,JVASP-151364,Ba2UZnO6,10,225,cubic,-3.0282,1.736,train
5443,61292,JVASP-134934,YGeO4,6,119,tetragonal,-2.22411,0.0,train
5444,76554,JVASP-108551,NaH3C2O4,60,2,triclinic,-1.11006,4.627,train
5445,36299,JVASP-38245,Rb3Hg,4,225,cubic,-0.02323,0.0,train
5446,35147,JVASP-15947,TiNi2Sb,4,225,cubic,-0.3292,0.0,train
5447,62472,JVASP-134116,AgBr2,3,12,monoclinic,-0.26747,0.0,train
5448,7127,JVASP-15351,TbNiGe2,8,63,orthorhombic,-0.70726,0.0,train
5449,68558,JVASP-153410,BH6N,16,36,orthorhombic,-0.26471,6.15,train
5450,27832,JVASP-79113,V2ReTc,4,225,cubic,-0.35963,0.0,train
5451,72277,JVASP-147603,ErAl6Fe6,13,71,orthorhombic,-0.40597,0.0,train
5452,31937,JVASP-35096,TcN,6,221,cubic,-0.1565,0.0,train
5453,54811,JVASP-121147,NaInS,3,187,hexagonal,-0.26592,0.164,train
5454,71552,JVASP-151415,Ba3WO6,10,225,cubic,-2.76413,0.571,train
5455,64146,JVASP-144517,YTlP2Se6,20,4,monoclinic,-0.65899,1.43,train
5456,2462,JVASP-16174,SrAsPd,6,194,hexagonal,-1.00465,0.0,train
5457,57528,JVASP-129011,LiFe,2,187,hexagonal,0.17351,0.0,train
5458,13152,JVASP-74605,BeCoRu,3,156,trigonal,0.08236,0.0,train
5459,17836,JVASP-102301,Tl3GaF6,10,225,cubic,-2.25716,3.296,train
5460,9709,JVASP-71396,BeTcSn,3,156,trigonal,0.51135,0.0,train
5461,79510,JVASP-177356,NaTiSi2O6,20,15,monoclinic,-2.87549,0.178,train
5462,4580,JVASP-61805,NaZn4As3,8,166,trigonal,-0.27079,0.0,train
5463,57370,JVASP-126296,Ni3H,4,221,cubic,0.55742,0.0,train
5464,63891,JVASP-144271,TaNiP,12,62,orthorhombic,-0.70728,0.0,train
5465,27131,JVASP-78828,YbPd2,3,139,tetragonal,-0.60504,0.0,train
5466,21638,JVASP-52911,LiAsH2OF6,22,74,orthorhombic,-2.04521,4.06,train
5467,15784,JVASP-101150,MnGaRh2,4,123,tetragonal,-0.41447,0.0,train
5468,29858,JVASP-9641,AlCu2O4,14,227,cubic,-1.45773,0.0,train
5469,15086,JVASP-99722,Rb2GaHgF6,10,225,cubic,-2.47684,0.0,train
5470,22829,JVASP-29328,NiCl2O8,11,148,trigonal,0.06909,1.248,train
5471,10820,JVASP-74176,BeCuMo,3,156,trigonal,0.26972,0.0,train
5472,4050,JVASP-69164,Ba2ZrTe,4,225,cubic,-0.0601,0.0,train
5473,81794,JVASP-166273,Tb8Ga3Co,24,186,hexagonal,-0.42808,0.047,train
5474,28879,JVASP-80850,LiZrHg2,4,12,monoclinic,-0.10514,0.0,train
5475,58843,JVASP-124914,BaAc3,4,164,trigonal,0.0132,0.0,train
5476,21249,JVASP-104983,AlNiF5,7,71,orthorhombic,-2.83603,0.476,train
5477,66023,JVASP-139383,LiP,2,12,monoclinic,-0.31547,0.0,train
5478,87555,JVASP-167280,Li4Mn8O13F3,28,1,triclinic,-2.09335,0.0,train
5479,93095,JVASP-189368,TiPd2Pt,4,123,tetragonal,-0.74185,0.0,train
5480,20080,JVASP-106738,Sr2HfTiO6,10,12,monoclinic,-3.54669,2.651,train
5481,74036,JVASP-151731,AsPd3Pb2,12,36,orthorhombic,-0.30727,0.0,train
5482,52761,JVASP-116403,SrPbO3,5,221,cubic,-1.79152,0.0,train
5483,63517,JVASP-135301,Li2MnO2,5,164,trigonal,-1.51254,0.0,train
5484,93193,JVASP-187302,GeRhPt,3,216,cubic,-0.4369,0.0,train
5485,82361,JVASP-164486,InSb2Se4Br,16,12,monoclinic,-0.4425,0.984,train
5486,76868,JVASP-158685,SmCdGa,9,189,hexagonal,-0.53978,0.0,train
5487,55309,JVASP-122825,Sm3Au,4,164,trigonal,-0.29129,0.0,train
5488,65997,JVASP-134501,CdSe2,3,65,orthorhombic,-0.07545,0.0,train
5489,14427,JVASP-96745,YCrO3,20,62,orthorhombic,-3.04549,1.004,train
5490,76500,JVASP-161347,BaCa2Ac,4,225,cubic,0.05631,0.0,train
5491,65806,JVASP-138033,AlAgO,3,25,orthorhombic,-0.72496,0.0,train
5492,61244,JVASP-138969,AlClO,3,187,hexagonal,-0.2028,0.0,train
5493,24078,JVASP-49912,SbRhO4,12,109,tetragonal,-1.25738,0.021,train
5494,87309,JVASP-171989,Tm2C3N6,11,12,monoclinic,-0.91331,2.435,train
5495,6403,JVASP-90887,CaIn2Ni,8,63,orthorhombic,-0.41546,0.0,train
5496,81571,JVASP-185062,Zr2Sb3Ru,6,115,tetragonal,-0.41203,0.0,train
5497,3797,JVASP-85738,U2InRh2,10,127,tetragonal,-0.42971,0.0,train
5498,22286,JVASP-1585,KTlO2,4,166,trigonal,-1.21774,0.995,train
5499,16334,JVASP-103117,Cd3FeS4,8,115,tetragonal,-0.5285,0.0,train
5500,65233,JVASP-136653,GaH,4,8,monoclinic,0.26689,0.0,train
5501,64163,JVASP-137981,BaNaP,3,99,tetragonal,0.44229,0.0,train
5502,70598,JVASP-150745,LiNbO3,10,161,trigonal,-2.70584,3.317,train
5503,743,JVASP-18825,AlFe2,6,227,cubic,-0.11407,0.0,train
5504,9904,JVASP-71292,BeGa2Cl,4,99,tetragonal,0.0379,0.0,train
5505,56580,JVASP-128477,BiKr,2,187,hexagonal,0.38565,0.0,train
5506,21744,JVASP-106494,BiPt3,4,221,cubic,0.00956,0.0,train
5507,93185,JVASP-189251,LiCaRh2C,5,123,tetragonal,-0.36661,0.0,train
5508,64490,JVASP-144524,B3Rh7,20,186,hexagonal,-0.21946,0.0,train
5509,52982,JVASP-118329,Tc2O3F,6,38,orthorhombic,-1.63132,0.0,train
5510,43677,JVASP-9142,In2Si2O7,11,12,monoclinic,-2.38316,2.959,train
5511,2954,JVASP-86168,RbCrCl3,10,12,monoclinic,-1.43614,0.057,train
5512,34708,JVASP-39430,Nd3Th,4,139,tetragonal,0.05587,0.0,train
5513,12572,JVASP-22731,SrMg2As2,5,164,trigonal,-1.06065,1.463,train
5514,14492,JVASP-99008,RbEuS2,4,166,trigonal,-2.03012,2.285,train
5515,291,JVASP-37104,Sc2MnGe,4,216,cubic,-0.19439,0.0,train
5516,9608,JVASP-70667,Be2IrPb,4,99,tetragonal,0.16806,0.0,train
5517,15444,JVASP-101442,ZrInAu2,4,123,tetragonal,-0.41511,0.0,train
5518,33992,JVASP-40820,LaNiSb,3,216,cubic,-0.2815,0.0,train
5519,16553,JVASP-1615,KSmTe2,4,166,trigonal,-1.48267,1.256,train
5520,60339,JVASP-135193,SnI,2,38,orthorhombic,-0.13396,0.0,train
5521,135,JVASP-86899,Zr5Sb4,18,193,hexagonal,-0.65847,0.0,train
5522,59602,JVASP-144380,MgSc2S4,14,122,tetragonal,-1.88685,1.398,train
5523,9990,JVASP-85782,BaSO2,16,62,orthorhombic,-1.9698,1.744,train
5524,19085,JVASP-106664,Sr2MgMoO6,10,225,cubic,-2.94144,2.036,train
5525,28007,JVASP-24602,PdI2,12,14,monoclinic,-0.22051,0.65,train
5526,83663,JVASP-186116,CaCoSi2,4,99,tetragonal,-0.13019,0.0,train
5527,21171,JVASP-102482,DyTmRh2,4,225,cubic,-0.97822,0.0,train
5528,42408,JVASP-97809,Zn3B7ClO13,48,161,trigonal,-2.32166,4.631,train
5529,31538,JVASP-57163,Y2Hf2O7,22,227,cubic,-3.83477,3.451,train
5530,89886,JVASP-188764,Ba2BeH5,8,107,tetragonal,-0.44466,0.0,train
5531,48263,JVASP-110495,ErAlSi,6,63,orthorhombic,-0.60492,0.0,train
5532,25371,JVASP-54989,TmSi2Pd2,5,139,tetragonal,-0.85042,0.0,train
5533,48602,JVASP-112387,TiCrAgS4,28,31,orthorhombic,-0.84421,0.111,train
5534,80012,JVASP-176373,YbIn6Cu6,13,71,orthorhombic,-0.13631,0.0,train
5535,36670,JVASP-19601,Ta2B,6,140,tetragonal,-0.50057,0.0,train
5536,86420,JVASP-164891,Sm2Mn12P7,21,174,hexagonal,-0.62311,0.0,train
5537,83104,JVASP-183317,ScMoO,3,187,hexagonal,-0.73443,0.0,train
5538,90320,JVASP-192875,Y2MgScO,5,123,tetragonal,-1.33509,0.0,train
5539,19976,JVASP-2697,NaNbSe2,8,194,hexagonal,-1.0584,0.626,train
5540,87786,JVASP-182751,CaMgO3,5,221,cubic,-2.11069,0.0,train
5541,50953,JVASP-115615,BeBr3,4,1,triclinic,-0.69178,0.0,train
5542,55325,JVASP-122836,CeSm3,4,164,trigonal,0.01022,0.0,train
5543,71267,JVASP-146603,Cr3Fe2O8,13,160,trigonal,-1.76489,0.0,train
5544,84300,JVASP-173780,YCuGe,3,187,hexagonal,-0.68733,0.0,train
5545,9518,JVASP-88814,Na2Si4Cu5O14,25,2,triclinic,-1.88445,0.329,train
5546,50769,JVASP-113123,AlCr4AgS8,14,216,cubic,-0.80802,0.255,train
5547,55817,JVASP-123274,CaY,2,187,hexagonal,0.10246,0.0,train
5548,14649,JVASP-96942,SiO2,36,199,cubic,-2.6406,4.71,train
5549,47092,JVASP-30689,SbF5,12,63,orthorhombic,-1.99254,1.713,train
5550,2022,JVASP-91755,KNa3H4,8,221,cubic,-0.25715,3.121,train
5551,23928,JVASP-8071,GaCuSe2,8,122,tetragonal,-0.47488,0.087,train
5552,44856,JVASP-9265,Ba2Ti2TlO7,12,123,tetragonal,-2.60134,0.0,train
5553,56024,JVASP-122279,LiVGaO4,28,1,triclinic,-2.29068,0.0,train
5554,44364,JVASP-110141,U2AsSe,4,123,tetragonal,-0.92742,0.0,train
5555,28538,JVASP-80105,U3Cl,4,139,tetragonal,0.19145,0.0,train
5556,64066,JVASP-129980,NdPu7,8,16,orthorhombic,0.31655,0.0,train
5557,79189,JVASP-167576,La3Er,4,139,tetragonal,-0.03969,0.0,train
5558,70564,JVASP-157023,LiSm2Hg,4,225,cubic,-0.1466,0.0,train
5559,10845,JVASP-71119,HfBeNb2,4,99,tetragonal,0.10641,0.0,train
5560,62280,JVASP-141917,Li4Mn3CoO8,16,2,triclinic,-1.89532,0.194,train
5561,81933,JVASP-164474,Rb4P2Se9,30,15,monoclinic,-0.70936,1.301,train
5562,42680,JVASP-19677,NdNi2,6,227,cubic,-0.36268,0.0,train
5563,80063,JVASP-167649,KHoC2O6,20,15,monoclinic,-2.28933,4.373,train
5564,16105,JVASP-100736,Mg5Ag,6,38,orthorhombic,-0.06776,0.0,train
5565,69617,JVASP-153439,TbGe2Pd,16,71,orthorhombic,-0.7701,0.0,train
5566,52597,JVASP-117969,Ca2C,3,65,orthorhombic,0.77238,0.0,train
5567,47801,JVASP-39354,LuOs3,8,194,hexagonal,0.16441,0.0,train
5568,44263,JVASP-109466,RbNa2AsF6,10,225,cubic,-2.37653,2.721,train
5569,58511,JVASP-126604,TcRh3,4,221,cubic,-0.04904,0.0,train
5570,74341,JVASP-152297,TiO2,6,141,tetragonal,-3.26318,2.054,train
5571,90741,JVASP-192153,HfZr2Zn,4,123,tetragonal,-0.15409,0.0,train
5572,57416,JVASP-121779,Li5Ti2Mn5O12,24,5,monoclinic,-2.17879,0.0,train
5573,40582,JVASP-12560,SrH2,12,62,orthorhombic,-0.66372,3.366,train
5574,42338,JVASP-64385,Ba4NbCd,6,216,cubic,0.8744,0.0,train
5575,77610,JVASP-159087,Li2RhF6,18,136,tetragonal,-2.37225,0.0,train
5576,80008,JVASP-184454,Sc2ZnNi,4,225,cubic,-0.4804,0.0,train
5577,89769,JVASP-191154,MgScRhPt,4,216,cubic,-1.02469,0.0,train
5578,2772,JVASP-87243,Sr5B3BrO9,36,20,orthorhombic,-3.01995,4.223,train
5579,66925,JVASP-139143,AlNiF4,6,123,tetragonal,-2.44276,0.0,train
5580,54057,JVASP-118540,HgC,4,1,triclinic,1.03398,2.571,train
5581,25008,JVASP-8392,NiO2,6,12,monoclinic,-0.81827,0.82,train
5582,16861,JVASP-99886,RbP2Rh2,5,139,tetragonal,-0.75519,0.0,train
5583,28205,JVASP-80545,YScZn2,4,71,orthorhombic,0.43525,0.0,train
5584,91297,JVASP-191418,MgZr3N,5,221,cubic,-0.81407,0.0,train
5585,81661,JVASP-166767,MgH2O2,5,164,trigonal,-1.85611,4.498,train
5586,13573,JVASP-92764,KVO3,5,221,cubic,-2.33014,0.084,train
5587,86725,JVASP-183852,NbFeO,3,187,hexagonal,-0.54362,0.0,train
5588,7316,JVASP-86312,SrZn5,6,191,hexagonal,-0.251,0.0,train
5589,39973,JVASP-48096,V3O4F2,18,58,orthorhombic,-2.67153,0.0,train
5590,17493,JVASP-101614,Tb3Sm,4,139,tetragonal,0.00635,0.0,train
5591,8406,JVASP-89895,Nd2Fe2Se2O3,9,139,tetragonal,-2.0222,0.0,train
5592,49373,JVASP-114584,BaTlTe,3,187,hexagonal,-0.47747,0.0,train
5593,36885,JVASP-52252,AgCO3,10,167,trigonal,-0.89422,0.0,train
5594,33346,JVASP-40887,Pm2AgIr,4,225,cubic,-0.57246,0.0,train
5595,70200,JVASP-152777,TbMo6Se8,15,148,trigonal,-0.73887,0.0,train
5596,16577,JVASP-99684,Na2LuAgCl6,10,225,cubic,-1.63709,2.789,train
5597,1391,JVASP-107751,MgZn3S4,8,6,monoclinic,-1.06402,2.228,train
5598,33315,JVASP-56804,ThCl4,10,88,tetragonal,-2.27087,4.034,train
5599,19104,JVASP-106890,Li2FeCoO4,8,10,monoclinic,-1.73892,0.0,train
5600,66603,JVASP-133659,Ta2Mn2O7,22,227,cubic,-2.3878,1.445,train
5601,55316,JVASP-123640,AlSe2,3,12,monoclinic,-0.64326,0.0,train
5602,30123,JVASP-35887,HfCuSn,6,186,hexagonal,-0.25275,0.0,train
5603,46722,JVASP-16639,Yb3PbO,5,221,cubic,-1.88831,0.0,train
5604,38391,JVASP-30496,B2C3N6,22,167,trigonal,-0.15697,2.011,train
5605,21433,JVASP-15129,UTeO,6,129,tetragonal,-2.18745,0.0,train
5606,36757,JVASP-29923,Nb2PS10,52,18,orthorhombic,-0.59926,1.344,train
5607,71949,JVASP-155334,Rb2IrBr6,9,225,cubic,-1.03318,0.0,train
5608,22398,JVASP-7844,AlN,2,216,cubic,-1.62907,3.545,train
5609,37801,JVASP-32108,Zr6BI12,19,148,trigonal,-1.0102,0.0,train
5610,55889,JVASP-121836,SrEr2Se4,28,62,orthorhombic,-2.06154,1.424,train
5611,71791,JVASP-151423,U3O8,11,162,trigonal,-3.1884,0.0,train
5612,90193,JVASP-190628,BeTcOs,3,107,tetragonal,-0.23417,0.0,train
5613,85999,JVASP-166375,SrCaCuO3,6,44,orthorhombic,-2.38411,0.0,train
5614,91007,JVASP-188673,Tc,3,191,hexagonal,0.06316,0.0,train
5615,82676,JVASP-176822,Ag9Ge2IO8,20,12,monoclinic,-0.64957,0.0,train
5616,66131,JVASP-124918,Ac3C,4,164,trigonal,0.03601,0.0,train
5617,83009,JVASP-163486,BaPr2Se4,14,122,tetragonal,-2.06162,1.692,train
5618,48526,JVASP-31779,Nb2WSe6,18,15,monoclinic,-0.74393,0.0,train
5619,62052,JVASP-141636,LiMnPO4,28,33,orthorhombic,-2.18445,1.796,train
5620,58221,JVASP-124320,AlHg,2,10,monoclinic,0.26105,0.0,train
5621,87586,JVASP-178592,Ba2CuIO2,24,11,monoclinic,-2.10382,2.271,train
5622,14519,JVASP-99381,Rb2NdAgBr6,10,225,cubic,-1.57769,3.182,train
5623,20707,JVASP-102532,MgOs,4,51,orthorhombic,0.18643,0.0,train
5624,89890,JVASP-190507,HfGaCoRu,4,216,cubic,-0.57059,0.0,train
5625,93064,JVASP-187299,Zr2NbTl,4,123,tetragonal,-0.02857,0.0,train
5626,65029,JVASP-136105,BrN2,3,47,orthorhombic,0.6432,0.0,train
5627,63566,JVASP-141962,Sm2CuGe2O8,26,8,monoclinic,-2.43009,0.49,train
5628,30586,JVASP-58602,Mg2Bi3O8,26,186,hexagonal,-1.55807,0.0,train
5629,65754,JVASP-140808,DyAl10Fe2,26,63,orthorhombic,-0.38221,0.0,train
5630,62093,JVASP-138693,MgF2,3,47,orthorhombic,-3.16628,4.186,train
5631,51123,JVASP-115718,PdSeBr2,4,123,tetragonal,0.24426,0.0,train
5632,91937,JVASP-188977,Ti2AlZn,4,123,tetragonal,-0.32071,0.0,train
5633,61752,JVASP-137084,NaZnO,3,187,hexagonal,-0.26078,0.0,train
5634,27810,JVASP-78922,Li2HN,4,160,trigonal,-0.51857,2.908,train
5635,75581,JVASP-156435,InSbAu,3,216,cubic,-0.05169,0.0,train
5636,8805,JVASP-50354,TaCuO3,20,12,monoclinic,-2.25044,1.658,train
5637,880,JVASP-107786,MgMnF6,8,148,trigonal,-2.95301,2.157,train
5638,35353,JVASP-23791,ScSiNi,12,62,orthorhombic,-0.87736,0.0,train
5639,25701,JVASP-29751,CoAsS,12,29,orthorhombic,-0.18966,0.0,train
5640,79554,JVASP-176364,YErSn2Pd4,8,166,trigonal,-0.8911,0.0,train
5641,366,JVASP-3396,K3CrO4,8,121,tetragonal,-2.00963,0.0,train
5642,79862,JVASP-162919,PrGa5Ru,7,123,tetragonal,-0.45693,0.0,train
5643,47096,JVASP-33308,BH5CN2,36,33,orthorhombic,-0.2104,5.385,train
5644,34549,JVASP-40789,VGePt,3,216,cubic,-0.13626,0.0,train
5645,90898,JVASP-192467,V2TcOs,4,123,tetragonal,-0.34365,0.0,train
5646,75749,JVASP-155570,Sr2GeTe2F2,7,115,tetragonal,-2.25781,1.334,train
5647,28909,JVASP-80871,SrCaAg2,4,71,orthorhombic,-0.36185,0.0,train
5648,35928,JVASP-37661,Ho3Zr,4,221,cubic,0.07591,0.0,train
5649,91605,JVASP-193999,BeTcRu,3,107,tetragonal,-0.2447,0.0,train
5650,64019,JVASP-123516,PrU3,4,25,orthorhombic,0.39979,0.0,train
5651,74491,JVASP-149981,BiCl3,8,59,orthorhombic,-0.97004,2.28,train
5652,30088,JVASP-41421,Ti6Al16Ni7,29,225,cubic,-0.56672,0.0,train
5653,36521,JVASP-40547,LiVRh2,4,225,cubic,-0.44013,0.0,train
5654,13891,JVASP-93092,Mg6SiW,8,38,orthorhombic,0.20242,0.0,train
5655,2657,JVASP-90249,Y2CuGe6,9,38,orthorhombic,-0.43239,0.0,train
5656,81826,JVASP-172478,Zn4Si2H2O9,17,8,monoclinic,-1.93765,3.243,train
5657,72053,JVASP-154614,Er3Ru,16,62,orthorhombic,-0.39114,0.0,train
5658,81037,JVASP-179807,NbTlBr3,5,8,monoclinic,-0.55128,0.241,train
5659,56059,JVASP-122303,V2MoO8,11,12,monoclinic,-2.24226,0.0,train
5660,49995,JVASP-112819,Fe6O5F7,18,1,triclinic,-1.73632,0.0,train
5661,67486,JVASP-134564,TaClO4,6,216,cubic,1.0316,0.0,train
5662,87623,JVASP-175841,K3V5O14,22,157,trigonal,-2.49577,2.056,train
5663,36985,JVASP-77197,MgScIr2,4,12,monoclinic,-0.50524,0.0,train
5664,34455,JVASP-32143,P2S7,18,2,triclinic,-0.14035,1.754,train
5665,50744,JVASP-115456,MgAuO2,4,166,trigonal,-1.55695,0.0,train
5666,90546,JVASP-190174,BeCoSiRh,4,216,cubic,-0.61748,0.0,train
5667,47802,JVASP-30920,Ti2Pd3,10,63,orthorhombic,-0.60613,0.0,train
5668,41391,JVASP-12602,K2HBrO,10,11,monoclinic,-1.61148,3.835,train
5669,27539,JVASP-12971,Ti4Bi2O11,17,12,monoclinic,-2.72316,2.135,train
5670,35735,JVASP-39291,Lu2AlTc,4,225,cubic,-0.27729,0.0,train
5671,76245,JVASP-161170,YbBa2Mg,4,225,cubic,-0.00287,0.0,train
5672,88706,JVASP-173494,Tb4ZrAl15,20,166,trigonal,-0.44368,0.0,train
5673,68115,JVASP-142685,LiVF4,12,2,triclinic,-3.03285,0.606,train
5674,92756,JVASP-190111,HfTaTc2,4,123,tetragonal,-0.51625,0.0,train
5675,30330,JVASP-36348,PdC,2,216,cubic,1.18596,0.0,train
5676,21522,JVASP-106447,Rb2BiAuCl6,10,225,cubic,-1.24571,0.568,train
5677,6364,JVASP-68717,ZrBeBr,3,156,trigonal,-0.08827,0.0,train
5678,66319,JVASP-139673,NaGaAs,3,38,orthorhombic,-0.11974,0.0,train
5679,56214,JVASP-128323,Yb3Cl,4,221,cubic,-0.43889,0.0,train
5680,64744,JVASP-140320,LiTm2Br5,16,15,monoclinic,-1.52735,0.0,train
5681,77415,JVASP-159917,NdH,2,225,cubic,-0.4233,0.0,train
5682,22434,JVASP-106657,CeRe2SiC,10,63,orthorhombic,-0.45917,0.0,train
5683,55498,JVASP-121222,MgPbO3,5,221,cubic,-0.93764,0.0,train
5684,25072,JVASP-12682,LiTiPO4F,16,2,triclinic,-2.76125,0.0,train
5685,1879,JVASP-91617,V3Ge,8,223,cubic,-0.30731,0.0,train
5686,29553,JVASP-34372,Na3NiF6,20,14,monoclinic,-2.48631,0.019,train
5687,68783,JVASP-147317,Zr5Sc5Ga6,16,38,orthorhombic,-0.53526,0.0,train
5688,8712,JVASP-43813,Li2MnCo3O8,14,12,monoclinic,-1.57553,0.0,train
5689,74872,JVASP-154426,Nd3Ge5,16,43,orthorhombic,-0.78613,0.0,train
5690,58844,JVASP-128237,TaCu,2,221,cubic,0.1747,0.0,train
5691,5124,JVASP-66182,KBaCu,3,216,cubic,0.44673,0.0,train
5692,93455,JVASP-187063,Al2NiPd,4,123,tetragonal,-0.75754,0.0,train
5693,70100,JVASP-148979,Rb2Te,6,194,hexagonal,-1.105,1.448,train
5694,13022,JVASP-92338,CaCuO3,5,221,cubic,-1.51309,0.0,train
5695,64979,JVASP-136930,Li2WN2,5,164,trigonal,-0.56992,0.0,train
5696,39963,JVASP-97749,La3Ga4Cl,16,140,tetragonal,-1.09071,0.0,train
5697,47224,JVASP-56734,YSnAu,6,186,hexagonal,-0.8605,0.0,train
5698,50658,JVASP-113062,RbCoNiF6,18,74,orthorhombic,-2.17304,0.244,train
5699,23619,JVASP-13302,Na3UF7,11,8,monoclinic,-3.31151,0.118,train
5700,62610,JVASP-140267,Na3ScB2O6,24,14,monoclinic,-2.67327,3.88,train
5701,7937,JVASP-68626,Sr2BeBi,4,119,tetragonal,-0.04928,0.0,train
5702,72418,JVASP-146990,MnSeO4,24,14,monoclinic,-1.10675,0.0,train
5703,58538,JVASP-126610,URh3,4,221,cubic,-0.72082,0.0,train
5704,30572,JVASP-30544,CrO3,8,194,hexagonal,-0.90812,0.0,train
5705,17485,JVASP-106233,CaYZn2,4,225,cubic,-0.37667,0.0,train
5706,21982,JVASP-18987,Sb2O3,20,227,cubic,-1.43708,3.121,train
5707,23795,JVASP-11739,VPO5,14,129,tetragonal,-2.32184,1.343,train
5708,32327,JVASP-41056,HfAlRh2,4,225,cubic,-1.01732,0.0,train
5709,20621,JVASP-104972,BaVSe2S,10,38,orthorhombic,-1.37294,0.0,train
5710,73647,JVASP-154199,Er5Tl3,16,193,hexagonal,-0.30837,0.0,train
5711,82585,JVASP-164491,Sm4Ga16Co3,23,123,tetragonal,-0.52644,0.0,train
5712,46338,JVASP-38127,Ca6Sn2NF,10,225,cubic,-1.43326,0.147,train
5713,26301,JVASP-50997,H3NO,20,19,orthorhombic,-0.30101,3.886,train
5714,681,JVASP-37424,Ta2Be2O5,9,123,tetragonal,-1.84196,0.0,train
5715,66998,JVASP-123848,SiBi5,6,156,trigonal,0.16469,0.0,train
5716,4830,JVASP-86176,PrB2Rh2C,6,139,tetragonal,-0.60846,0.0,train
5717,48630,JVASP-115841,Rb2AgSe,4,225,cubic,-0.50164,0.0,train
5718,26701,JVASP-78935,VIr,4,65,orthorhombic,-0.54835,0.0,train
5719,83453,JVASP-163184,ThAl2Au2,10,129,tetragonal,-0.77625,0.0,train
5720,12155,JVASP-93271,ThSi2Rh2,5,139,tetragonal,-1.02787,0.0,train
5721,45498,JVASP-54957,MgCl2,6,51,orthorhombic,-1.83279,4.472,train
5722,2798,JVASP-18402,MoH,4,194,hexagonal,0.49191,0.0,train
5723,84614,JVASP-183007,TaCuS2,4,187,hexagonal,-0.8298,0.0,train
5724,84060,JVASP-179937,YCuSe,3,187,hexagonal,-0.47778,0.0,train
5725,24799,JVASP-8044,TbNiSb,3,216,cubic,-0.92612,0.294,train
5726,47729,JVASP-12534,Tl5Se2I,16,140,tetragonal,-0.47188,0.773,train
5727,9072,JVASP-69482,BeGa2Pd2,5,139,tetragonal,-0.05626,0.0,train
5728,62569,JVASP-133169,InHO2,16,205,cubic,-1.43934,1.789,train
5729,36519,JVASP-36848,CoAuO2,8,194,hexagonal,-0.86411,0.146,train
5730,89530,JVASP-190498,Zn2RhAu,4,139,tetragonal,-0.33224,0.0,train
5731,89006,JVASP-163984,Sm2TiMnO6,20,14,monoclinic,-3.13113,0.0,train
5732,633,JVASP-85666,CuH4Pb2Cl2O4,13,99,tetragonal,-1.06144,0.267,train
5733,14011,JVASP-108032,RbAs2Rh2,5,139,tetragonal,-0.62026,0.0,train
5734,83323,JVASP-164851,Ca5BC4Cl3,26,63,orthorhombic,-1.12563,0.695,train
5735,75320,JVASP-147115,CaV2O4,28,62,orthorhombic,-2.74718,0.0,train
5736,86548,JVASP-178975,MgP2Pd2,5,139,tetragonal,-0.43054,0.0,train
5737,75631,JVASP-156336,PmNdGe,3,216,cubic,-0.5505,0.0,train
5738,89198,JVASP-176667,Ba3Te2O9,28,194,hexagonal,-2.13045,2.305,train
5739,91834,JVASP-191088,Ti2VAu,4,123,tetragonal,-0.27628,0.0,train
5740,7959,JVASP-67513,BeCdPb,3,156,trigonal,0.44734,0.0,train
5741,10441,JVASP-71985,MgTaBe2,4,123,tetragonal,0.14769,0.0,train
5742,91459,JVASP-189089,Zn2NiPd,4,123,tetragonal,-0.38405,0.0,train
5743,31933,JVASP-20278,HoTl3,4,221,cubic,-0.20793,0.0,train
5744,70287,JVASP-145506,Na2V2O5,18,8,monoclinic,-2.38103,0.0,train
5745,69305,JVASP-157154,La2TmMg,4,225,cubic,-0.00521,0.0,train
5746,51572,JVASP-111002,Sr2FeCoO6,10,123,tetragonal,-2.12022,0.0,train
5747,2859,JVASP-98541,AgCN3O2,28,57,orthorhombic,0.16914,2.124,train
5748,58334,JVASP-128059,ErPt3,4,221,cubic,-1.11637,0.0,train
5749,29582,JVASP-34483,Ag2H3IO6,12,148,trigonal,-0.48673,0.709,train
5750,75554,JVASP-157377,Mg2InSn,4,225,cubic,-0.09134,0.0,train
5751,13689,JVASP-14669,Yb3Si5,8,189,hexagonal,-0.43516,0.0,train
5752,61990,JVASP-134386,CaScO,3,6,monoclinic,-1.61473,0.0,train
5753,83518,JVASP-185140,SbF,2,187,hexagonal,-0.99451,0.0,train
5754,14631,JVASP-99572,Tb3Dy,4,139,tetragonal,0.0116,0.0,train
5755,91732,JVASP-191084,TaTi2Zn,4,123,tetragonal,-0.09138,0.0,train
5756,52637,JVASP-119316,Mn2CuO4,14,74,orthorhombic,-1.45418,0.0,train
5757,35803,JVASP-37724,HoGeO3,5,221,cubic,-2.14675,0.0,train
5758,27778,JVASP-55627,IO2,24,14,monoclinic,-0.30843,1.499,train
5759,67438,JVASP-139712,AgO2,3,47,orthorhombic,0.38101,0.0,train
5760,10817,JVASP-71414,Be2FeCl,4,123,tetragonal,0.13316,0.0,train
5761,77003,JVASP-111174,MoH2N2Cl5O,44,62,orthorhombic,0.20063,0.003,train
5762,35814,JVASP-39335,Pa3Tl,4,139,tetragonal,0.15446,0.0,train
5763,26563,JVASP-11011,Mn4ZnS8,13,166,trigonal,-0.59777,0.0,train
5764,44646,JVASP-19621,NdFe2,6,227,cubic,0.04498,0.0,train
5765,3528,JVASP-89341,BiB3O6,40,29,orthorhombic,-2.32085,3.923,train
5766,13908,JVASP-94885,SiSbPt5,7,123,tetragonal,-0.20808,0.0,train
5767,89298,JVASP-163696,RbBe2F5,8,5,monoclinic,-3.41192,7.47,train
5768,87311,JVASP-181663,TiAlPd,3,187,hexagonal,-0.43641,0.0,train
5769,5610,JVASP-65616,BaGaPt2,4,123,tetragonal,-0.22381,0.0,train
5770,21557,JVASP-104879,Y3Sn,4,139,tetragonal,-0.44022,0.0,train
5771,23339,JVASP-7903,P3N5,8,44,orthorhombic,-0.24338,2.806,train
5772,48551,JVASP-110494,Cu7Si2,9,164,trigonal,0.0367,0.0,train
5773,15941,JVASP-100777,Nd2Ni2Sn,5,71,orthorhombic,-0.56462,0.0,train
5774,11204,JVASP-71990,MnBeFe2,4,119,tetragonal,-0.00521,0.0,train
5775,10539,JVASP-63888,Ba4CrMo,6,216,cubic,1.4027,0.0,train
5776,18501,JVASP-103358,Pb2BrOF,10,67,orthorhombic,-1.63421,2.39,train
5777,6400,JVASP-86483,TbSi2Ni,8,63,orthorhombic,-0.79799,0.0,train
5778,81247,JVASP-180940,HfGa4Ir,6,123,tetragonal,-0.30336,0.0,train
5779,84710,JVASP-183777,Cr2SO2,5,164,trigonal,-1.38233,0.0,train
5780,2562,JVASP-86166,ZrTe,8,62,orthorhombic,-0.89023,0.0,train
5781,26440,JVASP-78278,SmCd2,3,191,hexagonal,-0.36522,0.0,train
5782,69452,JVASP-156960,MnNb2Mo,4,225,cubic,-0.06842,0.0,train
5783,74669,JVASP-152419,AgBiS2,4,166,trigonal,-0.31098,0.533,train
5784,35731,JVASP-36584,MgSnO3,5,221,cubic,-1.61484,1.176,train
5785,4629,JVASP-69373,BaMnCr2,4,123,tetragonal,1.60348,0.0,train
5786,80169,JVASP-177371,CaNdAu2,4,225,cubic,-0.91591,0.0,train
5787,43952,JVASP-110120,Zn3CdO4,8,156,trigonal,-1.44836,0.212,train
5788,82900,JVASP-182945,NbCrO3,5,221,cubic,-1.78058,0.0,train
5789,5600,JVASP-66565,BaNaCl,3,216,cubic,-0.83441,0.635,train
5790,54490,JVASP-117872,PbBr2,3,38,orthorhombic,-0.90755,2.456,train
5791,64622,JVASP-143589,Sm3GeO8,24,11,monoclinic,-2.57858,0.0,train
5792,42705,JVASP-16594,TmNi,8,62,orthorhombic,-0.57661,0.0,train
5793,77985,JVASP-179010,CdAsPd2,4,216,cubic,-0.10469,0.0,train
5794,59705,JVASP-144387,Ba3Co3N5,22,2,triclinic,-0.46598,0.0,train
5795,20317,JVASP-105133,Cd3Ni,4,221,cubic,0.06519,0.0,train
5796,58715,JVASP-124815,CaTc,2,187,hexagonal,0.79343,0.0,train
5797,14294,JVASP-106173,NbCrF6,8,225,cubic,-2.71759,0.0,train
5798,51026,JVASP-105417,PuZr4C5,10,166,trigonal,-0.78427,0.0,train
5799,60215,JVASP-143690,Sc2MnB2Ir5,20,127,tetragonal,-0.7521,0.0,train
5800,19126,JVASP-16908,TiBi2O6,9,1,triclinic,-1.60788,0.0,train
5801,35588,JVASP-38291,RbSmO3,5,221,cubic,-2.00034,0.0,train
5802,38214,JVASP-37415,TaZnOs2,4,225,cubic,-0.15723,0.0,train
5803,71529,JVASP-144859,Li3YNi2O6,12,5,monoclinic,-1.99089,0.217,train
5804,83794,JVASP-163192,ZnP2,24,96,tetragonal,-0.26792,1.469,train
5805,41282,JVASP-9239,Sr2YTi2TlO7,13,123,tetragonal,-2.89743,0.0,train
5806,80297,JVASP-163752,Li4TiS4,18,63,orthorhombic,-1.46359,2.138,train
5807,10675,JVASP-71374,Y2HfBe,4,99,tetragonal,0.08919,0.0,train
5808,90890,JVASP-189309,Be2NiAu,4,225,cubic,-0.30018,0.0,train
5809,37461,JVASP-35214,Na2ZnSe2,10,72,orthorhombic,-0.98842,1.958,train
5810,50469,JVASP-116836,Li2Fe5O5F7,19,1,triclinic,-1.98069,0.0,train
5811,45110,JVASP-56364,HfCuP,3,156,trigonal,-0.11979,0.0,train
5812,86410,JVASP-183067,Sr2GaN2,5,139,tetragonal,-0.74945,0.0,train
5813,40255,JVASP-49946,Na2Ti2O5,9,12,monoclinic,-2.81521,3.038,train
5814,29867,JVASP-34494,BaUSi2O8,24,63,orthorhombic,-3.14851,2.468,train
5815,61501,JVASP-134083,BeI3,4,1,triclinic,-0.36353,0.0,train
5816,46902,JVASP-57453,PtS,4,131,tetragonal,-0.4428,0.435,train
5817,58175,JVASP-129278,Ir3Xe,4,221,cubic,2.2496,0.0,train
5818,62636,JVASP-133530,Ba3MoN3,14,176,hexagonal,-0.89567,0.0,train
5819,22366,JVASP-107048,MgBe4Cu,6,216,cubic,-0.08776,0.0,train
5820,75118,JVASP-152445,CaMoO4,12,88,tetragonal,-2.79005,3.321,train
5821,57890,JVASP-122707,ScGa3,4,8,monoclinic,-0.44335,0.0,train
5822,66553,JVASP-135654,AsHO,3,187,hexagonal,0.25909,0.0,train
5823,85003,JVASP-178515,ScTi4Ni5Sn5,15,160,trigonal,-0.57805,0.0,train
5824,12805,JVASP-74500,CaBe2Fe,4,119,tetragonal,0.64168,0.0,train
5825,83465,JVASP-178016,MgAlH5,14,20,orthorhombic,-0.17899,3.578,train
5826,64339,JVASP-140758,Cd8Au5,26,217,cubic,-0.1455,0.0,train
5827,91246,JVASP-192931,TiV2PtN,5,123,tetragonal,-1.00939,0.0,train
5828,54101,JVASP-118594,LaN2,3,10,monoclinic,-0.16093,0.0,train
5829,33694,JVASP-35227,Ba2YCu3O6,12,25,orthorhombic,-2.00715,0.0,train
5830,68497,JVASP-148255,RbLa2Ti2NbO10,16,99,tetragonal,-3.28055,1.658,train
5831,11993,JVASP-107887,Ac2AgPb,4,225,cubic,-0.44854,0.0,train
5832,41424,JVASP-17766,ZrCuSiP,8,129,tetragonal,-0.70163,0.0,train
5833,51729,JVASP-111250,Be3Si,4,139,tetragonal,0.26339,0.0,train
5834,43823,JVASP-108180,CoO2,3,164,trigonal,-1.01167,0.0,train
5835,92358,JVASP-189727,Zr3Ru,4,123,tetragonal,-0.34005,0.0,train
5836,19247,JVASP-105424,Pr2Mn3CoGe4,10,115,tetragonal,-0.47941,0.0,train
5837,27041,JVASP-34285,Rb4CO4,9,111,tetragonal,-1.37543,2.512,train
5838,35377,JVASP-39125,ScZnNi2,4,225,cubic,-0.46484,0.0,train
5839,72124,JVASP-150554,CoTePb2O6,10,148,trigonal,-1.12975,0.0,train
5840,10776,JVASP-70621,HfBe2Fe,4,99,tetragonal,0.05276,0.0,train
5841,29561,JVASP-58270,LiTiSi2O6,20,15,monoclinic,-2.89088,0.319,train
5842,74038,JVASP-146119,LiVTe3O12,17,1,triclinic,-1.33971,1.436,train
5843,41331,JVASP-18155,YRh3C,5,221,cubic,-0.53181,0.0,train
5844,89305,JVASP-165850,PuAu3,8,194,hexagonal,-0.38599,0.0,train
5845,50441,JVASP-112174,CdH6C5O4,16,1,triclinic,-0.2585,2.064,train
5846,79310,JVASP-164046,SrSm2S4,14,122,tetragonal,-2.28403,2.154,train
5847,52826,JVASP-118179,Al2As,3,38,orthorhombic,-0.01523,0.0,train
5848,81353,JVASP-185049,RuCl4,5,139,tetragonal,-0.30822,0.0,train
5849,705,JVASP-64544,Ba4ZnTe,6,216,cubic,0.07427,0.0,train
5850,90173,JVASP-188769,YScSn,6,129,tetragonal,-0.69712,0.0,train
5851,63185,JVASP-144492,Li4V3O4F8,19,1,triclinic,-2.91444,0.019,train
5852,67638,JVASP-138627,NbClO,6,59,orthorhombic,-1.86015,0.0,train
5853,16763,JVASP-100036,BaCd3Ga,5,107,tetragonal,-0.35245,0.0,train
5854,92026,JVASP-188390,TcMoW2,4,216,cubic,0.32717,0.0,train
5855,54655,JVASP-117995,CaVO3,5,221,cubic,-2.97614,0.0,train
5856,74779,JVASP-147262,Mg16ZrAl12,29,160,trigonal,-0.09041,0.0,train
5857,7393,JVASP-86083,LaNi2B2C,6,139,tetragonal,-0.49792,0.0,train
5858,31453,JVASP-35764,TbSb2,3,21,orthorhombic,-0.2119,0.0,train
5859,71417,JVASP-150776,Tb2InCu2,10,127,tetragonal,-0.43732,0.0,train
5860,44270,JVASP-109124,Zr4CuNi,6,97,tetragonal,-0.26108,0.0,train
5861,4897,JVASP-87962,NaSb3F10,28,173,hexagonal,-2.54039,4.93,train
5862,14778,JVASP-95439,K2S2NO7,24,2,triclinic,-1.39936,2.1,train
5863,20497,JVASP-107017,Zr2Se3S3,8,6,monoclinic,-1.2115,0.55,train
5864,83640,JVASP-176466,LaAlNi4,6,65,orthorhombic,-0.53382,0.0,train
5865,44037,JVASP-51654,Bi2PbS4,28,62,orthorhombic,-0.50478,1.137,train
5866,53353,JVASP-119138,Tb2Ti2Fe22H,27,8,monoclinic,-0.11807,0.0,train
5867,15718,JVASP-15205,CeCo2Si2,5,139,tetragonal,-0.71595,0.0,train
5868,80029,JVASP-179777,LiLa2Bi,4,10,monoclinic,-0.3726,0.0,train
5869,22811,JVASP-13751,NdAl4,5,139,tetragonal,-0.34457,0.0,train
5870,91872,JVASP-188010,CdBRh3,5,221,cubic,-0.18056,0.0,train
5871,22489,JVASP-7680,RbCeSe2,4,166,trigonal,-1.76188,0.0,train
5872,6034,JVASP-86535,Pr5Ru2O12,19,12,monoclinic,-2.80566,0.169,train
5873,5619,JVASP-63622,RbNa2AuO2,12,58,orthorhombic,-1.24152,2.348,train
5874,90264,JVASP-194535,Ta2MnTc,4,123,tetragonal,-0.36155,0.0,train
5875,18367,JVASP-15666,DyCo2Si2,5,139,tetragonal,-0.79348,0.0,train
5876,25680,JVASP-14322,ZrI3,8,193,hexagonal,-0.98398,0.0,train
5877,38314,JVASP-37751,K3Cd,4,221,cubic,-0.02744,0.0,train
5878,9574,JVASP-70297,KZrBe2,4,99,tetragonal,0.51822,0.0,train
5879,61771,JVASP-144448,Li3Co2O5,20,12,monoclinic,-1.72441,0.0,train
5880,92279,JVASP-191099,V2PdPt,4,123,tetragonal,-0.38806,0.0,train
5881,39326,JVASP-37939,DyB4Ru,24,55,orthorhombic,-0.63922,0.0,train
5882,81960,JVASP-182591,LaCdAg,3,187,hexagonal,-0.41087,0.0,train
5883,82486,JVASP-184080,TiGa2Ru,4,225,cubic,-0.34741,0.0,train
5884,16894,JVASP-17901,Se2Cl2O5,9,139,tetragonal,0.07381,0.0,train
5885,16126,JVASP-99590,Na2LiAsF6,10,225,cubic,-2.5777,4.508,train
5886,85362,JVASP-163231,K3NaSe2O8,28,15,monoclinic,-1.51708,3.564,train
5887,35462,JVASP-38436,K3Pr,8,194,hexagonal,0.50278,0.0,train
5888,38511,JVASP-46810,LiNiPO4,14,74,orthorhombic,-1.93158,0.611,train
5889,79350,JVASP-170953,Nb3Si2,10,127,tetragonal,-0.55777,0.0,train
5890,63915,JVASP-133202,Li6Mn3CoO10,20,8,monoclinic,-1.98672,0.0,train
5891,46225,JVASP-25253,Tb,6,194,hexagonal,0.00461,0.0,train
5892,17935,JVASP-102924,Ce3Th,4,139,tetragonal,0.01409,0.0,train
5893,63343,JVASP-144260,Li2Mn3F8,26,58,orthorhombic,-2.60432,1.996,train
5894,50204,JVASP-116732,Na3FeO3,28,14,monoclinic,-1.58434,0.364,train
5895,62803,JVASP-139277,LaI3,4,189,hexagonal,-0.91601,1.228,train
5896,12019,JVASP-74900,BeInBi,3,156,trigonal,0.31417,0.0,train
5897,30267,JVASP-36391,ScN,2,216,cubic,-1.81015,2.576,train
5898,6649,JVASP-67549,Be2CdW,4,99,tetragonal,0.23855,0.0,train
5899,72929,JVASP-151866,Zn2PN3,12,36,orthorhombic,-0.47191,2.683,train
5900,6865,JVASP-68314,ZrBe2Pb,4,123,tetragonal,0.33473,0.0,train
5901,82116,JVASP-186595,ZrPH2,4,99,tetragonal,-0.28466,0.0,train
5902,10159,JVASP-94756,Mg6AlSi,8,38,orthorhombic,0.04156,0.0,train
5903,86546,JVASP-186812,Mg3SnO,5,221,cubic,-1.19019,0.0,train
5904,41748,JVASP-11662,Na2CrO4,14,63,orthorhombic,-2.10749,2.647,train
5905,45877,JVASP-37601,SrCaHg2,4,225,cubic,-0.48677,0.0,train
5906,53189,JVASP-119494,LiCuRu2Rh2O8,14,44,orthorhombic,-1.11783,0.0,train
5907,78184,JVASP-178675,LaBeO,3,216,cubic,-0.90374,0.0,train
5908,91261,JVASP-190191,LiScAlAg,4,216,cubic,-0.38515,0.049,train
5909,35318,JVASP-25130,Pu,1,229,cubic,-0.0,0.0,train
5910,12287,JVASP-74961,ZrBe2Ni,4,216,cubic,-0.20082,0.0,train
5911,8978,JVASP-67813,Mg2BeHg,4,99,tetragonal,0.25372,0.0,train
5912,82460,JVASP-168187,NaCeO2,8,141,tetragonal,-2.84825,0.0,train
5913,11030,JVASP-92452,CoO2,3,164,trigonal,-0.99136,0.0,train
5914,53474,JVASP-119617,NdP3H6O12,22,174,hexagonal,-1.94099,5.403,train
5915,80924,JVASP-168565,YTmZn2,4,225,cubic,-0.40602,0.0,train
5916,16787,JVASP-99351,Yb4Mg4Fe3H22,33,215,cubic,-0.51294,1.391,train
5917,7418,JVASP-86769,Na6ZnSn2,9,12,monoclinic,-0.2206,0.0,train
5918,7448,JVASP-62711,DyB6,7,221,cubic,-0.41596,0.0,train
5919,37852,JVASP-37239,Si3Ag,4,139,tetragonal,0.63716,0.0,train
5920,77160,JVASP-158166,SrMg2Ag2,5,139,tetragonal,-0.30296,0.0,train
5921,490,JVASP-86505,HoCo3B2,6,191,hexagonal,-0.53129,0.0,train
5922,22480,JVASP-1270,K2S,3,225,cubic,-1.22235,2.384,train
5923,42026,JVASP-11706,VAgHgO4,14,5,monoclinic,-1.3329,1.331,train
5924,22127,JVASP-107272,YCuSi2Ni,5,119,tetragonal,-0.70533,0.0,train
5925,65982,JVASP-135874,BaNbO,3,99,tetragonal,-0.42167,0.0,train
5926,66915,JVASP-138597,InSCl2,4,5,monoclinic,-0.51319,0.0,train
5927,77812,JVASP-179372,Li2ZrF3,6,164,trigonal,-2.64725,0.0,train
5928,20450,JVASP-107186,LiMg2Au,4,225,cubic,-0.54397,0.0,train
5929,13681,JVASP-16024,NiC2S2N2,7,12,monoclinic,0.18335,0.231,train
5930,21933,JVASP-15299,YSi2Pt2,5,139,tetragonal,-0.98017,0.0,train
5931,12645,JVASP-15988,HfGeSe,6,129,tetragonal,-0.95889,0.0,train
5932,54240,JVASP-118716,SrMgO,3,6,monoclinic,-1.48209,0.0,train
5933,56549,JVASP-121495,EuCO4,24,62,orthorhombic,-2.15148,0.043,train
5934,47335,JVASP-57115,Nd2Zr2O7,22,227,cubic,-3.3226,0.0,train
5935,86157,JVASP-169017,La3DyC8,12,123,tetragonal,-0.32245,0.0,train
5936,75008,JVASP-145208,Ti2FeB2Rh5,20,127,tetragonal,-0.54784,0.0,train
5937,17945,JVASP-110,BaTiO3,5,99,tetragonal,-3.35196,1.749,train
5938,45569,JVASP-26752,Pr3CuSiS7,24,173,hexagonal,-1.6944,1.675,train
5939,67854,JVASP-135166,SeI,2,139,tetragonal,0.26707,0.0,train
5940,32244,JVASP-58325,Na2MgAlF7,22,74,orthorhombic,-3.50866,7.066,train
5941,32841,JVASP-20213,Mn2P,9,189,hexagonal,-0.42348,0.0,train
5942,60616,JVASP-136527,AlBiS,3,99,tetragonal,0.23468,0.0,train
5943,68128,JVASP-137248,K2PtC4N4Cl2,26,14,monoclinic,-0.29809,2.407,train
5944,74402,JVASP-146130,Er2Au,12,62,orthorhombic,-0.70435,0.0,train
5945,8455,JVASP-67728,BeBiSe2,4,99,tetragonal,-0.1652,0.0,train
5946,61273,JVASP-124358,MgHg,2,10,monoclinic,-0.08714,0.0,train
5947,28721,JVASP-57889,BaNi4O8,13,162,trigonal,-0.95499,0.0,train
5948,89323,JVASP-178244,Er3Ga2Ge3,16,63,orthorhombic,-0.72782,0.0,train
5949,45529,JVASP-26821,Pr3Si2S8Cl,28,15,monoclinic,-1.6366,2.755,train
5950,53554,JVASP-119655,La3SmFe4O12,20,6,monoclinic,-2.64803,0.0,train
5951,61317,JVASP-137881,BaCaS,3,6,monoclinic,-1.05034,0.0,train
5952,27000,JVASP-76760,Rb2HgSe,4,225,cubic,-0.82751,1.984,train
5953,74594,JVASP-152308,SnCl2,6,71,orthorhombic,-0.96429,2.411,train
5954,65435,JVASP-139085,LiAlF,3,187,hexagonal,-0.78457,0.0,train
5955,60834,JVASP-140659,Li3Co2Si2O8,30,7,monoclinic,-2.12247,0.0,train
5956,53346,JVASP-119136,Ti2Al2CrCuS8,14,8,monoclinic,-1.16135,0.0,train
5957,79568,JVASP-178326,Nd5Te2Cl3O10,20,12,monoclinic,-2.78003,3.217,train
5958,55640,JVASP-123880,CoPb,2,187,hexagonal,0.59821,0.0,train
5959,4149,JVASP-66295,Ba4TcPd,6,216,cubic,1.11019,0.0,train
5960,1255,JVASP-64630,Ba4YTe,6,216,cubic,0.16714,0.0,train
5961,93401,JVASP-191249,ZrTi2TlH,5,123,tetragonal,-0.18374,0.0,train
5962,57565,JVASP-127519,ThMo,2,221,cubic,0.34197,0.0,train
5963,50032,JVASP-115026,NaGeO,3,187,hexagonal,-0.09954,0.0,train
5964,75204,JVASP-148213,Na2MgScF7,22,74,orthorhombic,-3.62961,6.262,train
5965,20076,JVASP-51234,Be2CdP,4,225,cubic,0.72503,0.0,train
5966,26195,JVASP-57824,NaCrF6,8,148,trigonal,-2.53976,0.0,train
5967,48639,JVASP-114188,CdMoO,3,99,tetragonal,-0.24478,0.0,train
5968,74473,JVASP-152300,Ag2S,12,19,orthorhombic,-0.06038,0.0,train
5969,68841,JVASP-151573,Fe2O3,10,63,orthorhombic,-1.2657,0.0,train
5970,52890,JVASP-116551,Sm3GaCoS7,24,173,hexagonal,-1.60627,0.0,train
5971,46063,JVASP-21197,Yb,1,225,cubic,-0.0,0.087,train
5972,48673,JVASP-114209,MgCrF3,5,221,cubic,-2.48239,0.0,train
5973,87065,JVASP-162039,Sr2NiWO6,10,225,cubic,-2.49836,0.194,train
5974,45955,JVASP-31900,NbTe4I6,22,2,triclinic,-0.23441,0.602,train
5975,14148,JVASP-92534,SrGe3Pt,5,107,tetragonal,-0.64156,0.0,train
5976,36371,JVASP-890,Ge,2,227,cubic,0.0,0.0,train
5977,34627,JVASP-40242,RbZnH2Se2ClO6,26,13,monoclinic,-1.18371,4.367,train
5978,40835,JVASP-17776,SbRh,8,62,orthorhombic,-0.42807,0.0,train
5979,28902,JVASP-11031,CaFe2O4,14,8,monoclinic,-1.85492,0.0,train
5980,93794,JVASP-189874,VCoSn,3,216,cubic,-0.16899,0.684,train
5981,10874,JVASP-63899,Ba4GeTe,6,216,cubic,-0.01181,0.0,train
5982,46041,JVASP-34964,ThZr2H7,20,227,cubic,-0.48442,0.0,train
5983,5118,JVASP-66313,Ba2TiCr,4,225,cubic,1.37526,0.0,train
5984,82781,JVASP-182610,Be2GeRh,4,119,tetragonal,-0.26666,0.0,train
5985,55210,JVASP-122607,Sn7Sb,8,215,cubic,0.04101,0.0,train
5986,18382,JVASP-18927,YbZn2,6,74,orthorhombic,-0.436,0.0,train
5987,23235,JVASP-51296,MnVNi,3,216,cubic,0.52984,0.0,train
5988,88448,JVASP-175881,ScMnO3,20,14,monoclinic,-2.76371,0.0,train
5989,23760,JVASP-22652,ScSbPd,3,216,cubic,-1.03333,0.296,train
5990,15736,JVASP-99585,CrB2Mo,4,38,orthorhombic,-0.43157,0.0,train
5991,64889,JVASP-135599,AlTe,2,225,cubic,-0.27723,0.0,train
5992,59936,JVASP-139779,NaCu2H3S2O10,18,8,monoclinic,-1.23826,0.461,train
5993,72549,JVASP-147200,V2Cd3O8,26,26,orthorhombic,-1.9295,2.624,train
5994,51376,JVASP-110666,Na2InCuBr6,10,225,cubic,-0.91016,0.0,train
5995,24319,JVASP-7704,LuCd3,8,63,orthorhombic,-0.25292,0.0,train
5996,87390,JVASP-172008,Sm2ScSi2,10,127,tetragonal,-0.73242,0.0,train
5997,85561,JVASP-171150,HgS4,10,51,orthorhombic,0.16707,0.0,train
5998,87332,JVASP-172910,CeTlCd,6,194,hexagonal,-0.23584,0.0,train
5999,25357,JVASP-8575,AlBiO3,5,221,cubic,-2.26995,2.059,train
6000,28154,JVASP-36309,BeGeAs2,8,122,tetragonal,-0.19972,0.677,train
6001,66991,JVASP-139145,AlOF,3,187,hexagonal,-1.60389,0.0,train
6002,10393,JVASP-69406,Be2BiPt,4,119,tetragonal,0.39203,0.0,train
6003,36526,JVASP-39086,Si3W,8,194,hexagonal,0.41825,0.0,train
6004,32897,JVASP-39700,YbBiPd2,4,225,cubic,-0.73592,0.0,train
6005,40020,JVASP-48578,VOF,12,62,orthorhombic,-2.62717,0.014,train
6006,53992,JVASP-120529,KMg3AlSi3O11F,20,1,triclinic,-2.9505,0.498,train
6007,59145,JVASP-125270,Ti2Nb,3,191,hexagonal,0.09318,0.0,train
6008,11091,JVASP-76206,LiNd2Si2,10,127,tetragonal,-0.59331,0.0,train
6009,71496,JVASP-133190,Li4MnCo3O8,16,12,monoclinic,-1.7473,0.0,train
6010,62534,JVASP-144237,NiSeO3,20,62,orthorhombic,-0.81659,0.455,train
6011,89534,JVASP-192398,Sc2ZnIn,4,123,tetragonal,-0.41815,0.0,train
6012,72395,JVASP-157081,Yb2TlCu,4,225,cubic,-0.37993,0.0,train
6013,85832,JVASP-169807,Ho2Sn5Rh3,20,36,orthorhombic,-0.69134,0.0,train
6014,76095,JVASP-161227,Tm2GaNi,4,225,cubic,-0.52326,0.0,train
6015,53503,JVASP-119198,Co5NiS8,14,216,cubic,-0.54164,0.0,train
6016,87214,JVASP-179672,NaV2O3,6,164,trigonal,-2.10304,0.0,train
6017,4167,JVASP-66330,Ba4YRu,6,216,cubic,1.05058,0.0,train
6018,22579,JVASP-2640,Na2SbAu,8,63,orthorhombic,-0.49086,0.432,train
6019,56874,JVASP-128635,BaN3,4,38,orthorhombic,0.10503,0.0,train
6020,11136,JVASP-71577,BeNbSn2,4,99,tetragonal,0.19448,0.0,train
6021,8140,JVASP-14582,ThRh3,4,221,cubic,-0.73298,0.0,train
6022,14099,JVASP-93841,Cr2Ni,6,227,cubic,0.23559,0.0,train
6023,78760,JVASP-166550,K2SnBi,16,57,orthorhombic,-0.44669,0.0,train
6024,9591,JVASP-12054,Mn3CoO8,12,166,trigonal,-1.54392,0.0,train
6025,25152,JVASP-11387,Li2GeO3,12,36,orthorhombic,-2.1277,3.695,train
6026,52625,JVASP-117992,CaTiO,3,99,tetragonal,-0.89028,0.0,train
6027,64560,JVASP-144756,Li4NbNi3O8,16,166,trigonal,-1.81658,0.0,train
6028,71006,JVASP-145848,CaMo2O5,16,63,orthorhombic,-2.10657,0.289,train
6029,43085,JVASP-91525,BaMg4Si3,8,123,tetragonal,-0.33736,0.0,train
6030,90031,JVASP-190624,AlZn2,3,164,trigonal,0.00403,0.0,train
6031,40799,JVASP-9465,Ba2YTlFe2O7,13,123,tetragonal,-2.23399,0.0,train
6032,9976,JVASP-93620,HoCuGe,6,194,hexagonal,-0.69918,0.0,train
6033,70279,JVASP-150262,NdInCu,9,189,hexagonal,-0.42856,0.0,train
6034,33744,JVASP-39781,YbNaAu2,4,225,cubic,-0.77457,0.0,train
6035,29052,JVASP-79748,LiNiO2,4,8,monoclinic,-1.40942,0.0,train
6036,55121,JVASP-120976,WCl2O,4,71,orthorhombic,-1.19205,0.0,train
6037,39858,JVASP-20638,ZrNi2,6,227,cubic,-0.43847,0.0,train
6038,8586,JVASP-88329,PH4NO2F2,40,62,orthorhombic,-1.46943,5.54,train
6039,37913,JVASP-37244,Sc3Pb,4,139,tetragonal,-0.29495,0.0,train
6040,61937,JVASP-133153,Ga2PbSe4,14,66,orthorhombic,-0.5822,1.681,train
6041,61425,JVASP-143500,SmNiGe,12,62,orthorhombic,-0.78149,0.0,train
6042,59130,JVASP-125222,NaBr3,4,12,monoclinic,-0.81981,1.387,train
6043,65015,JVASP-142320,Fe2As2H2PbO10,17,12,monoclinic,-1.25544,0.033,train
6044,24190,JVASP-50984,PrH3O3,14,176,hexagonal,-2.00218,3.753,train
6045,9187,JVASP-43816,LiFeF3,20,1,triclinic,-2.45583,0.399,train
6046,44294,JVASP-56576,AgCl,2,225,cubic,-0.47113,0.923,train
6047,24983,JVASP-12616,Ba2Nd2Co4O11,19,47,orthorhombic,-2.19468,0.0,train
6048,28751,JVASP-80110,CrGaFe2,4,225,cubic,-0.04593,0.0,train
6049,91860,JVASP-191941,Nb2GaC,4,160,trigonal,-0.52491,0.0,train
6050,50014,JVASP-112096,H10C17SO,29,1,triclinic,0.00447,1.25,train
6051,72612,JVASP-150817,Ce2MgCu2,10,127,tetragonal,-0.17857,0.0,train
6052,28003,JVASP-34458,CuHgSBr,16,51,orthorhombic,-0.22807,0.616,train
6053,57689,JVASP-129108,RbCe3,4,221,cubic,0.7231,0.0,train
6054,61410,JVASP-130572,TiCd,2,187,hexagonal,0.11649,0.0,train
6055,1432,JVASP-64354,BaCaCl,3,216,cubic,-0.32939,0.0,train
6056,14773,JVASP-99614,Sm2Si3Pt,6,44,orthorhombic,-0.9198,0.0,train
6057,11862,JVASP-74365,YBeHg2,4,216,cubic,0.12589,0.0,train
6058,84525,JVASP-163843,LiVO2,8,12,monoclinic,-2.44388,0.0,train
6059,66404,JVASP-138304,AgH,2,187,hexagonal,0.32447,0.0,train
6060,24821,JVASP-8420,BaYCuWO5,9,99,tetragonal,-2.33613,0.0,train
6061,83627,JVASP-171749,Cd2In3Ag3Te8,16,81,tetragonal,-0.27423,0.049,train
6062,25570,JVASP-28517,Mo2WSe6,9,187,hexagonal,-0.60219,1.057,train
6063,69696,JVASP-152359,LuGeRh,12,62,orthorhombic,-1.00246,0.0,train
6064,58726,JVASP-128182,RuPb,2,187,hexagonal,0.59326,0.0,train
6065,86362,JVASP-175625,Mn2Mo3O8,26,186,hexagonal,-1.9646,0.594,train
6066,71191,JVASP-151408,La3Cr2N6,11,139,tetragonal,-1.26511,0.0,train
6067,22862,JVASP-8222,Al2Cu,6,140,tetragonal,-0.16571,0.0,train
6068,8654,JVASP-70200,Be2CoSe,4,99,tetragonal,0.18638,0.0,train
6069,34692,JVASP-39566,Tl3H,4,225,cubic,0.44918,0.0,train
6070,5094,JVASP-65322,BaMg2Ta,4,65,orthorhombic,0.63742,0.0,train
6071,54925,JVASP-122471,Nb2TlO7,20,74,orthorhombic,-1.91111,0.0,train
6072,91825,JVASP-190087,NbTc2Ge,4,123,tetragonal,-0.18786,0.0,train
6073,54227,JVASP-120275,LaAlO,3,187,hexagonal,-0.21338,0.0,train
6074,28126,JVASP-80023,YbMgTl2,4,225,cubic,-0.36076,0.0,train
6075,74233,JVASP-146332,Li7Mn5O12,24,2,triclinic,-2.08927,0.0,train
6076,62556,JVASP-136023,BiI,2,123,tetragonal,0.04497,0.0,train
6077,87552,JVASP-181680,Sr2TcN2,5,139,tetragonal,-0.70297,0.0,train
6078,85091,JVASP-179257,CdReO3,5,221,cubic,-1.20069,0.0,train
6079,63153,JVASP-141943,Ba3TaFe3Si2O14,23,150,trigonal,-2.59635,0.796,train
6080,20754,JVASP-102478,Dy,4,194,hexagonal,-0.00492,0.0,train
6081,9708,JVASP-70853,TiBeW2,4,99,tetragonal,-0.29616,0.0,train
6082,44050,JVASP-109316,YAlAu2,4,225,cubic,-0.78623,0.0,train
6083,47806,JVASP-59861,YMn2S4,14,74,orthorhombic,-1.11455,0.0,train
6084,88669,JVASP-165387,Hg3SO6,30,152,trigonal,-0.73638,0.607,train
6085,19975,JVASP-104156,H4C6SO2,13,1,triclinic,-0.1559,2.25,train
6086,86255,JVASP-184248,NaMnSe,6,129,tetragonal,-0.43843,0.0,train
6087,58649,JVASP-129479,BaIn,2,123,tetragonal,-0.49052,0.0,train
6088,18127,JVASP-50727,YZr4O9,14,1,triclinic,-3.61032,0.0,train
6089,73260,JVASP-149462,Hf6O,7,148,trigonal,-0.87688,0.0,train
6090,37045,JVASP-78385,Dy,2,194,hexagonal,0.01266,0.0,train
6091,41067,JVASP-17795,Ho2In,6,194,hexagonal,-0.35827,0.0,train
6092,3964,JVASP-14579,BaSi,4,63,orthorhombic,-0.48332,0.0,train
6093,51965,JVASP-111359,LaPrCo4P4,10,123,tetragonal,-1.00425,0.0,train
6094,70618,JVASP-145519,Li2TiV3O8,14,160,trigonal,-2.68009,0.0,train
6095,1266,JVASP-107792,Ba2UFeO6,10,225,cubic,-2.91046,0.182,train
6096,80525,JVASP-176042,Li5OsN4,20,59,orthorhombic,-0.56911,0.0,train
6097,45897,JVASP-17586,CaPb,2,123,tetragonal,-0.59752,0.0,train
6098,6153,JVASP-63652,NdGe2Au2,5,139,tetragonal,-0.53184,0.0,train
6099,28377,JVASP-79227,AlAgO2,4,160,trigonal,-2.10692,1.237,train
6100,31770,JVASP-41805,LiLu2Ir,4,225,cubic,-0.73569,0.0,train
6101,60823,JVASP-143286,Li6Cr2O7,30,15,monoclinic,-2.20759,0.0,train
6102,61569,JVASP-136553,Al2Br,3,38,orthorhombic,-0.07132,0.0,train
6103,34268,JVASP-41379,LiScPd2,4,225,cubic,-0.76996,0.0,train
6104,36005,JVASP-16243,Sc6FeTe2,9,189,hexagonal,-0.66184,0.0,train
6105,89859,JVASP-188642,SiRh,8,198,cubic,-0.66413,0.0,train
6106,55191,JVASP-122598,PaSn7,8,215,cubic,0.37631,0.0,train
6107,56420,JVASP-121459,Co6O5F7,18,5,monoclinic,-1.49903,0.0,train
6108,89075,JVASP-171417,HfMn,24,227,cubic,-0.18037,0.0,train
6109,48,JVASP-65062,Ca4BeW,6,216,cubic,1.23549,0.0,train
6110,20527,JVASP-102788,Ce3SiS2,6,71,orthorhombic,-1.69149,0.0,train
6111,84336,JVASP-171109,Ni3Sb4O6F6,19,217,cubic,-1.62383,0.289,train
6112,38249,JVASP-45991,SmTaO4,12,36,orthorhombic,-3.40877,3.545,train
6113,77811,JVASP-169477,NdIr3,12,166,trigonal,-0.59129,0.0,train
6114,64629,JVASP-135591,Al2Te,3,38,orthorhombic,0.14316,0.0,train
6115,60585,JVASP-141605,Fe3O2F4,18,65,orthorhombic,-1.80357,0.0,train
6116,50996,JVASP-115637,CaAgP,3,187,hexagonal,-0.07756,0.0,train
6117,36573,JVASP-40122,BaNaScSi2O7,24,11,monoclinic,-3.12512,4.786,train
6118,11716,JVASP-91421,YbSeO3F,24,14,monoclinic,-2.08494,0.0,train
6119,58432,JVASP-128084,NbPt3,4,221,cubic,-0.51894,0.0,train
6120,25046,JVASP-58924,P2Se5,28,14,monoclinic,0.01123,1.049,train
6121,67332,JVASP-133681,LiCo5O7F,14,160,trigonal,-1.39266,0.263,train
6122,78339,JVASP-179021,Li2TiAs,4,216,cubic,-0.31667,0.0,train
6123,79060,JVASP-168820,Lu2Be2SiO7,24,113,tetragonal,-3.45702,5.073,train
6124,88600,JVASP-169442,Na2Zn2S3,28,96,tetragonal,-1.00378,2.084,train
6125,14260,JVASP-93395,AlO2,6,63,orthorhombic,-2.36535,0.0,train
6126,1582,JVASP-64574,Ba4InBi,6,216,cubic,0.0518,0.0,train
6127,87616,JVASP-172034,SmSnIr,9,189,hexagonal,-0.85146,0.0,train
6128,12251,JVASP-93146,CeHfMg6,8,38,orthorhombic,0.13593,0.0,train
6129,13358,JVASP-72021,BeCu2Tc,4,139,tetragonal,0.22432,0.0,train
6130,15740,JVASP-100140,Ac3Zr,4,221,cubic,0.2446,0.0,train
6131,50781,JVASP-113128,NbCr3Ag2S8,14,10,monoclinic,-0.64651,0.0,train
6132,7961,JVASP-75619,Ta2MnAs,4,216,cubic,0.29527,0.0,train
6133,28693,JVASP-36316,HoBiPd,3,216,cubic,-0.93963,0.0,train
6134,50932,JVASP-116902,LiMnF5,28,14,monoclinic,-2.60825,1.572,train
6135,67092,JVASP-138078,BeGaBr,3,187,hexagonal,0.57849,0.0,train
6136,18333,JVASP-100858,AlInN2,8,122,tetragonal,-0.78672,1.528,train
6137,37641,JVASP-36786,AgHgO2,8,2,triclinic,-0.19934,0.0,train
6138,43985,JVASP-17497,Sm3PbC,5,221,cubic,1.57304,0.0,train
6139,65537,JVASP-144078,Fe10O19F,30,38,orthorhombic,-1.46804,0.0,train
6140,1828,JVASP-65047,BeIn4Pb,6,216,cubic,0.49693,0.0,train
6141,42552,JVASP-17211,LuSnAu,6,186,hexagonal,-0.75947,0.0,train
6142,88387,JVASP-178191,K2Ni3Se4,18,70,orthorhombic,-0.67727,0.421,train
6143,12529,JVASP-108093,Nb4CoPt3,8,25,orthorhombic,-0.47213,0.0,train
6144,42448,JVASP-17184,TiSe,4,129,tetragonal,-0.84038,0.0,train
6145,7011,JVASP-75457,MnSnAs,3,216,cubic,0.20373,0.0,train
6146,24281,JVASP-53229,KCaNb2O6F,22,74,orthorhombic,-2.9951,2.824,train
6147,86970,JVASP-163597,Ba5P9,28,43,orthorhombic,-0.95896,0.0,train
6148,85401,JVASP-168671,KBeF3,20,19,orthorhombic,-3.35938,7.243,train
6149,2206,JVASP-65055,BeIr4Pd,6,216,cubic,0.60659,0.0,train
6150,62456,JVASP-136854,InBr3,4,187,hexagonal,-0.19227,0.0,train
6151,46832,JVASP-38421,Li3Be,4,139,tetragonal,0.19841,0.0,train
6152,55425,JVASP-122078,Fe23C6,29,225,cubic,0.02231,0.0,train
6153,70203,JVASP-154544,Si3Ru5,16,55,orthorhombic,-0.34631,0.0,train
6154,40901,JVASP-53296,UVN2,16,62,orthorhombic,-1.4773,0.0,train
6155,76495,JVASP-159888,LiAsSeO,8,26,orthorhombic,-1.10268,1.844,train
6156,3404,JVASP-65400,BaZnTe2,4,65,orthorhombic,-0.73658,0.0,train
6157,83284,JVASP-180261,BaBi2,3,139,tetragonal,-0.57293,0.0,train
6158,62944,JVASP-139282,La2O,3,47,orthorhombic,-1.51953,0.0,train
6159,76110,JVASP-161396,Ca2SiHg,4,225,cubic,-0.50187,0.0,train
6160,84698,JVASP-168258,Lu3Ga9Pd2,14,71,orthorhombic,-0.58924,0.0,train
6161,35797,JVASP-37769,PmSmHg2,4,225,cubic,-0.38149,0.0,train
6162,7513,JVASP-90574,Y3Mg,4,139,tetragonal,0.02553,0.0,train
6163,72234,JVASP-145130,ThB4Rh4,18,137,tetragonal,-0.58464,0.0,train
6164,69680,JVASP-145264,Tm5Ir3,16,193,hexagonal,-0.94381,0.0,train
6165,22426,JVASP-7991,ZnO,2,225,cubic,-1.46475,1.078,train
6166,14380,JVASP-42854,AgHgPd2,4,225,cubic,-0.06967,0.0,train
6167,31844,JVASP-22039,CaB2Ir2,10,70,orthorhombic,-0.71037,0.0,train
6168,3924,JVASP-66131,Ba4VFe,6,216,cubic,1.65317,0.0,train
6169,84819,JVASP-184189,InPPd2,4,99,tetragonal,-0.33416,0.0,train
6170,84164,JVASP-169740,PmDyAl2,4,225,cubic,-0.41522,0.0,train
6171,56387,JVASP-128385,Yb3Tc,4,221,cubic,0.33947,0.0,train
6172,87474,JVASP-184329,NbB3,4,119,tetragonal,-0.32069,0.0,train
6173,86989,JVASP-171930,Nd3Bi4Au3,20,220,cubic,-0.76159,0.372,train
6174,877,JVASP-87109,K3CO3F,16,167,trigonal,-2.16085,4.33,train
6175,33486,JVASP-23964,AlH12Cl3O6,44,167,trigonal,-1.1998,5.239,train
6176,57602,JVASP-127535,BaF3,4,12,monoclinic,-2.53887,0.697,train
6177,66583,JVASP-138873,NaSbF,3,187,hexagonal,-0.70485,0.0,train
6178,83241,JVASP-174982,RbIO2F2,24,29,orthorhombic,-1.57616,3.916,train
6179,47722,JVASP-56572,ErGe2Rh2,5,139,tetragonal,-0.83325,0.0,train
6180,91813,JVASP-193243,MgTiCu2,4,225,cubic,-0.13916,0.0,train
6181,73067,JVASP-156890,MgPaZn2,4,225,cubic,-0.06409,0.0,train
6182,78613,JVASP-176688,CoSO4,24,62,orthorhombic,-1.18124,0.262,train
6183,18941,JVASP-105012,K2NaSbF6,10,225,cubic,-2.77022,4.135,train
6184,73987,JVASP-152880,NiRh2S4,14,227,cubic,-0.5382,0.0,train
6185,2067,JVASP-61472,CaCdAu,12,62,orthorhombic,-0.70075,0.0,train
6186,82580,JVASP-170356,SrTiFeBiO6,10,146,trigonal,-2.35691,0.0,train
6187,60094,JVASP-144172,SiNi3W2,12,194,hexagonal,-0.0654,0.0,train
6188,66677,JVASP-111980,Co5Te3O16,24,8,monoclinic,-0.95116,0.0,train
6189,24303,JVASP-9125,PbF2,12,62,orthorhombic,-2.51033,4.441,train
6190,54946,JVASP-123366,ZnAg3,4,221,cubic,-0.0347,0.0,train
6191,6708,JVASP-86334,CuS2,12,205,cubic,-0.19824,0.0,train
6192,42023,JVASP-21926,ScSi7Ir3,22,167,trigonal,-0.58275,0.0,train
6193,56075,JVASP-122311,Sm2MnNiO6,20,14,monoclinic,-2.67169,0.454,train
6194,70410,JVASP-154950,BaUS3,20,62,orthorhombic,-1.90716,0.0,train
6195,31993,JVASP-35610,RbCu4S3,8,123,tetragonal,-0.48244,0.0,train
6196,16779,JVASP-14653,SnRh,8,198,cubic,-0.39545,0.0,train
6197,46829,JVASP-58998,RbSnI3,20,62,orthorhombic,-0.98929,2.064,train
6198,91019,JVASP-189196,LiAlCuAg,4,216,cubic,-0.25659,0.0,train
6199,87278,JVASP-184811,ScPdPt2,4,99,tetragonal,-0.7203,0.0,train
6200,5213,JVASP-63220,YbCu4Au,6,216,cubic,-0.41044,0.0,train
6201,21409,JVASP-105477,InGaCuO4,7,160,trigonal,-1.47299,0.0,train
6202,74956,JVASP-153126,Fe3P,16,82,tetragonal,-0.12986,0.0,train
6203,85160,JVASP-179977,NiPtF3,5,221,cubic,-0.61174,0.0,train
6204,6158,JVASP-63810,LiBC,6,194,hexagonal,-0.47033,1.272,train
6205,89017,JVASP-170175,La2Ga9Ru3,28,63,orthorhombic,-0.5325,0.0,train
6206,49934,JVASP-114958,GaI2,3,166,trigonal,-0.37537,0.0,train
6207,72545,JVASP-154807,V6O13,19,12,monoclinic,-2.51625,0.0,train
6208,32064,JVASP-41006,ZrCdPd2,4,225,cubic,-0.60366,0.0,train
6209,65887,JVASP-144085,LiFe2OF3,28,62,orthorhombic,-1.96885,0.0,train
6210,38153,JVASP-29960,Nb3IrSe8,24,9,monoclinic,-0.71684,0.0,train
6211,9275,JVASP-70770,BeIn4Re,6,216,cubic,1.16094,0.0,train
6212,75614,JVASP-156298,LaMg2Sb2,5,164,trigonal,-0.75029,0.0,train
6213,1452,JVASP-3327,Sm2TeO2,5,139,tetragonal,-3.10106,1.57,train
6214,33188,JVASP-41603,V2TcRu,4,225,cubic,-0.30471,0.0,train
6215,28329,JVASP-56787,Li2ZnGe,4,225,cubic,-0.27509,0.0,train
6216,44572,JVASP-48079,LiCoSiO4,14,7,monoclinic,-2.01819,0.171,train
6217,74092,JVASP-153661,NaAs,16,14,monoclinic,-0.453,0.733,train
6218,30138,JVASP-42309,Co3O4F2,18,8,monoclinic,-1.34351,0.0,train
6219,58534,JVASP-126609,TmRh3,4,221,cubic,-0.60973,0.0,train
6220,50268,JVASP-115165,K2Te,3,38,orthorhombic,-0.95671,0.757,train
6221,3780,JVASP-14850,USb,2,221,cubic,-0.20124,0.0,train
6222,53806,JVASP-118298,MoOF4,6,79,tetragonal,-2.54608,3.694,train
6223,21196,JVASP-42497,Ti3N2O3,16,8,monoclinic,-2.49927,1.665,train
6224,46254,JVASP-108008,La2Os2I,10,194,hexagonal,-0.71441,0.0,train
6225,4127,JVASP-66135,BaTeCl,3,216,cubic,-1.43476,0.0,train
6226,41161,JVASP-17772,UFe2Ge2,5,139,tetragonal,-0.25024,0.0,train
6227,79095,JVASP-173572,Ti5CuBi3,18,193,hexagonal,-0.16794,0.0,train
6228,39768,JVASP-42936,Li2MnCo3O8,14,12,monoclinic,-1.58646,0.0,train
6229,24030,JVASP-29042,Te2MoWSeS,12,156,trigonal,-0.39124,0.127,train
6230,42664,JVASP-17230,CaMgNi4,6,216,cubic,-0.27573,0.0,train
6231,86354,JVASP-170797,AgSbSe2,4,166,trigonal,-0.21065,0.0,train
6232,57288,JVASP-121739,MnV3O8,12,8,monoclinic,-2.35316,0.0,train
6233,74010,JVASP-149160,Ag2S,6,63,orthorhombic,-0.07563,1.01,train
6234,64591,JVASP-130778,NeHo8,9,164,trigonal,0.15428,0.0,train
6235,24173,JVASP-52306,Sc2TiO5,16,36,orthorhombic,-3.60091,3.15,train
6236,10959,JVASP-70626,Be2ZnP,4,123,tetragonal,0.33721,0.0,train
6237,63848,JVASP-135812,BaSiBr,3,99,tetragonal,0.13154,0.0,train
6238,65616,JVASP-130060,HeTb8,9,164,trigonal,0.1577,0.0,train
6239,50579,JVASP-115343,TiSnO2,4,99,tetragonal,-2.00364,0.0,train
6240,35044,JVASP-38274,RbWO3,5,221,cubic,-2.37125,0.0,train
6241,26526,JVASP-78428,Cr,2,63,orthorhombic,0.30352,0.0,train
6242,84871,JVASP-178511,Sm8Sb3O8,19,12,monoclinic,-2.92966,0.0,train
6243,46441,JVASP-10011,Ho2CdS4,14,227,cubic,-1.79233,1.094,train
6244,33804,JVASP-35074,SmSe2,6,129,tetragonal,-1.68858,0.0,train
6245,64472,JVASP-141491,TaSN,12,14,monoclinic,-1.0047,0.173,train
6246,76658,JVASP-161638,NbRh,2,123,tetragonal,-0.41146,0.0,train
6247,90346,JVASP-194549,Zr2ScOs,4,44,orthorhombic,-0.3673,0.0,train
6248,60682,JVASP-130408,U3Hg,4,25,orthorhombic,0.25701,0.0,train
6249,27308,JVASP-30351,TiMn5O12,18,12,monoclinic,-1.6818,0.0,train
6250,22346,JVASP-101969,CdH20C12O4,37,1,triclinic,-0.33611,3.871,train
6251,59941,JVASP-142134,K6ZnSe4,22,186,hexagonal,-1.20545,1.568,train
6252,25382,JVASP-32942,BiSeCl,12,62,orthorhombic,-0.68731,1.867,train
6253,59832,JVASP-124071,Pr3V,4,164,trigonal,0.48403,0.0,train
6254,29093,JVASP-56927,Nb5Si3,16,193,hexagonal,-0.49213,0.0,train
6255,68035,JVASP-137584,Ga7Pd3,20,229,cubic,-0.42574,0.0,train
6256,27075,JVASP-10903,CaMn4S8,13,166,trigonal,-0.82547,0.0,train
6257,66276,JVASP-132700,YbRe,2,187,hexagonal,0.5555,0.0,train
6258,56951,JVASP-128734,Ti2Co,3,191,hexagonal,0.05997,0.0,train
6259,78886,JVASP-162810,Er2Lu2C3,7,12,monoclinic,-0.41473,0.0,train
6260,78822,JVASP-173016,Cr2B3,10,63,orthorhombic,-0.39402,0.0,train
6261,64933,JVASP-134194,MgBiO,3,187,hexagonal,0.0269,0.0,train
6262,41591,JVASP-20563,TbHg,2,221,cubic,-0.38658,0.0,train
6263,67794,JVASP-134875,SrSbF,3,99,tetragonal,-1.02857,0.0,train
6264,81235,JVASP-169605,LiMn2CoO6,10,12,monoclinic,-1.75551,0.505,train
6265,78689,JVASP-169915,NaCdAsS3,24,14,monoclinic,-0.6874,1.742,train
6266,5530,JVASP-66667,Ba4SnPt,6,216,cubic,0.28294,0.0,train
6267,903,JVASP-64149,Ba2NaBi,4,225,cubic,-0.58065,0.0,train
6268,14629,JVASP-97010,Na3SrB5O10,38,2,triclinic,-2.59851,4.829,train
6269,51975,JVASP-114115,Ba2AgSe,4,225,cubic,-1.05436,0.0,train
6270,6967,JVASP-42342,Fe4O5F3,24,1,triclinic,-1.63561,0.0,train
6271,41086,JVASP-43698,LiFe2F7,20,13,monoclinic,-2.16628,0.0,train
6272,12507,JVASP-93202,Mg6TiB,8,38,orthorhombic,0.36441,0.0,train
6273,76094,JVASP-159958,SmAuSO,8,67,orthorhombic,-2.06802,0.803,train
6274,84029,JVASP-176479,La4Mn3Sb8,15,115,tetragonal,-0.66254,0.0,train
6275,88392,JVASP-166061,SrFe2S2O,12,59,orthorhombic,-1.29074,0.0,train
6276,89623,JVASP-187825,ScSi2Ru2,5,139,tetragonal,-0.7412,0.0,train
6277,72303,JVASP-152637,UO2,3,225,cubic,-3.57872,0.0,train
6278,62069,JVASP-136844,S2I,3,191,hexagonal,0.84647,0.0,train
6279,65744,JVASP-135365,LiSiS,3,99,tetragonal,0.18591,0.0,train
6280,64915,JVASP-141027,MnCo3O8,24,186,hexagonal,-1.20482,0.0,train
6281,5226,JVASP-90883,YbAl2Pd,8,63,orthorhombic,-0.76017,0.0,train
6282,93713,JVASP-189383,Sc3BiC,5,221,cubic,-0.73247,0.0,train
6283,59922,JVASP-142132,Ti4Zn3SnO12,20,204,cubic,-2.51188,1.478,train
6284,73972,JVASP-147037,VCrC,12,18,orthorhombic,-0.34939,0.0,train
6285,45623,JVASP-26822,RbNaTiO3,12,15,monoclinic,-2.65343,3.474,train
6286,14226,JVASP-92363,PrSi2Au2,5,139,tetragonal,-0.58141,0.0,train
6287,19555,JVASP-106466,MgZn3S4,8,215,cubic,-1.06585,2.241,train
6288,83366,JVASP-180264,Ba3Br2,5,123,tetragonal,-1.2619,0.0,train
6289,55063,JVASP-123448,ZrTi,2,187,hexagonal,0.06967,0.0,train
6290,43385,JVASP-9141,C3N4,14,220,cubic,0.64177,3.191,train
6291,64050,JVASP-141683,Li4MnCo2O7,28,2,triclinic,-1.82568,0.0,train
6292,69670,JVASP-149815,LiLuSn2,8,63,orthorhombic,-0.3515,0.0,train
6293,74172,JVASP-150876,LaFeO3,10,148,trigonal,-2.67316,0.0,train
6294,16207,JVASP-99741,Rb2Pd,3,225,cubic,-0.00012,0.977,train
6295,93758,JVASP-191363,Nb2TcOs,4,225,cubic,-0.26489,0.0,train
6296,87790,JVASP-170841,CuSeO4,24,62,orthorhombic,-0.60608,0.0,train
6297,70404,JVASP-146402,HoAl3B4O12,20,155,trigonal,-3.08027,5.693,train
6298,89051,JVASP-175937,NaCo2H3Se2O10,18,8,monoclinic,-0.95071,0.054,train
6299,73484,JVASP-156906,LiHoZn2,4,225,cubic,-0.29938,0.0,train
6300,499,JVASP-64055,Ba4TaSn,6,216,cubic,0.86183,0.0,train
6301,28312,JVASP-11592,Sr4MgCo2S2O6,15,115,tetragonal,-2.14818,0.0,train
6302,84259,JVASP-166330,LaMg8Al4,13,139,tetragonal,-0.15756,0.0,train
6303,17351,JVASP-20108,TbTe,2,225,cubic,-1.34363,0.0,train
6304,9623,JVASP-95736,TiNiGe,12,62,orthorhombic,-0.65946,0.0,train
6305,38423,JVASP-41412,LuMgHg2,4,225,cubic,-0.32,0.0,train
6306,20628,JVASP-104699,Sc2Te3,5,71,orthorhombic,-1.25826,0.041,train
6307,91746,JVASP-189824,Ti2ZnH2,5,139,tetragonal,-0.35982,0.0,train
6308,50108,JVASP-112854,Mn2OF3,24,12,monoclinic,-2.25192,0.0,train
6309,28275,JVASP-80568,Mn2GeW,4,71,orthorhombic,0.70233,0.0,train
6310,18474,JVASP-15624,ErFe2Si2,5,139,tetragonal,-0.66959,0.0,train
6311,37342,JVASP-38527,LiTm2Au,4,225,cubic,-0.4521,0.0,train
6312,84405,JVASP-176488,KGaGeS4,28,4,monoclinic,-0.84272,2.3,train
6313,40218,JVASP-18229,Nd3TlN,5,221,cubic,1.3408,0.0,train
6314,90872,JVASP-189808,SiMo3,8,223,cubic,-0.25346,0.0,train
6315,25574,JVASP-8454,PbO,8,57,orthorhombic,-1.2282,2.292,train
6316,60270,JVASP-141154,Ca2Fe9O13,24,12,monoclinic,-1.56118,0.0,train
6317,61899,JVASP-133503,Ba2Fe4Bi2O11,19,99,tetragonal,-1.68509,0.0,train
6318,44939,JVASP-108911,Zn2CuNi,4,123,tetragonal,-0.17093,0.0,train
6319,58851,JVASP-129584,ScHg,2,187,hexagonal,-0.15367,0.0,train
6320,38908,JVASP-44433,Li5WNO4,22,36,orthorhombic,-2.08566,2.816,train
6321,47364,JVASP-57678,Tb4Sb3,14,220,cubic,-1.02661,0.0,train
6322,68769,JVASP-152739,TlFe3Te3,14,176,hexagonal,-0.0436,0.0,train
6323,47282,JVASP-58577,MgNi2O4,14,63,orthorhombic,-1.46388,0.0,train
6324,2445,JVASP-98599,PH8IN4,28,67,orthorhombic,-0.3696,4.007,train
6325,1026,JVASP-90774,Zr3Sn,8,59,orthorhombic,-0.33674,0.0,train
6326,29868,JVASP-11572,BiF4,10,5,monoclinic,-2.11516,1.285,train
6327,88365,JVASP-178624,BaCoO,3,187,hexagonal,-0.75114,0.0,train
6328,79010,JVASP-173570,Tm2MgTiO6,20,14,monoclinic,-3.58584,3.239,train
6329,52958,JVASP-119022,ErB4Ir4,18,137,tetragonal,-0.48691,0.0,train
6330,58710,JVASP-124813,TcAs,2,187,hexagonal,0.02125,0.0,train
6331,79835,JVASP-183228,LaPO2,4,99,tetragonal,-1.85476,0.0,train
6332,86551,JVASP-168306,PbCO3,20,62,orthorhombic,-1.4858,3.344,train
6333,93473,JVASP-189625,Ru2Pt,3,139,tetragonal,-0.02134,0.0,train
6334,50911,JVASP-102444,AuO2F6,9,2,triclinic,-0.7101,0.412,train
6335,37549,JVASP-38084,Rb2NaInCl6,10,225,cubic,-1.71671,3.093,train
6336,48601,JVASP-100342,TaCoNi2,8,38,orthorhombic,-0.3546,0.0,train
6337,1045,JVASP-14835,Er,2,194,hexagonal,0.0,0.0,train
6338,74873,JVASP-150913,AgBiSe2,4,166,trigonal,-0.29296,0.161,train
6339,22359,JVASP-107718,Nd2CoO4,7,139,tetragonal,-2.77746,0.0,train
6340,76134,JVASP-161327,Ca2SbPd,4,225,cubic,-0.88552,0.0,train
6341,76364,JVASP-159975,Na2CuTe2,5,12,monoclinic,-0.53905,0.0,train
6342,15189,JVASP-99389,PmSm3,4,139,tetragonal,0.00844,0.0,train
6343,61873,JVASP-138170,NaBeO,3,99,tetragonal,-0.51286,0.0,train
6344,87683,JVASP-173898,La2Ga5Au3,10,115,tetragonal,-0.58668,0.0,train
6345,77407,JVASP-121376,YbI2O,16,62,orthorhombic,-1.55217,1.85,train
6346,93298,JVASP-188886,Ti2GaC,4,160,trigonal,-0.7706,0.0,train
6347,15079,JVASP-94854,V2CoS4,7,12,monoclinic,-0.91839,0.0,train
6348,61388,JVASP-134370,CaCrF,3,187,hexagonal,-0.3529,0.0,train
6349,86858,JVASP-178576,Ca4Ge3Au5,12,8,monoclinic,-0.80633,0.0,train
6350,68364,JVASP-148910,ErB2Rh3,6,191,hexagonal,-0.7149,0.0,train
6351,46272,JVASP-16823,CrTe4Au,6,10,monoclinic,-0.11606,0.0,train
6352,29487,JVASP-9082,Ga2O3,10,167,trigonal,-1.98874,2.694,train
6353,25359,JVASP-33069,SbH3OF6,44,199,cubic,-1.87909,4.658,train
6354,7415,JVASP-87882,ScSnPd,18,190,hexagonal,-0.84706,0.0,train
6355,37811,JVASP-37209,SiSnO3,5,221,cubic,-1.90242,1.368,train
6356,505,JVASP-107742,Sm2Ge3,5,187,hexagonal,-0.56672,0.0,train
6357,57895,JVASP-127761,CdN,2,187,hexagonal,1.06182,0.0,train
6358,12946,JVASP-98965,BaLiSb,6,194,hexagonal,-1.0261,0.749,train
6359,81361,JVASP-163777,Na4Cu6O5,30,190,hexagonal,-0.98703,0.93,train
6360,38238,JVASP-46948,Na4Ni3O7,28,148,trigonal,-1.32655,0.0,train
6361,64636,JVASP-131998,La3F,4,164,trigonal,-1.32917,0.0,train
6362,21284,JVASP-106430,K2AlAuI6,10,225,cubic,-0.78587,0.0,train
6363,29465,JVASP-36327,NaN,2,225,cubic,1.09317,0.0,train
6364,25300,JVASP-9548,Mg2Bi2O5,18,14,monoclinic,-1.86693,1.613,train
6365,21126,JVASP-18808,YAlSi,6,63,orthorhombic,-0.64328,0.0,train
6366,30664,JVASP-29803,CdH2O2,5,164,trigonal,-1.07797,1.795,train
6367,81582,JVASP-171619,PPd4,15,6,monoclinic,-0.3353,0.0,train
6368,39870,JVASP-76979,LiPRh2,4,12,monoclinic,-0.16293,0.0,train
6369,60484,JVASP-144650,SmV2BiO8,12,119,tetragonal,-2.66794,2.773,train
6370,29082,JVASP-81986,Be2PdRu,4,71,orthorhombic,0.48857,0.0,train
6371,49698,JVASP-112036,H3C6S2NO,13,1,triclinic,-0.00804,0.942,train
6372,72775,JVASP-145901,NiMo4O15,20,2,triclinic,-1.59922,0.0,train
6373,58608,JVASP-129452,CrCl,2,221,cubic,0.16406,0.0,train
6374,23215,JVASP-52248,Li2BiO3,6,12,monoclinic,-1.65766,0.0,train
6375,24569,JVASP-9729,SrZnO2,16,62,orthorhombic,-2.32004,2.391,train
6376,55003,JVASP-121990,Nb3VSe6,20,182,hexagonal,-0.87006,0.0,train
6377,55736,JVASP-123212,Er3Ir,4,164,trigonal,-0.41326,0.0,train
6378,41986,JVASP-9286,ZnSn4O8,13,8,monoclinic,-1.595,1.513,train
6379,62895,JVASP-133536,MgCrFeS4,14,74,orthorhombic,-0.82989,0.0,train
6380,16914,JVASP-100748,PmNd,2,187,hexagonal,0.02734,0.0,train
6381,2565,JVASP-42959,Li4Mn3SbO8,16,166,trigonal,-1.81229,0.0,train
6382,41065,JVASP-20586,TbC2,3,139,tetragonal,-0.3407,0.0,train
6383,35653,JVASP-19597,HfRh3,4,221,cubic,-0.768,0.0,train
6384,57251,JVASP-126269,Ni3Ag,4,221,cubic,0.22593,0.0,train
6385,57787,JVASP-126413,PmPb3,4,221,cubic,-0.384,0.0,train
6386,56335,JVASP-128364,Yb3Pm,4,221,cubic,0.0969,0.0,train
6387,14385,JVASP-99699,K2YAgI6,10,225,cubic,-1.17143,2.71,train
6388,26586,JVASP-78337,Si,1,139,tetragonal,0.66026,0.0,train
6389,74102,JVASP-145937,RbZnN,12,62,orthorhombic,-0.02332,0.544,train
6390,69298,JVASP-151344,LaNiO3,10,167,trigonal,-2.43338,0.0,train
6391,58173,JVASP-126522,TaPd3,4,221,cubic,-0.31609,0.0,train
6392,78754,JVASP-162806,Sr3Ga2Sn2,7,71,orthorhombic,-0.66973,0.0,train
6393,74728,JVASP-153692,KV4O8,13,87,tetragonal,-2.54907,0.0,train
6394,42082,JVASP-22462,BaSb12Ru4,17,204,cubic,-0.30818,0.0,train
6395,21914,JVASP-107097,CrPSe3,10,12,monoclinic,-0.25856,0.0,train
6396,36298,JVASP-40092,CaNdZn2,4,225,cubic,-0.37238,0.0,train
6397,67268,JVASP-134551,SeClO2,4,99,tetragonal,-0.03579,0.0,train
6398,78894,JVASP-168091,LaMg,2,123,tetragonal,-0.16682,0.0,train
6399,79699,JVASP-184447,ScSi2Ni,4,216,cubic,-0.13413,0.0,train
6400,54596,JVASP-119938,BaCO,3,99,tetragonal,-0.30048,0.0,val
6401,42831,JVASP-109013,MoO3,8,63,orthorhombic,-2.07496,0.09,val
6402,26130,JVASP-50021,CaPbI4,6,65,orthorhombic,-1.12853,2.663,val
6403,74331,JVASP-154862,SO2F2,20,92,tetragonal,-1.5121,5.836,val
6404,4407,JVASP-69252,BaCuNi2,4,123,tetragonal,0.48176,0.0,val
6405,67570,JVASP-132218,HeMn28,29,217,cubic,0.14997,0.0,val
6406,49904,JVASP-116604,Nb5Si3N,18,193,hexagonal,-0.72949,0.0,val
6407,93497,JVASP-189761,TiVB4,6,191,hexagonal,-0.87753,0.0,val
6408,20848,JVASP-107516,TePdSe,3,156,trigonal,-0.31809,0.0,val
6409,79390,JVASP-163733,TiCuP2O8,24,11,monoclinic,-2.23754,0.288,val
6410,17987,JVASP-102302,ThSiRu2C,10,63,orthorhombic,-0.62699,0.0,val
6411,53333,JVASP-118605,LiNbTe,3,6,monoclinic,0.27335,0.0,val
6412,11339,JVASP-71580,LiBe2Rh,4,99,tetragonal,-0.13258,0.0,val
6413,71944,JVASP-157065,Yb2SnGe,4,225,cubic,-0.65838,0.0,val
6414,39002,JVASP-46014,TmHO2,16,14,monoclinic,-2.83714,5.046,val
6415,88183,JVASP-173476,Sr2CaI6,18,14,monoclinic,-1.75314,3.731,val
6416,11085,JVASP-94238,Mg6FeW,8,38,orthorhombic,0.22978,0.0,val
6417,61386,JVASP-133137,DyAlPt,12,62,orthorhombic,-1.20723,0.0,val
6418,77519,JVASP-155038,BaBiO3,20,55,orthorhombic,-1.77731,0.5,val
6419,31181,JVASP-29137,Te6Mo3WSe2,12,156,trigonal,-0.24665,0.256,val
6420,22076,JVASP-15340,NdAg2Ge2,5,139,tetragonal,-0.41582,0.0,val
6421,50562,JVASP-113012,Nd3In4Ge,16,140,tetragonal,-0.61703,0.0,val
6422,31328,JVASP-35848,CoPPd,6,129,tetragonal,-0.56247,0.0,val
6423,50167,JVASP-115103,RbIO,3,6,monoclinic,-0.78132,0.54,val
6424,70412,JVASP-154084,LaCuS2,16,14,monoclinic,-1.61903,1.174,val
6425,71166,JVASP-155308,TiIn2Br6,9,225,cubic,-1.03069,1.289,val
6426,19575,JVASP-101873,SnH14C8O4,27,2,triclinic,-0.38983,4.541,val
6427,78323,JVASP-179392,Rb2FeS2,5,71,orthorhombic,-0.85897,0.0,val
6428,36051,JVASP-58253,BaAlBO3F2,16,176,hexagonal,-3.40633,6.646,val
6429,92535,JVASP-193316,RuOs3,8,194,hexagonal,-0.02036,0.0,val
6430,49099,JVASP-116187,NaIO,3,187,hexagonal,-0.03877,0.0,val
6431,25350,JVASP-10651,CaV2O4,14,160,trigonal,-2.55867,0.0,val
6432,47098,JVASP-57702,GaMo4S8,13,216,cubic,-0.88024,0.0,val
6433,63012,JVASP-137115,NbCl2,3,47,orthorhombic,-0.79892,0.0,val
6434,13548,JVASP-71974,Mn2BePd,4,139,tetragonal,0.0198,0.0,val
6435,6716,JVASP-73555,Be2CrMo,4,119,tetragonal,0.09781,0.0,val
6436,29756,JVASP-9991,NaCSN,16,62,orthorhombic,-0.44714,4.134,val
6437,4140,JVASP-92221,LiNdS2,8,141,tetragonal,-1.92481,1.868,val
6438,78013,JVASP-164344,SrEr2O4,28,62,orthorhombic,-3.6741,3.817,val
6439,36460,JVASP-37666,RbTmO3,5,221,cubic,-2.16642,0.0,val
6440,18712,JVASP-18525,Rb2WBr6,9,225,cubic,-1.14395,0.0,val
6441,44093,JVASP-109952,ErMgAu2,4,225,cubic,-0.86068,0.0,val
6442,89658,JVASP-192079,LiGa2Ru,4,123,tetragonal,-0.38319,0.0,val
6443,27172,JVASP-76788,Y2HgRu,4,71,orthorhombic,0.08544,0.0,val
6444,76402,JVASP-155005,BaFeCuF7,20,9,monoclinic,-2.65447,0.305,val
6445,47025,JVASP-27531,Ca5Al2Sb6,26,55,orthorhombic,-0.8694,0.209,val
6446,2892,JVASP-42559,Na4CrO3,16,9,monoclinic,-1.52519,0.411,val
6447,6713,JVASP-67748,LiBeOs2,4,216,cubic,-0.02652,0.0,val
6448,72798,JVASP-150823,LaFeO3,10,148,trigonal,-2.6732,0.0,val
6449,65668,JVASP-134494,TlCdO2,4,166,trigonal,-0.84504,0.0,val
6450,75567,JVASP-156422,MgGeAu,3,216,cubic,-0.3771,0.0,val
6451,1676,JVASP-65044,BePdBr4,6,216,cubic,1.07013,0.0,val
6452,93734,JVASP-187932,MnOs,4,51,orthorhombic,-0.04952,0.0,val
6453,80882,JVASP-171573,Tb3Si3Ni,7,44,orthorhombic,-0.76938,0.0,val
6454,66175,JVASP-137750,TiCrO3,20,62,orthorhombic,-2.48297,0.0,val
6455,45924,JVASP-17640,CeInPd2,8,194,hexagonal,-0.71708,0.0,val
6456,58630,JVASP-126647,HeTm,2,187,hexagonal,0.84299,0.0,val
6457,79872,JVASP-176745,Zr2Ni7,9,12,monoclinic,-0.4816,0.0,val
6458,59552,JVASP-143186,Sn2SeS2,20,62,orthorhombic,-0.45884,0.419,val
6459,15944,JVASP-18447,Te2AuI,8,51,orthorhombic,-0.09904,0.0,val
6460,45904,JVASP-51607,In2SiAg2Se6,22,9,monoclinic,-0.39682,0.365,val
6461,29065,JVASP-49888,LuCu2O4,14,88,tetragonal,-1.90467,0.0,val
6462,59612,JVASP-143194,Mo3PdPtN,24,198,cubic,-0.36143,0.0,val
6463,43724,JVASP-20843,Sc2Ni12P7,21,174,hexagonal,-0.72506,0.0,val
6464,28796,JVASP-36032,TmSb,2,221,cubic,-0.73888,0.0,val
6465,50673,JVASP-115416,NaLiAs,3,187,hexagonal,-0.36846,0.0,val
6466,87025,JVASP-162027,SmGePt,12,62,orthorhombic,-1.12581,0.0,val
6467,19354,JVASP-102615,RbScCl3,10,194,hexagonal,-2.09219,0.0,val
6468,12261,JVASP-94918,La2FeSe2O2,7,12,monoclinic,-2.34049,0.322,val
6469,78405,JVASP-178683,MnBeSi2,4,99,tetragonal,-0.04099,0.0,val
6470,61091,JVASP-101449,TbNdCo4,6,216,cubic,-0.14916,0.0,val
6471,12434,JVASP-105985,SrZnSi,3,187,hexagonal,-0.47623,0.0,val
6472,86898,JVASP-185729,ZrF2,3,115,tetragonal,-2.64233,0.0,val
6473,83155,JVASP-179548,BaYBi2,4,123,tetragonal,-0.65366,0.0,val
6474,80714,JVASP-180167,MgSiNi2,4,99,tetragonal,-0.21157,0.0,val
6475,60788,JVASP-141395,TiNb2O7,30,8,monoclinic,-2.85965,1.965,val
6476,6297,JVASP-66042,Ba4CuOs,6,216,cubic,1.2364,0.0,val
6477,80244,JVASP-168855,ZrTiPb2O6,10,8,monoclinic,-2.61316,2.801,val
6478,78601,JVASP-178299,HoFe10Si2,13,71,orthorhombic,-0.23941,0.0,val
6479,28180,JVASP-81731,SrHg2Pb,4,71,orthorhombic,-0.08084,0.0,val
6480,56491,JVASP-128429,MnTe2,3,164,trigonal,-0.1879,0.0,val
6481,21076,JVASP-19083,BaY2O4,28,62,orthorhombic,-3.57585,3.324,val
6482,58793,JVASP-129552,ZrIn,2,123,tetragonal,-0.33578,0.0,val
6483,66298,JVASP-134808,RbNiF3,5,221,cubic,-2.31282,0.348,val
6484,82833,JVASP-175925,AgP6Pb9O25,41,143,trigonal,-1.91247,0.0,val
6485,19243,JVASP-12909,P3Ru,16,2,triclinic,-0.5147,0.978,val
6486,19574,JVASP-28644,MoWSe3S,12,156,trigonal,-0.65065,0.461,val
6487,89129,JVASP-175941,LiV3O6,10,146,trigonal,-2.54124,0.0,val
6488,20546,JVASP-104971,BeZn3O4,8,121,tetragonal,-1.93387,1.665,val
6489,45777,JVASP-21450,SmB2C2,10,127,tetragonal,-0.50496,0.0,val
6490,733,JVASP-64266,Ba4NbPb,6,216,cubic,0.74548,0.0,val
6491,32660,JVASP-5326,Sc2Co3Si,12,194,hexagonal,-0.62856,0.0,val
6492,7868,JVASP-66852,CaBeGe,3,107,tetragonal,0.01018,0.0,val
6493,41365,JVASP-42982,Li2Mn2FeO6,22,64,orthorhombic,-1.85797,0.218,val
6494,79156,JVASP-184923,Rb2F,3,2,triclinic,-1.84711,0.0,val
6495,27933,JVASP-80012,YbInAg2,4,225,cubic,-0.41011,0.0,val
6496,4747,JVASP-66111,Ba4CdIr,6,216,cubic,0.72609,0.0,val
6497,87672,JVASP-182389,BOF,3,187,hexagonal,-1.59381,2.473,val
6498,35311,JVASP-39122,MgCu,2,221,cubic,-0.13479,0.0,val
6499,28206,JVASP-80357,Mn2SiW,4,71,orthorhombic,0.54948,0.0,val
6500,34805,JVASP-15859,V2AsC,8,194,hexagonal,-0.55168,0.0,val
6501,57325,JVASP-127411,InGe7,8,215,cubic,0.06545,0.0,val
6502,80903,JVASP-163440,Be2Te7Cl6,30,58,orthorhombic,-0.72391,1.182,val
6503,46006,JVASP-16768,PrAl3,8,194,hexagonal,-0.47735,0.0,val
6504,2385,JVASP-97609,Sc3Co,32,62,orthorhombic,-0.27598,0.0,val
6505,6671,JVASP-91729,CeMnAsO,8,129,tetragonal,-1.83763,0.0,val
6506,21372,JVASP-106527,Ho2OsRh,4,225,cubic,-0.62063,0.0,val
6507,56193,JVASP-126880,CeAu3,4,221,cubic,-0.4795,0.0,val
6508,47349,JVASP-44403,Li4Cr3O8,15,1,triclinic,-2.15321,0.0,val
6509,11265,JVASP-71123,Ti2BeFe,4,99,tetragonal,-0.15697,0.0,val
6510,24059,JVASP-11416,Li3AuS2,12,72,orthorhombic,-1.14767,2.126,val
6511,53925,JVASP-120154,MnTlF3,5,221,cubic,-2.25707,1.361,val
6512,69730,JVASP-149229,KO2,6,74,orthorhombic,-0.982,0.0,val
6513,25143,JVASP-54898,SrCo2As2,5,139,tetragonal,-0.63573,0.0,val
6514,54188,JVASP-117604,BaMgTe,3,38,orthorhombic,-0.51566,0.0,val
6515,34134,JVASP-41504,Tm2MgIr,4,225,cubic,-0.55104,0.0,val
6516,42051,JVASP-16429,Tb3Al,4,221,cubic,-0.21592,0.0,val
6517,24389,JVASP-8382,YCrF5,7,71,orthorhombic,-3.29586,0.339,val
6518,26569,JVASP-78753,MgScTl,3,216,cubic,0.2033,0.0,val
6519,80037,JVASP-165541,CeNi5Sn,28,194,hexagonal,-0.40463,0.0,val
6520,42713,JVASP-12357,In6Ga2PtO8,17,225,cubic,-1.56444,0.664,val
6521,50244,JVASP-112894,LiCeSi2,16,62,orthorhombic,-0.58008,0.0,val
6522,22679,JVASP-107679,NaY3,4,139,tetragonal,0.2777,0.0,val
6523,62379,JVASP-135764,NaBN2,4,166,trigonal,0.60265,0.0,val
6524,55620,JVASP-121297,LiAuF4,6,65,orthorhombic,-1.70069,0.0,val
6525,138,JVASP-98438,PH5N2O4,48,19,orthorhombic,-0.69247,0.0,val
6526,66127,JVASP-134803,AlCN,3,160,trigonal,0.61499,0.0,val
6527,43051,JVASP-109892,Rb2LiMoCl6,10,225,cubic,-1.64739,1.299,val
6528,38385,JVASP-37465,Tm3Si,8,194,hexagonal,-0.25398,0.0,val
6529,18908,JVASP-101033,YbF3,4,139,tetragonal,-3.25415,0.0,val
6530,302,JVASP-97854,AgNO3,10,1,triclinic,-0.10368,0.861,val
6531,2264,JVASP-86987,SrB2Rh2,10,70,orthorhombic,-0.59651,0.0,val
6532,72317,JVASP-149342,LaMnGe,6,129,tetragonal,-0.46744,0.0,val
6533,67450,JVASP-134050,NaBeH2,4,119,tetragonal,0.55579,0.0,val
6534,90339,JVASP-190906,FeSi,2,221,cubic,-0.3822,0.0,val
6535,88629,JVASP-166068,TbBaAgS3,12,12,monoclinic,-1.76475,1.004,val
6536,57811,JVASP-127724,CdB,2,187,hexagonal,1.35307,0.0,val
6537,57229,JVASP-127368,CrTc,2,221,cubic,0.06323,0.0,val
6538,47761,JVASP-55230,LaFe4P12,17,204,cubic,-0.63789,0.0,val
6539,35185,JVASP-38911,PrGeRu,6,129,tetragonal,-0.63426,0.0,val
6540,38589,JVASP-46198,Li2FeNiP2O8,28,11,monoclinic,-2.01902,0.0,val
6541,27019,JVASP-36261,MgNiH,3,123,tetragonal,-0.2189,0.0,val
6542,29068,JVASP-80462,SrLi2In,4,166,trigonal,-0.27088,0.0,val
6543,91609,JVASP-189325,CoGe2,3,225,cubic,-0.12406,0.0,val
6544,48696,JVASP-103366,RbP2Ru2,5,139,tetragonal,-0.62892,0.0,val
6545,81012,JVASP-184027,Li2GaN2,5,164,trigonal,-0.26804,0.0,val
6546,83120,JVASP-182951,TiCrTe2,4,99,tetragonal,-0.17826,0.0,val
6547,59348,JVASP-141555,Ni3As2O8,26,64,orthorhombic,-1.0458,0.314,val
6548,23359,JVASP-52866,B4C,15,166,trigonal,-0.05383,1.66,val
6549,89744,JVASP-190888,Al2PdRh,4,123,tetragonal,-0.95011,0.0,val
6550,84825,JVASP-179597,BaZnPb2,4,99,tetragonal,-0.25288,0.0,val
6551,23820,JVASP-45730,HoZnBi2O6,20,31,orthorhombic,-1.88373,0.0,val
6552,37701,JVASP-37371,SrAc3,4,139,tetragonal,0.04098,0.0,val
6553,26486,JVASP-28447,DyTe3,8,63,orthorhombic,-0.58943,0.0,val
6554,38940,JVASP-11233,Mg2V3O8,13,12,monoclinic,-2.6832,0.0,val
6555,32971,JVASP-95,CdS,4,186,hexagonal,-0.67015,1.056,val
6556,82182,JVASP-165620,InH5NOF4,24,2,triclinic,-1.47386,4.923,val
6557,5021,JVASP-66157,Ba4HfTa,6,216,cubic,1.45541,0.0,val
6558,59223,JVASP-137358,BaSr3Zr4Se12,20,6,monoclinic,-1.72597,0.271,val
6559,23286,JVASP-51219,BeInSi2,4,216,cubic,0.77979,0.0,val
6560,64409,JVASP-124759,Tb8Mg,9,164,trigonal,0.00655,0.0,val
6561,17175,JVASP-100661,CrAgP2Se6,10,5,monoclinic,-0.2082,0.572,val
6562,61587,JVASP-138679,BaF,2,221,cubic,-2.36421,0.0,val
6563,6064,JVASP-67657,Na2BeIr,4,216,cubic,0.38434,0.0,val
6564,69811,JVASP-145488,SrFe5N4,20,59,orthorhombic,-0.14426,0.0,val
6565,18041,JVASP-100898,K2HgAsI6,10,225,cubic,-0.65703,0.0,val
6566,54848,JVASP-121273,AsSeBr,3,216,cubic,0.50641,0.0,val
6567,50535,JVASP-112997,Y6RhI10,17,2,triclinic,-1.33549,0.0,val
6568,8849,JVASP-69740,Be2PdSe,4,123,tetragonal,-0.02652,0.0,val
6569,48030,JVASP-110745,AlCd3,4,139,tetragonal,0.08208,0.0,val
6570,67978,JVASP-139480,AlTlO2,4,166,trigonal,-2.12527,0.0,val
6571,27922,JVASP-50097,Sc2O3,10,167,trigonal,-3.78164,4.187,val
6572,52511,JVASP-119288,LiGaW2O8,24,13,monoclinic,-2.20764,0.697,val
6573,9863,JVASP-86723,LiBH2,16,62,orthorhombic,0.1788,0.534,val
6574,91472,JVASP-188684,TiMo,4,74,orthorhombic,-0.13957,0.0,val
6575,13668,JVASP-74697,K2BeSb,4,119,tetragonal,0.22532,0.0,val
6576,65340,JVASP-124873,NbC3,4,187,hexagonal,1.90579,0.0,val
6577,73690,JVASP-145924,TbNaTi2O6,20,31,orthorhombic,-3.28147,2.394,val
6578,34837,JVASP-39276,LiCe2Ru,4,225,cubic,-0.09436,0.0,val
6579,32271,JVASP-58326,LiAlSi2O6,20,15,monoclinic,-2.97302,5.78,val
6580,37050,JVASP-106993,Yb2ZnAg,4,225,cubic,-0.45752,0.0,val
6581,21598,JVASP-106760,PrGePd,6,12,monoclinic,-0.87376,0.0,val
6582,48240,JVASP-110466,Sc2PdRh,4,225,cubic,-0.99276,0.0,val
6583,49415,JVASP-114606,BeCdSb,3,25,orthorhombic,0.35967,0.0,val
6584,19027,JVASP-104110,H3C7NO,24,1,triclinic,-0.05793,1.88,val
6585,67417,JVASP-141777,MgTl6Si2O7,16,1,triclinic,-1.55295,1.03,val
6586,74935,JVASP-146514,Bi4S3N2,18,58,orthorhombic,0.00424,0.411,val
6587,57762,JVASP-122509,CoSeO4,12,63,orthorhombic,-0.69306,0.076,val
6588,77823,JVASP-180418,CaCrO,3,187,hexagonal,-0.7913,0.0,val
6589,76461,JVASP-133069,KW3O9,13,183,hexagonal,-2.27454,0.0,val
6590,506,JVASP-98097,Zr3Al3C5,22,194,hexagonal,-0.68678,0.0,val
6591,12947,JVASP-93878,YbCuPb,6,194,hexagonal,-0.40037,0.0,val
6592,12264,JVASP-72003,BeIrBr,3,156,trigonal,0.21171,0.0,val
6593,46802,JVASP-9120,ScSn2,12,141,tetragonal,-0.47697,0.0,val
6594,35560,JVASP-35492,AgWS4N,7,82,tetragonal,0.32465,0.0,val
6595,5840,JVASP-66202,Ba4ZrV,6,216,cubic,1.37705,0.0,val
6596,90270,JVASP-191768,Zr2P,6,140,tetragonal,-1.05949,0.0,val
6597,15413,JVASP-93311,NaZnN,6,186,hexagonal,-0.11702,0.0,val
6598,34730,JVASP-25326,P,2,74,orthorhombic,0.06344,0.0,val
6599,37969,JVASP-29398,VF4,10,14,monoclinic,-2.89253,0.424,val
6600,66387,JVASP-135884,BaSbO,3,6,monoclinic,-1.2149,0.0,val
6601,72202,JVASP-153264,Sr2VFeAsO3,16,129,tetragonal,-2.19274,0.0,val
6602,54036,JVASP-120201,Ga2P,3,47,orthorhombic,0.06429,0.0,val
6603,1249,JVASP-85718,BaTiO3,5,38,orthorhombic,-2.50585,0.294,val
6604,88405,JVASP-175880,MnTe6O13,40,148,trigonal,-1.16916,1.055,val
6605,85012,JVASP-180323,CaAgGe,3,187,hexagonal,-0.54286,0.0,val
6606,77401,JVASP-159757,LaPPdO,8,129,tetragonal,-2.04507,0.0,val
6607,9004,JVASP-53515,Mn2SbTe,8,58,orthorhombic,0.29856,0.0,val
6608,52018,JVASP-117297,LiCoSiO4,28,33,orthorhombic,-2.0311,0.141,val
6609,66863,JVASP-144347,NbCrGe,12,38,orthorhombic,-0.08641,0.0,val
6610,37441,JVASP-38910,Pr2IrAu,4,225,cubic,-0.74591,0.0,val
6611,1141,JVASP-98372,CeSi3N5,36,19,orthorhombic,-1.33783,0.042,val
6612,15497,JVASP-99822,MnZnPt2,4,225,cubic,-0.39761,0.0,val
6613,1607,JVASP-64362,Ba4NaSb,6,216,cubic,0.10784,0.0,val
6614,66227,JVASP-136409,SbClO,3,6,monoclinic,0.05445,0.0,val
6615,32214,JVASP-56537,AgBiTe2,12,164,trigonal,-0.07294,0.0,val
6616,21726,JVASP-105559,MgCu2O3,6,123,tetragonal,-1.26473,0.0,val
6617,10317,JVASP-71654,BeCr2Re,4,119,tetragonal,0.15075,0.0,val
6618,56393,JVASP-128387,Yb3Th,4,221,cubic,0.2158,0.0,val
6619,66294,JVASP-134231,ZnBiO3,5,146,trigonal,-1.11989,0.0,val
6620,53783,JVASP-120081,InGeCl2,4,99,tetragonal,-0.42269,0.0,val
6621,86469,JVASP-183841,LaFeO,3,187,hexagonal,-0.96357,0.0,val
6622,49026,JVASP-114428,AsSF2,4,99,tetragonal,-0.96138,0.0,val
6623,80377,JVASP-186506,HfGa4Ru,6,123,tetragonal,-0.23595,0.0,val
6624,81786,JVASP-176086,NaAsF6,8,225,cubic,-2.40852,4.896,val
6625,16796,JVASP-1540,Al2Os,3,139,tetragonal,-0.58309,0.368,val
6626,79977,JVASP-180146,LiRu2O3,6,164,trigonal,-0.99579,0.0,val
6627,3948,JVASP-63714,TbCrB4,24,55,orthorhombic,-0.66445,0.256,val
6628,10752,JVASP-15082,SbPt,4,194,hexagonal,-0.37457,0.0,val
6629,7530,JVASP-67935,KBeNb2,4,119,tetragonal,1.28396,0.0,val
6630,3150,JVASP-88639,SrNiGe2,8,63,orthorhombic,-0.57244,0.0,val
6631,69911,JVASP-154311,TiNi3,16,194,hexagonal,-0.5224,0.0,val
6632,78139,JVASP-164019,GaMo4S8,13,216,cubic,-0.87767,0.0,val
6633,81728,JVASP-179135,BaLi2Sb,4,99,tetragonal,-0.43664,0.0,val
6634,45265,JVASP-43392,ZrO2,6,136,tetragonal,-3.64049,3.598,val
6635,60757,JVASP-136243,CaB,2,187,hexagonal,1.5836,0.0,val
6636,54089,JVASP-120219,HCl2,3,10,monoclinic,-0.0923,0.0,val
6637,37064,JVASP-12687,LiCrPO4F,16,2,triclinic,-2.45482,1.05,val
6638,28203,JVASP-79441,YbKS2,4,166,trigonal,-1.51854,0.0,val
6639,53218,JVASP-119097,K3Mo3C3Se4N2,30,87,tetragonal,-0.5625,0.086,val
6640,3882,JVASP-69043,BaRu2Pt,4,123,tetragonal,0.8247,0.0,val
6641,64716,JVASP-136360,LiPCl,3,187,hexagonal,0.00082,0.0,val
6642,18845,JVASP-106453,Na2AlHgCl6,10,225,cubic,-1.24501,0.0,val
6643,58181,JVASP-127992,Nd3N,4,164,trigonal,-0.73815,0.0,val
6644,2165,JVASP-36936,CuAgF3,10,167,trigonal,-1.41199,0.0,val
6645,52601,JVASP-117972,CaGaH,3,187,hexagonal,0.40654,0.0,val
6646,71876,JVASP-153534,DyGaPt,12,62,orthorhombic,-1.14595,0.0,val
6647,10754,JVASP-44621,Li5Mn3Nb2O10,20,2,triclinic,-2.16312,0.0,val
6648,22015,JVASP-12128,Sr2FeBrO3,14,129,tetragonal,-2.38774,0.0,val
6649,74447,JVASP-146662,Ta2Au,30,136,tetragonal,-0.06351,0.0,val
6650,68602,JVASP-155387,Cu2NiSnS4,8,121,tetragonal,-0.36953,0.0,val
6651,89249,JVASP-164720,La3GaO6,20,36,orthorhombic,-3.34769,3.814,val
6652,7548,JVASP-86950,Ba2CaCu2HgO6,12,123,tetragonal,-1.84779,0.0,val
6653,81695,JVASP-183278,MgRh2,3,71,orthorhombic,-0.24251,0.0,val
6654,80182,JVASP-176377,TiP2W,4,44,orthorhombic,-0.68073,0.0,val
6655,60518,JVASP-142772,SrLaMgTaO6,20,7,monoclinic,-3.41402,4.064,val
6656,74705,JVASP-150654,BaNiO3,10,194,hexagonal,-1.90673,1.065,val
6657,10303,JVASP-71300,BeSn2P,4,99,tetragonal,0.20878,0.0,val
6658,71633,JVASP-157055,Yb2LaCe,4,225,cubic,0.21979,0.0,val
6659,76631,JVASP-158681,La2Bi,6,139,tetragonal,-0.77155,0.0,val
6660,58243,JVASP-129313,NaSc,2,187,hexagonal,0.32982,0.0,val
6661,59187,JVASP-125496,Al3Cu,4,221,cubic,-0.04842,0.0,val
6662,28470,JVASP-79453,HoAu,4,63,orthorhombic,-0.96109,0.0,val
6663,223,JVASP-48922,Li2Mn2F7,22,2,triclinic,-2.70704,0.159,val
6664,23088,JVASP-19101,Ca2Nb2O7,22,227,cubic,-3.05098,1.407,val
6665,79465,JVASP-179432,GePb3O,5,221,cubic,-0.26187,0.0,val
6666,18951,JVASP-105349,YFeNi4,6,187,hexagonal,-0.29588,0.0,val
6667,8283,JVASP-86270,Ce3Sb3Au2,16,194,hexagonal,-0.8848,0.0,val
6668,31491,JVASP-22976,CaTiGeO5,32,14,monoclinic,-2.8127,2.783,val
6669,32369,JVASP-58132,ZnAg2O4,14,141,tetragonal,-0.46372,0.402,val
6670,59243,JVASP-144351,LiMo6Se6S2,15,1,triclinic,-0.67843,0.0,val
6671,67862,JVASP-136747,PHN,3,187,hexagonal,1.20939,0.0,val
6672,80819,JVASP-164442,Si5Rh4,18,11,monoclinic,-0.64378,0.0,val
6673,16813,JVASP-598,CrS2,3,166,trigonal,-0.5715,0.0,val
6674,28941,JVASP-81204,NaSr2Mg,4,71,orthorhombic,-0.02508,0.0,val
6675,40043,JVASP-64193,Ba4LiGe,6,216,cubic,0.39825,0.0,val
6676,46541,JVASP-19612,CdSe,2,225,cubic,-0.50448,0.0,val
6677,81957,JVASP-162998,CaNiGe3,5,107,tetragonal,-0.46315,0.0,val
6678,85004,JVASP-168986,Na2Nb3S6,22,155,trigonal,-1.32008,0.0,val
6679,67489,JVASP-138619,LiMnCl,3,99,tetragonal,0.47583,0.0,val
6680,4895,JVASP-66623,BaZnCd,3,216,cubic,0.07335,0.0,val
6681,72815,JVASP-156881,AcLaZn2,4,225,cubic,-0.32768,0.0,val
6682,29449,JVASP-10923,CaCo2O5,16,59,orthorhombic,-1.46943,0.0,val
6683,52952,JVASP-118316,Sr2O2F,5,139,tetragonal,-2.63659,0.0,val
6684,59710,JVASP-140884,CeAgP2Se6,20,7,monoclinic,-0.53699,0.0,val
6685,40329,JVASP-42989,Li2MnV3O8,14,166,trigonal,-2.38702,0.0,val
6686,80571,JVASP-184012,GaH2O2,5,12,monoclinic,-0.92797,0.0,val
6687,50273,JVASP-115172,LaSe,2,187,hexagonal,-1.19425,0.0,val
6688,39216,JVASP-12241,Cr2O3,10,167,trigonal,-2.10553,0.735,val
6689,17059,JVASP-100616,PrNdIn2,4,225,cubic,-0.5122,0.0,val
6690,62544,JVASP-140266,BaNb6O17,24,71,orthorhombic,-2.57325,1.119,val
6691,11891,JVASP-71795,LaBe2Mo,4,123,tetragonal,0.17639,0.0,val
6692,53612,JVASP-119726,Co3O2F4,18,2,triclinic,-1.58417,0.0,val
6693,44359,JVASP-109797,AlGaCu2Se4,8,82,tetragonal,-0.59142,0.397,val
6694,70801,JVASP-152192,UNiGe,12,62,orthorhombic,-0.43265,0.0,val
6695,30412,JVASP-35321,UAl2Cu3,6,191,hexagonal,0.02768,0.0,val
6696,30090,JVASP-11638,CaV2O4,14,74,orthorhombic,-2.55032,0.0,val
6697,21505,JVASP-105480,HoPaO4,6,123,tetragonal,-4.02429,2.83,val
6698,732,JVASP-97755,Ce2Si2O7,44,14,monoclinic,-3.30282,0.0,val
6699,86727,JVASP-185249,Y2Cu,3,139,tetragonal,-0.18467,0.0,val
6700,37866,JVASP-29304,Nb3SiTe6,40,62,orthorhombic,-0.45042,0.0,val
6701,91754,JVASP-191536,HfAl3,4,139,tetragonal,-0.39694,0.0,val
6702,87179,JVASP-179358,RbFeF2,4,99,tetragonal,-1.5545,0.0,val
6703,30768,JVASP-58384,Ti3O5,16,63,orthorhombic,-3.1539,0.0,val
6704,58592,JVASP-124674,NbSb5,6,164,trigonal,0.1622,0.0,val
6705,17027,JVASP-99516,CaBC,6,194,hexagonal,-0.20946,0.0,val
6706,89662,JVASP-188638,Zn5Cu3,8,123,tetragonal,-0.06106,0.0,val
6707,52214,JVASP-117451,Ni3OF5,18,1,triclinic,-1.5906,0.009,val
6708,80390,JVASP-176758,YSiRh2,24,194,hexagonal,-1.00504,0.0,val
6709,74834,JVASP-154255,Ho3Ni2,15,148,trigonal,-0.44379,0.0,val
6710,60899,JVASP-136811,PbI,4,129,tetragonal,-0.24759,0.0,val
6711,64890,JVASP-133968,BaSnSe,3,38,orthorhombic,-0.54976,0.0,val
6712,39482,JVASP-46291,Tb2Mn2O7,22,227,cubic,-2.81626,1.047,val
6713,58581,JVASP-128122,Pt3W,4,221,cubic,0.08589,0.0,val
6714,22093,JVASP-85006,NaMn2O4,14,10,monoclinic,-1.89438,0.0,val
6715,26874,JVASP-58259,Te2Ir,12,205,cubic,-0.19564,0.0,val
6716,75774,JVASP-156072,SrIn2Rh2,5,139,tetragonal,-0.43734,0.0,val
6717,68651,JVASP-145984,KTe3Mo3,14,176,hexagonal,-0.50433,0.0,val
6718,45066,JVASP-24272,Nd2Ta2Cl2O7,13,12,monoclinic,-3.18869,3.177,val
6719,58396,JVASP-129374,NbP,2,221,cubic,-0.60746,0.0,val
6720,3288,JVASP-98350,Ba2NdNbCu2O8,14,123,tetragonal,-2.53007,0.0,val
6721,56868,JVASP-121607,MgZrSi2O7,22,74,orthorhombic,-3.08852,2.904,val
6722,80744,JVASP-178766,SiAgO3,5,221,cubic,-1.42775,0.0,val
6723,4429,JVASP-66298,BaNaZr,3,216,cubic,1.29207,0.0,val
6724,49470,JVASP-111965,Li2CoNi2O6,22,41,orthorhombic,-1.35585,0.181,val
6725,80413,JVASP-168544,PmY3,8,194,hexagonal,0.00015,0.0,val
6726,23427,JVASP-7728,TiCuHg2,4,216,cubic,0.31179,0.0,val
6727,52661,JVASP-116194,NbIO2,4,99,tetragonal,-1.5184,0.0,val
6728,84922,JVASP-185644,TiVTe2,4,99,tetragonal,-0.39408,0.0,val
6729,8842,JVASP-44461,VBiO3,20,62,orthorhombic,-1.9051,0.0,val
6730,26901,JVASP-79138,CeY3,4,139,tetragonal,0.09133,0.0,val
6731,92907,JVASP-189986,Ti2TlTc,4,123,tetragonal,-0.24452,0.0,val
6732,69498,JVASP-154301,SiPt3,8,140,tetragonal,-0.43806,0.0,val
6733,35286,JVASP-25064,Si,1,229,cubic,0.69717,0.0,val
6734,11737,JVASP-72424,BeNb2Pt,4,123,tetragonal,-0.2694,0.0,val
6735,78521,JVASP-181217,BaIn2F,4,123,tetragonal,-1.4347,0.0,val
6736,29994,JVASP-11047,CaCo2S4,14,227,cubic,-0.78301,0.783,val
6737,17898,JVASP-103920,ZnH10C7O4,22,1,triclinic,-0.48551,4.344,val
6738,53195,JVASP-119496,Li2Al2Si4O13,21,1,triclinic,-2.67661,1.166,val
6739,73670,JVASP-146109,Li4Fe3NiO8,16,12,monoclinic,-1.67859,0.0,val
6740,11916,JVASP-92904,HfMg6Mo,8,38,orthorhombic,0.23473,0.0,val
6741,29368,JVASP-81252,Zr2CuPt,4,71,orthorhombic,2.82504,0.0,val
6742,3794,JVASP-98161,VH4NO3,36,57,orthorhombic,-1.31741,2.957,val
6743,68901,JVASP-155586,DyAl2Ag2,5,139,tetragonal,-0.31437,0.0,val
6744,11651,JVASP-70764,Be2SeCl,4,123,tetragonal,0.41169,0.0,val
6745,74284,JVASP-150403,Ho2NiSn6,9,65,orthorhombic,-0.46602,0.0,val
6746,79681,JVASP-167620,MgPd5,6,189,hexagonal,-0.34714,0.0,val
6747,28588,JVASP-79637,CrH,4,194,hexagonal,0.39863,0.0,val
6748,44252,JVASP-38450,Mo3H,4,139,tetragonal,0.87714,0.0,val
6749,49700,JVASP-116526,BaO2,24,14,monoclinic,-2.04169,2.658,val
6750,6861,JVASP-67381,BeFeNi,3,107,tetragonal,-0.22509,0.0,val
6751,90149,JVASP-191028,V6CoOs,8,200,cubic,-0.26488,0.0,val
6752,40875,JVASP-47749,Li2CrSi2O6,22,15,monoclinic,-2.41841,0.516,val
6753,24213,JVASP-12886,ZrI2,18,148,trigonal,-0.85499,0.0,val
6754,42321,JVASP-64952,ScBeBi4,6,216,cubic,0.63063,0.0,val
6755,61090,JVASP-137874,BaPtBr2,4,99,tetragonal,-0.94532,0.567,val
6756,21005,JVASP-105458,LaZnAgAs2,5,156,trigonal,-0.72082,0.181,val
6757,69588,JVASP-155265,NiTe4Rh2,7,12,monoclinic,-0.29918,0.0,val
6758,38056,JVASP-36680,CaWN3,10,12,monoclinic,-0.89721,0.562,val
6759,38632,JVASP-14006,Li2NdSb2,10,129,tetragonal,-0.7609,0.0,val
6760,34838,JVASP-22794,Nb5Ge3,16,140,tetragonal,-0.43997,0.0,val
6761,71171,JVASP-152201,ZnS2,12,205,cubic,-0.47604,1.461,val
6762,72949,JVASP-145137,Li5Mn2CoO8,16,2,triclinic,-2.04171,0.416,val
6763,64265,JVASP-139061,MgSiH,3,99,tetragonal,0.3585,0.0,val
6764,20960,JVASP-102847,CrGaO4,6,35,orthorhombic,-1.87886,0.227,val
6765,17993,JVASP-102995,YbEuCd2,4,225,cubic,-0.43153,0.0,val
6766,14306,JVASP-105944,KIn2Ga2,5,139,tetragonal,-0.18612,0.0,val
6767,10948,JVASP-72332,YBePt2,4,119,tetragonal,-0.70871,0.0,val
6768,70252,JVASP-151617,CoCuP2O7,11,5,monoclinic,-1.71753,0.0,val
6769,54750,JVASP-119731,Co5BiO12,18,12,monoclinic,-0.95164,0.0,val
6770,39057,JVASP-37083,SnO,2,123,tetragonal,-0.97981,0.0,val
6771,40604,JVASP-10222,CdPt3O6,10,65,orthorhombic,-0.82538,0.282,val
6772,39167,JVASP-45248,Ca2BN2F,24,62,orthorhombic,-2.10545,3.055,val
6773,2703,JVASP-64942,BeVPd4,6,216,cubic,0.3587,0.0,val
6774,51632,JVASP-113728,SbTeO2,4,99,tetragonal,-0.54966,0.0,val
6775,11593,JVASP-105896,Y2Co2I,10,194,hexagonal,-0.67889,0.0,val
6776,30380,JVASP-34173,Sr2CoReO6,10,87,tetragonal,-2.27962,0.0,val
6777,85883,JVASP-170438,Sm2UTe5,16,25,orthorhombic,-1.14269,0.0,val
6778,60625,JVASP-124303,TbCl3,4,12,monoclinic,-2.1051,3.263,val
6779,91367,JVASP-190929,LiHfGa2,4,123,tetragonal,-0.42509,0.0,val
6780,23906,JVASP-56177,Mn2RuC6N6,15,162,trigonal,0.122,1.8,val
6781,28817,JVASP-36141,HfIr,4,11,monoclinic,-1.00513,0.0,val
6782,26374,JVASP-78742,CaAgP,3,216,cubic,-0.18805,0.0,val
6783,63632,JVASP-125400,HoH3,4,1,triclinic,-0.5817,0.0,val
6784,89926,JVASP-188496,HPd,4,186,hexagonal,-0.03542,0.0,val
6785,58333,JVASP-129352,HeNb,2,221,cubic,2.02675,0.0,val
6786,31918,JVASP-20291,Sm2O3,40,206,cubic,-3.67174,3.876,val
6787,80261,JVASP-168123,SrMgF4,12,36,orthorhombic,-3.96635,6.902,val
6788,84634,JVASP-167949,Ca2AlPd2,10,15,monoclinic,-0.85607,0.0,val
6789,76210,JVASP-160869,RbNaHg,3,216,cubic,-0.05679,0.0,val
6790,61082,JVASP-140925,Ca4Mn3AlO11,19,123,tetragonal,-2.58354,0.0,val
6791,29264,JVASP-28474,Te2MoW2Se2S2,9,8,monoclinic,-0.43225,0.078,val
6792,16138,JVASP-100604,In3Ga,4,139,tetragonal,0.03054,0.0,val
6793,26620,JVASP-12930,LiBiF4,12,88,tetragonal,-2.78477,5.021,val
6794,56130,JVASP-122375,Mn3TeO8,24,186,hexagonal,-1.55758,0.0,val
6795,3222,JVASP-85599,LaCO3F,18,189,hexagonal,-2.8684,4.921,val
6796,82336,JVASP-169245,Zr9Ni2P4,30,127,tetragonal,-1.01786,0.0,val
6797,330,JVASP-37387,Th3U,4,221,cubic,0.25005,0.0,val
6798,32255,JVASP-41854,LiAl2Ni,4,225,cubic,-0.49601,0.0,val
6799,93646,JVASP-189381,HfBRh3,5,221,cubic,-0.76975,0.0,val
6800,40599,JVASP-18144,FeCu2GeS4,8,121,tetragonal,-0.38465,0.0,val
6801,36642,JVASP-39090,Si3Pt,8,194,hexagonal,0.03724,0.0,val
6802,86176,JVASP-179631,MgPRh,3,187,hexagonal,-0.60365,0.0,val
6803,7621,JVASP-72570,Be2TeSe,4,225,cubic,0.69254,0.0,val
6804,37044,JVASP-79176,CaMg3,4,221,cubic,-0.05653,0.0,val
6805,2611,JVASP-62744,TbNi12B6,19,166,trigonal,-0.37499,0.0,val
6806,5050,JVASP-65689,BaSn2Se,4,123,tetragonal,-0.43267,0.0,val
6807,18349,JVASP-101802,H4C6S2O,13,1,triclinic,0.03896,2.18,val
6808,64805,JVASP-133966,BaSiSe2,4,99,tetragonal,-0.93658,0.768,val
6809,70705,JVASP-156204,ScIn2Ir,8,63,orthorhombic,-0.48525,0.0,val
6810,75910,JVASP-156012,ErSi2Tc2,5,139,tetragonal,-0.55411,0.0,val
6811,49414,JVASP-116380,BaAsAu,3,99,tetragonal,0.43784,0.0,val
6812,11254,JVASP-71461,Be2CuRu,4,123,tetragonal,-0.17276,0.0,val
6813,44885,JVASP-109529,Er2CuIr,4,225,cubic,-0.74368,0.0,val
6814,66552,JVASP-133657,Fe3O4F2,18,1,triclinic,-1.57774,0.0,val
6815,53283,JVASP-117463,BaBP,3,6,monoclinic,0.20849,0.544,val
6816,62794,JVASP-133533,Al2InN3,12,36,orthorhombic,-1.08985,2.407,val
6817,11885,JVASP-71954,BeGa2Ru,4,119,tetragonal,-0.13455,0.0,val
6818,31252,JVASP-21958,LiCaGe2,16,62,orthorhombic,-0.581,0.0,val
6819,63951,JVASP-136056,SiBiO,3,187,hexagonal,0.413,0.0,val
6820,92368,JVASP-191976,V3AuC,5,221,cubic,-0.29505,0.0,val
6821,49059,JVASP-114440,TlAsF3,5,160,trigonal,-1.61006,0.0,val
6822,4282,JVASP-37178,MnSn,4,194,hexagonal,0.20065,0.0,val
6823,27805,JVASP-58262,LuB2C2,10,127,tetragonal,-0.49855,0.0,val
6824,26068,JVASP-11584,Sr4MgFe2S2O6,15,115,tetragonal,-2.28441,0.0,val
6825,20358,JVASP-42484,NaCr2O4,14,227,cubic,-2.06223,0.0,val
6826,42358,JVASP-86903,Ti4FeBi2,14,140,tetragonal,-0.30552,0.0,val
6827,24463,JVASP-50846,Sr2Li2Nb4O13,21,139,tetragonal,-2.8748,1.47,val
6828,29771,JVASP-11442,Ce2Al2Co15,19,166,trigonal,-0.17615,0.0,val
6829,36216,JVASP-38033,GeClF,6,129,tetragonal,-1.44863,2.792,val
6830,68606,JVASP-157292,Pr2AgOs,4,225,cubic,-0.16901,0.0,val
6831,2273,JVASP-98260,Sr2CoMoO6,10,225,cubic,-2.46805,0.0,val
6832,11486,JVASP-93869,ReN2,6,12,monoclinic,0.03198,0.0,val
6833,1675,JVASP-52560,Ho2TiO5,16,63,orthorhombic,-3.59074,3.109,val
6834,44796,JVASP-108978,K2LiTlF6,10,225,cubic,-2.6416,3.503,val
6835,55158,JVASP-120991,NaAlAs,3,99,tetragonal,0.16273,0.0,val
6836,4561,JVASP-61347,ErAsPt,12,194,hexagonal,-1.20419,0.0,val
6837,7353,JVASP-90573,MgZn3,8,194,hexagonal,-0.07592,0.0,val
6838,54665,JVASP-118010,Cd2O,3,25,orthorhombic,-0.47408,0.0,val
6839,90121,JVASP-188768,ScTiGa,6,129,tetragonal,-0.45362,0.0,val
6840,24415,JVASP-113,ZrO2,12,14,monoclinic,-3.70068,3.622,val
6841,71995,JVASP-149890,LaSi2Pt,8,63,orthorhombic,-1.01875,0.0,val
6842,48851,JVASP-111414,SnMo6Se8,15,148,trigonal,-0.50093,0.0,val
6843,16182,JVASP-103386,ZrNb,2,65,orthorhombic,0.09741,0.0,val
6844,34709,JVASP-25349,Ru,1,225,cubic,0.11098,0.0,val
6845,57283,JVASP-127387,Ge7Bi,8,215,cubic,0.11247,0.0,val
6846,92081,JVASP-191209,AlVFeOs,4,216,cubic,-0.47941,0.0,val
6847,10248,JVASP-69912,MnBe2Re,4,216,cubic,-0.11136,0.0,val
6848,73766,JVASP-133529,Ba5Hf2N6,26,15,monoclinic,-1.09727,1.287,val
6849,49613,JVASP-112021,H7C8NO,17,1,triclinic,-0.08974,2.247,val
6850,23208,JVASP-20447,FePt,2,123,tetragonal,-0.19821,0.0,val
6851,13999,JVASP-18665,GaFeCo2,4,225,cubic,-0.19638,0.0,val
6852,45264,JVASP-42223,SrTaNO2,10,5,monoclinic,-2.65527,1.049,val
6853,66167,JVASP-139387,Li3P,4,191,hexagonal,-0.12079,0.36,val
6854,92429,JVASP-188848,Zr3Sb,4,123,tetragonal,-0.43443,0.0,val
6855,84976,JVASP-181502,HfGa2Rh,4,225,cubic,-0.40201,0.0,val
6856,18257,JVASP-102504,K3Ba,4,225,cubic,0.09674,0.0,val
6857,60229,JVASP-134055,Be2H,3,8,monoclinic,0.113,0.0,val
6858,71718,JVASP-147375,Mg2Cr3MoS8,14,166,trigonal,-0.93918,0.0,val
6859,45121,JVASP-108669,Sr3Pm,8,194,hexagonal,0.13207,0.0,val
6860,72760,JVASP-156699,YbLa,2,166,trigonal,0.05494,0.0,val
6861,75303,JVASP-147481,Li7Co5O12,24,10,monoclinic,-1.72381,0.0,val
6862,17730,JVASP-102744,Hg2IBr3,6,8,monoclinic,-0.30988,1.437,val
6863,26107,JVASP-78311,MgBi,2,187,hexagonal,-0.03732,0.0,val
6864,72593,JVASP-152843,CoRh2S4,14,227,cubic,-0.51679,0.0,val
6865,54635,JVASP-119955,BaVO,3,99,tetragonal,-0.32574,0.0,val
6866,10711,JVASP-106123,CaBeSi,3,187,hexagonal,-0.40433,0.0,val
6867,65075,JVASP-139345,MnAlO4,6,65,orthorhombic,-2.25609,0.0,val
6868,44944,JVASP-109433,LiFe3O4,8,65,orthorhombic,-1.42013,0.0,val
6869,75583,JVASP-157734,Tl2H6Pt,9,225,cubic,0.04885,1.553,val
6870,1238,JVASP-91660,LaCuSb2,8,129,tetragonal,-0.74576,0.0,val
6871,36811,JVASP-29682,CdI2,24,156,trigonal,-0.58095,2.209,val
6872,38464,JVASP-44801,Mn2O3,10,167,trigonal,-1.74308,0.0,val
6873,15660,JVASP-18471,TiIN,6,59,orthorhombic,-1.26607,0.0,val
6874,81472,JVASP-185477,V2S,3,12,monoclinic,-0.34653,0.0,val
6875,48679,JVASP-112407,RbCr5S8,14,12,monoclinic,-0.89234,0.259,val
6876,34467,JVASP-42104,CaPmCd2,4,225,cubic,-0.41787,0.0,val
6877,35678,JVASP-41278,TiZnIr2,4,225,cubic,-0.72524,0.0,val
6878,77744,JVASP-159594,Sc4Ge6Rh7,17,229,cubic,-0.92466,0.0,val
6879,86682,JVASP-164634,SmH3O3,14,176,hexagonal,-2.03252,3.634,val
6880,52202,JVASP-117439,LiCoSiO4,28,33,orthorhombic,-2.02637,0.163,val
6881,42863,JVASP-21026,Al2SiO5,32,58,orthorhombic,-3.15988,4.977,val
6882,1794,JVASP-88848,In2Ni21P6,29,225,cubic,-0.3708,0.0,val
6883,44273,JVASP-109731,KBiSe2,4,123,tetragonal,-0.64866,0.0,val
6884,35408,JVASP-38433,PrNdMg2,4,225,cubic,-0.10904,0.0,val
6885,73388,JVASP-155522,AcSi2Pd2,5,139,tetragonal,-0.82013,0.0,val
6886,14709,JVASP-15045,YbSn3,4,221,cubic,-0.47384,0.0,val
6887,15309,JVASP-7544,P,1,221,cubic,3.7854,2.206,val
6888,65801,JVASP-137204,SiAs2,3,191,hexagonal,0.38137,0.0,val
6889,80811,JVASP-166237,PmErPd2,4,225,cubic,-0.89068,0.0,val
6890,64666,JVASP-142310,LaAl3Ni2,12,63,orthorhombic,-0.68042,0.0,val
6891,21862,JVASP-107482,YbSiO3,5,221,cubic,-3.27937,4.396,val
6892,16419,JVASP-102334,HoCoRu,6,74,orthorhombic,-0.33721,0.0,val
6893,61327,JVASP-143498,TbTa3O9,26,12,monoclinic,-3.19542,2.343,val
6894,65379,JVASP-134207,BiTeO2,4,99,tetragonal,-0.53113,0.0,val
6895,85259,JVASP-179610,BeCrO,3,187,hexagonal,-0.29764,0.0,val
6896,45799,JVASP-12862,In5AgSe8,14,111,tetragonal,-0.47945,0.215,val
6897,63948,JVASP-143805,Rb2MoO2F4,18,15,monoclinic,-2.64166,1.62,val
6898,18806,JVASP-101862,H12C14SN2,58,26,orthorhombic,0.00956,2.621,val
6899,46136,JVASP-59696,K3Cu2F7,12,139,tetragonal,-2.37768,0.0,val
6900,60161,JVASP-130368,NaGa3,4,8,monoclinic,-0.09105,0.0,val
6901,55035,JVASP-122520,Li3V4SnO12,20,1,triclinic,-2.38054,0.0,val
6902,68481,JVASP-155732,Al2TlSn2,5,139,tetragonal,0.07295,0.0,val
6903,40631,JVASP-34703,BiF3,4,225,cubic,-2.37942,4.139,val
6904,33572,JVASP-20286,PrTl3,4,221,cubic,-0.32999,0.0,val
6905,76300,JVASP-161043,InGaNi,3,216,cubic,-0.17245,0.0,val
6906,25886,JVASP-5317,CuCO3,5,8,monoclinic,-0.9343,0.0,val
6907,49337,JVASP-116322,MgTeO,3,6,monoclinic,0.64048,0.0,val
6908,23031,JVASP-8056,KAsF6,8,148,trigonal,-2.49322,5.095,val
6909,63134,JVASP-143778,Tb2AlFeO6,20,14,monoclinic,-3.10384,0.0,val
6910,19805,JVASP-19828,CaNi5,6,191,hexagonal,-0.17209,0.0,val
6911,89135,JVASP-166514,Na3Cu4S4,22,55,orthorhombic,-0.71381,0.0,val
6912,59032,JVASP-126815,RbCo,2,187,hexagonal,1.51767,0.0,val
6913,24652,JVASP-8012,SrC2,3,139,tetragonal,-0.16067,1.796,val
6914,72944,JVASP-155507,DyGa2Ir2,5,139,tetragonal,-0.70836,0.0,val
6915,71238,JVASP-153231,ErFe6Ge6,13,191,hexagonal,-0.26654,0.0,val
6916,71067,JVASP-146959,La2NCl3,12,72,orthorhombic,-2.39446,3.282,val
6917,7990,JVASP-89222,Ta2CrO6,18,136,tetragonal,-2.74078,0.0,val
6918,79228,JVASP-172272,Sr2GaHg,4,225,cubic,-0.46953,0.0,val
6919,61994,JVASP-135754,O,2,123,tetragonal,3.18857,0.0,val
6920,54189,JVASP-120254,GeI,2,6,monoclinic,0.19906,0.0,val
6921,27584,JVASP-55611,Ba4Cl6O,22,186,hexagonal,-2.75326,4.51,val
6922,47215,JVASP-9272,MgMnO2,16,2,triclinic,-1.99639,0.0,val
6923,13189,JVASP-92705,KFe2S2,5,139,tetragonal,-0.79731,0.0,val
6924,51531,JVASP-113672,AlPO,3,99,tetragonal,0.65735,0.0,val
6925,46148,JVASP-39130,MgCd2,6,189,hexagonal,-0.06285,0.0,val
6926,4133,JVASP-91965,CaPbF6,8,225,cubic,-2.7603,3.477,val
6927,25366,JVASP-10687,BaGaBO3F2,16,176,hexagonal,-2.98001,5.29,val
6928,16959,JVASP-18594,TbAg2,3,139,tetragonal,-0.3558,0.0,val
6929,28392,JVASP-29794,AlH3O3,14,1,triclinic,-1.83755,5.326,val
6930,3500,JVASP-1963,BiTeI,3,156,trigonal,-0.36898,1.2,val
6931,3634,JVASP-91864,CaMnO2,8,31,orthorhombic,-2.28468,0.41,val
6932,65317,JVASP-111754,Ba4NdRu3O12,20,12,monoclinic,-2.31518,0.0,val
6933,1765,JVASP-97772,Pr2Se2O,20,14,monoclinic,-2.5878,2.055,val
6934,77533,JVASP-137532,Ti8C5,13,166,trigonal,-0.75189,0.0,val
6935,72149,JVASP-151844,Mg2Au,12,62,orthorhombic,-0.57633,0.0,val
6936,10046,JVASP-70746,BeZn2Pb,4,99,tetragonal,0.36584,0.0,val
6937,46329,JVASP-26329,SmBi2ClO4,8,123,tetragonal,-2.18104,1.279,val
6938,4519,JVASP-87853,TbP12Ru4,17,204,cubic,-0.63289,0.0,val
6939,55345,JVASP-122858,Sm3Hg,4,164,trigonal,-0.11913,0.0,val
6940,67399,JVASP-136187,TeBr,2,99,tetragonal,0.83042,0.0,val
6941,60789,JVASP-139503,TlNO3,5,160,trigonal,-0.57801,2.837,val
6942,45147,JVASP-108766,La2ZnSb4,7,115,tetragonal,-0.85527,0.0,val
6943,44472,JVASP-42064,PaSnPd2,4,225,cubic,-0.62057,0.0,val
6944,62603,JVASP-135265,AlInO,3,6,monoclinic,0.76627,0.544,val
6945,10508,JVASP-69407,Be2GaP,4,119,tetragonal,0.42345,0.0,val
6946,11178,JVASP-94418,NaAlSi4,6,99,tetragonal,0.32587,0.0,val
6947,69920,JVASP-154064,CeZn3,8,63,orthorhombic,-0.33235,0.0,val
6948,89603,JVASP-191479,Ti2CoOs,4,225,cubic,-0.58907,0.0,val
6949,63925,JVASP-138489,AgP2,3,2,triclinic,0.1649,0.0,val
6950,80060,JVASP-99236,CuH6Se2O8,34,14,monoclinic,-0.87656,0.413,val
6951,87625,JVASP-178160,CeHgPd,9,189,hexagonal,-0.59009,0.0,val
6952,91517,JVASP-190197,ScAlNiRh,4,216,cubic,-0.8551,0.0,val
6953,51686,JVASP-117189,Ba2NdCoCu2O7,13,47,orthorhombic,-2.09678,0.0,val
6954,68122,JVASP-137240,Li4V5Cr3O16,28,8,monoclinic,-2.39377,0.0,val
6955,60461,JVASP-144649,Sr2MnCrO6,20,12,monoclinic,-2.55135,0.0,val
6956,19160,JVASP-103582,CuO2,6,63,orthorhombic,-0.20634,0.0,val
6957,56329,JVASP-125562,Al3W,4,221,cubic,0.18932,0.0,val
6958,57144,JVASP-121700,WO3,16,57,orthorhombic,-2.24075,1.234,val
6959,49947,JVASP-114968,InGaO4,6,65,orthorhombic,-1.16625,0.0,val
6960,62299,JVASP-135253,NaIn2O3,6,164,trigonal,-1.49902,0.0,val
6961,66000,JVASP-141057,LiCoSiO4,28,7,monoclinic,-2.0111,0.012,val
6962,2032,JVASP-88588,K3SbN3O9F3,38,36,orthorhombic,-1.35568,3.076,val
6963,48593,JVASP-112384,AlIn3Cu4Se8,16,1,triclinic,-0.50024,0.04,val
6964,5484,JVASP-28372,GaP,4,166,trigonal,0.02467,1.155,val
6965,40323,JVASP-14511,LaS,2,225,cubic,-2.31555,0.0,val
6966,67684,JVASP-124038,Pr3O,4,164,trigonal,-1.35649,0.0,val
6967,81050,JVASP-174701,TlInP2S6,20,4,monoclinic,-0.35231,1.659,val
6968,3791,JVASP-61797,H12AuC4N,36,129,tetragonal,-0.02411,3.401,val
6969,7650,JVASP-75511,Tc2GeAs,4,216,cubic,0.37384,0.0,val
6970,28795,JVASP-36403,SiSn,2,216,cubic,0.15718,0.248,val
6971,46587,JVASP-19780,Si2W,3,139,tetragonal,-0.18617,0.0,val
6972,22408,JVASP-7679,KHgSb,6,194,hexagonal,-0.30186,0.0,val
6973,86735,JVASP-179654,Al2Mo,3,71,orthorhombic,-0.15662,0.0,val
6974,23509,JVASP-8484,Li3In2,5,166,trigonal,-0.32612,0.0,val
6975,9979,JVASP-15817,Ti5Te4,9,87,tetragonal,-0.6746,0.0,val
6976,9330,JVASP-68027,Na2MnBe,4,216,cubic,0.75022,0.0,val
6977,57222,JVASP-126255,NaS,2,187,hexagonal,-0.58125,0.0,val
6978,32230,JVASP-41009,Nd2IrRh,4,225,cubic,-0.70338,0.0,val
6979,55602,JVASP-122114,Nd12Ni6Pb,19,204,cubic,-0.35248,0.0,val
6980,58999,JVASP-126799,RbAc,2,187,hexagonal,0.30713,0.0,val
6981,11788,JVASP-71501,Be2GaPt,4,123,tetragonal,-0.28671,0.0,val
6982,781,JVASP-64916,Li4BeTc,6,216,cubic,0.51594,0.0,val
6983,69065,JVASP-154292,TiNi3,16,194,hexagonal,-0.52212,0.0,val
6984,36718,JVASP-12161,HgPSe3,20,15,monoclinic,-0.03639,1.004,val
6985,25990,JVASP-12833,K2B2S7,22,15,monoclinic,-0.74763,2.573,val
6986,3231,JVASP-19885,InRh,2,221,cubic,-0.36758,0.0,val
6987,56660,JVASP-128524,SrKr,2,187,hexagonal,0.29666,0.0,val
6988,17470,JVASP-2685,Rb2PtS2,5,71,orthorhombic,-1.05431,1.276,val
6989,70819,JVASP-154774,La2Ni5C3,20,127,tetragonal,-0.38184,0.0,val
6990,75863,JVASP-156307,YbMg2As2,5,164,trigonal,-1.04672,1.312,val
6991,41520,JVASP-18101,PrTiGe,6,129,tetragonal,-0.61984,0.0,val
6992,71035,JVASP-149858,NaSbS2,8,15,monoclinic,-0.78946,0.689,val
6993,63567,JVASP-140739,SmPS,24,62,orthorhombic,-1.70598,0.467,val
6994,14900,JVASP-94956,Ni4N3,7,221,cubic,0.316,0.0,val
6995,851,JVASP-90175,ScGeOs,9,189,hexagonal,-0.66101,0.0,val
6996,63076,JVASP-139572,NaBr,2,123,tetragonal,-1.49074,3.301,val
6997,63318,JVASP-135551,NaZnS2,4,160,trigonal,-0.66127,0.0,val
6998,47343,JVASP-35951,Y2ZnSe4,14,227,cubic,-1.58485,0.307,val
6999,69362,JVASP-152965,Bi2Pd3Se2,14,12,monoclinic,-0.35661,0.0,val
7000,27364,JVASP-36352,DyBiPd,3,216,cubic,-0.94711,0.0,val
7001,86033,JVASP-176207,NdMoO4F,28,14,monoclinic,-3.02714,4.011,val
7002,2423,JVASP-86916,LiScO2,8,141,tetragonal,-3.2446,3.916,val
7003,29458,JVASP-52144,Fe2CuO4,14,74,orthorhombic,-1.20765,0.0,val
7004,78020,JVASP-183529,Ca3PAu,5,221,cubic,-0.70309,0.0,val
7005,89984,JVASP-193888,V2MoW,4,225,cubic,0.02774,0.0,val
7006,31439,JVASP-35900,HoS2,6,129,tetragonal,-1.85033,0.0,val
7007,13411,JVASP-96930,Dy5Si4,36,62,orthorhombic,-0.73872,0.0,val
7008,6219,JVASP-86536,CrFeBi2O6,10,146,trigonal,-1.51591,0.0,val
7009,70300,JVASP-151377,Sn4Ir,10,68,orthorhombic,-0.19361,0.0,val
7010,91764,JVASP-190548,Ta2CrOs,4,225,cubic,-0.33016,0.0,val
7011,76812,JVASP-161604,TaB2S,4,38,orthorhombic,-0.06985,0.0,val
7012,93406,JVASP-189863,Mg3HgRh2,6,123,tetragonal,-0.42499,0.0,val
7013,59906,JVASP-140196,Sm3FeO6,20,36,orthorhombic,-3.15634,1.407,val
7014,65185,JVASP-139969,LiVP2O7,22,2,triclinic,-2.36713,0.0,val
7015,3715,JVASP-90653,GaPt3,8,127,tetragonal,-0.40612,0.0,val
7016,40675,JVASP-11484,Mn2ZnO4,14,141,tetragonal,-1.728,0.126,val
7017,42230,JVASP-5374,BiI,16,12,monoclinic,-0.29433,0.557,val
7018,72688,JVASP-150821,Ba2LaTaO6,10,148,trigonal,-3.37082,3.711,val
7019,41631,JVASP-17929,Sr2UO4,7,139,tetragonal,-3.11195,0.0,val
7020,15625,JVASP-100364,NbMoO4,6,65,orthorhombic,-2.3261,0.0,val
7021,9523,JVASP-91603,TbCoGe2,8,63,orthorhombic,-0.64719,0.0,val
7022,77502,JVASP-124097,LiAs2H3O7,26,12,monoclinic,-1.30085,3.424,val
7023,69487,JVASP-153182,DyGa3,16,166,trigonal,-0.54269,0.0,val
7024,56625,JVASP-125740,UPa3,4,221,cubic,0.02566,0.0,val
7025,29206,JVASP-85253,InBi2Se4Br,16,12,monoclinic,-0.49811,1.179,val
7026,82320,JVASP-165623,CaP2H2O7,24,15,monoclinic,-2.24003,5.998,val
7027,51989,JVASP-117289,Li4CoSn3P4O16,28,6,monoclinic,-2.08278,0.352,val
7028,87973,JVASP-184838,TePd2,3,71,orthorhombic,-0.19825,0.0,val
7029,71055,JVASP-151998,CN2,12,122,tetragonal,0.74395,3.849,val
7030,8168,JVASP-67643,TiBeIr4,6,216,cubic,0.06305,0.0,val
7031,71002,JVASP-150994,BaFe2Se3,12,63,orthorhombic,-0.84345,0.0,val
7032,44571,JVASP-109702,Nb4C3,7,160,trigonal,-0.49094,0.0,val
7033,47882,JVASP-30781,ZnSn3O7,44,62,orthorhombic,-1.50626,0.657,val
7034,32277,JVASP-20367,ZrMo2,6,227,cubic,-0.13898,0.0,val
7035,77561,JVASP-133056,VCr3GaSe8,13,160,trigonal,-0.57987,0.0,val
7036,37098,JVASP-79561,W,1,229,cubic,-0.55681,0.0,val
7037,53380,JVASP-119564,ErCo3Si2,12,74,orthorhombic,-0.69402,0.0,val
7038,35671,JVASP-37431,YGa3,4,221,cubic,-0.53099,0.0,val
7039,1597,JVASP-98247,LaCN2F,10,63,orthorhombic,-1.87663,2.954,val
7040,74456,JVASP-148139,Li5Mn3O8,16,10,monoclinic,-2.1623,0.0,val
7041,27272,JVASP-12421,Rb3InS3,14,12,monoclinic,-1.17882,2.296,val
7042,38361,JVASP-37055,Ti2AlFe,4,216,cubic,-0.24724,0.0,val
7043,45450,JVASP-9467,Ba2YTlNi2O7,13,123,tetragonal,-2.07549,0.0,val
7044,49751,JVASP-114794,NaYCl,3,187,hexagonal,-0.34162,0.0,val
7045,49160,JVASP-111758,YThB8Rh8,18,115,tetragonal,-0.56796,0.0,val
7046,33023,JVASP-20748,ZrCo,2,221,cubic,-0.34178,0.0,val
7047,43565,JVASP-110262,CoNiTe4,6,10,monoclinic,-0.22037,0.0,val
7048,63307,JVASP-142251,K3Se2O8,26,15,monoclinic,-1.27398,0.508,val
7049,68119,JVASP-137237,Li2MnO3,12,12,monoclinic,-1.80709,0.0,val
7050,14940,JVASP-100128,Rb2NaScBr6,10,225,cubic,-1.82853,3.067,val
7051,18402,JVASP-15062,YCu5,6,191,hexagonal,-0.22038,0.0,val
7052,18396,JVASP-102549,PmPrIr2,4,225,cubic,-0.68589,0.0,val
7053,49091,JVASP-111702,BaEr2S4,28,62,orthorhombic,-2.31806,1.733,val
7054,45609,JVASP-9617,CoAsS,12,29,orthorhombic,-0.49225,0.818,val
7055,76038,JVASP-159924,PmO,2,225,cubic,-2.99256,0.0,val
7056,71248,JVASP-146245,Li2Si2NiO6,22,43,orthorhombic,-2.36793,0.379,val
7057,33928,JVASP-41960,DyMgAg2,4,225,cubic,-0.3355,0.0,val
7058,7236,JVASP-75500,TaAsSe,3,216,cubic,0.5632,0.0,val
7059,32523,JVASP-5164,CuI,4,129,tetragonal,-0.13135,1.571,val
7060,90388,JVASP-187718,Al2NiPt,4,225,cubic,-0.82688,0.0,val
7061,68423,JVASP-145978,NaV2O5,16,59,orthorhombic,-2.51284,0.009,val
7062,70698,JVASP-147156,Li4MnCo3P4O16,28,6,monoclinic,-2.04232,0.01,val
7063,16714,JVASP-19876,Er2In,6,194,hexagonal,-0.35687,0.0,val
7064,19722,JVASP-102329,Na2TlHg,4,216,cubic,-0.16667,0.0,val
7065,22279,JVASP-19856,CaPd2,6,227,cubic,-0.76268,0.0,val
7066,30226,JVASP-42966,MnVP4O14,20,1,triclinic,-2.1713,0.004,val
7067,48246,JVASP-110330,VSnRh,3,216,cubic,-0.26731,0.496,val
7068,89436,JVASP-190149,TiFeGeOs,4,216,cubic,-0.41848,0.128,val
7069,24774,JVASP-11133,CuBC4N4,10,215,cubic,0.18144,3.312,val
7070,42618,JVASP-57360,TlCr3O8,12,12,monoclinic,-1.86275,0.411,val
7071,40533,JVASP-27498,GaAgP2Se6,20,163,trigonal,-0.18368,0.362,val
7072,16620,JVASP-101702,NaU2Cl6,9,147,trigonal,-1.69203,0.0,val
7073,80893,JVASP-165171,YMn4Cu3O12,20,204,cubic,-1.79896,0.0,val
7074,65386,JVASP-144778,Li4VP6O18,29,1,triclinic,-2.26239,0.72,val
7075,13073,JVASP-16225,ScGe,4,63,orthorhombic,-0.8522,0.0,val
7076,67413,JVASP-136726,SrGeO,3,6,monoclinic,0.58168,0.0,val
7077,50456,JVASP-116831,ZnCoO2,4,166,trigonal,-1.07868,0.0,val
7078,66090,JVASP-144089,LiV3OF11,16,1,triclinic,-2.89931,0.0,val
7079,81872,JVASP-181272,NbCo3B2,6,191,hexagonal,-0.40458,0.0,val
7080,56869,JVASP-125848,K3Hf,4,221,cubic,1.04758,0.0,val
7081,84579,JVASP-185633,Ti3Tc,4,225,cubic,-0.20005,0.0,val
7082,47820,JVASP-55651,Tl4CrI6,22,66,orthorhombic,-0.56493,0.285,val
7083,48618,JVASP-114179,CaSnS2,4,99,tetragonal,-1.44358,0.715,val
7084,83906,JVASP-171095,K3Pb2Cl8,13,2,triclinic,-1.4447,0.0,val
7085,53268,JVASP-119524,Ba2YMn3O7,26,69,orthorhombic,-2.51569,0.0,val
7086,7294,JVASP-75539,HfV2As,4,216,cubic,0.00187,0.0,val
7087,343,JVASP-28353,CoTe2,3,164,trigonal,-0.19234,0.0,val
7088,22538,JVASP-2056,OsCl2O,4,71,orthorhombic,-0.74278,0.0,val
7089,7967,JVASP-67022,MgBeGa,3,156,trigonal,0.24711,0.0,val
7090,65572,JVASP-135066,RbHS,6,11,monoclinic,-0.86656,3.1,val
7091,54487,JVASP-118949,AuS2,3,2,triclinic,0.02698,0.0,val
7092,53546,JVASP-119216,Ba4Na2W2O11,19,38,orthorhombic,-2.70919,0.665,val
7093,64256,JVASP-136910,Li2Cl,3,10,monoclinic,-0.9965,0.0,val
7094,55044,JVASP-120899,BiO,2,187,hexagonal,-0.771,0.0,val
7095,32343,JVASP-23529,USi2Pt2,10,129,tetragonal,-0.65195,0.0,val
7096,47015,JVASP-27058,DyAgPb,6,186,hexagonal,-0.41514,0.0,val
7097,33182,JVASP-41317,NaPrAu2,4,225,cubic,-0.67255,0.0,val
7098,62165,JVASP-143522,Tb3Ga8Rh3,14,71,orthorhombic,-0.72035,0.0,val
7099,71756,JVASP-154604,YSiPd2,16,62,orthorhombic,-0.96873,0.0,val
7100,41549,JVASP-17734,TmAgPb,9,189,hexagonal,-0.34139,0.0,val
7101,44380,JVASP-108575,K3MoI6,10,225,cubic,-0.90856,1.213,val
7102,90162,JVASP-191616,Ta2H2Rh,5,139,tetragonal,-0.28942,0.0,val
7103,85028,JVASP-183022,ZrCu2S2,5,164,trigonal,-0.58041,0.0,val
7104,57747,JVASP-129125,Ce3Ti,4,221,cubic,0.09922,0.0,val
7105,42888,JVASP-106305,TmMn2Si2,5,139,tetragonal,-0.56063,0.0,val
7106,30761,JVASP-22547,BaGa2Te4,7,97,tetragonal,-0.79016,0.688,val
7107,37076,JVASP-79559,NdRh3,4,191,hexagonal,-0.02836,0.0,val
7108,23839,JVASP-8635,UV2O6,9,162,trigonal,-2.90764,0.0,val
7109,89349,JVASP-164336,CuSeO3,30,2,triclinic,-0.75942,0.0,val
7110,92318,JVASP-190558,MgOs2W,4,225,cubic,0.05173,0.0,val
7111,33513,JVASP-25095,H,2,139,tetragonal,-0.0,9.03,val
7112,68196,JVASP-155717,LiZn2Ga2,5,139,tetragonal,-0.09321,0.0,val
7113,68540,JVASP-155237,CoTe4Rh2,7,12,monoclinic,-0.26081,0.0,val
7114,53465,JVASP-119614,GdH9C5N2O8,25,5,monoclinic,-1.07171,3.289,val
7115,30825,JVASP-59718,U2AlCo2,10,127,tetragonal,-0.31846,0.0,val
7116,8522,JVASP-67808,BeSeBr,3,107,tetragonal,-0.28396,0.0,val
7117,40092,JVASP-7629,SnS,2,216,cubic,-0.2206,0.371,val
7118,5320,JVASP-69179,BaLiTe2,4,123,tetragonal,-1.08448,0.0,val
7119,6330,JVASP-66970,BeSiCl,3,156,trigonal,-0.01954,0.0,val
7120,912,JVASP-53445,TmPaO4,12,141,tetragonal,-4.01789,3.029,val
7121,56091,JVASP-122324,LiVF4,12,74,orthorhombic,-2.97114,0.09,val
7122,67308,JVASP-134276,SbBrO,3,99,tetragonal,0.88043,0.0,val
7123,9978,JVASP-86095,Rb2Hg2PdCl8,13,12,monoclinic,-1.03335,1.641,val
7124,66101,JVASP-138039,AgCN,3,183,hexagonal,0.43382,1.883,val
7125,10809,JVASP-70789,SrBeW2,4,99,tetragonal,0.50948,0.0,val
7126,22271,JVASP-106597,Sc2PtRh,4,225,cubic,-1.18258,0.0,val
7127,85870,JVASP-168291,ScAlAu,18,190,hexagonal,-0.82214,0.0,val
7128,71363,JVASP-156229,HfIn2Br6,9,87,tetragonal,-1.17885,2.752,val
7129,24316,JVASP-8662,KCu4S3,8,123,tetragonal,-0.47896,0.0,val
7130,6248,JVASP-86882,PrAlPt,12,62,orthorhombic,-1.08435,0.0,val
7131,69014,JVASP-150454,HoInIr,9,189,hexagonal,-0.77504,0.0,val
7132,45725,JVASP-25249,B,50,134,tetragonal,0.21938,0.0,val
7133,50821,JVASP-115509,ScBO2,4,99,tetragonal,-1.75148,0.0,val
7134,67573,JVASP-138094,BeC3,4,8,monoclinic,0.51686,0.0,val
7135,67652,JVASP-131387,ThHf,2,187,hexagonal,0.13155,0.0,val
7136,22698,JVASP-15343,MnFeAs,9,189,hexagonal,-0.11897,0.0,val
7137,9474,JVASP-15442,CeSi2Os2,5,139,tetragonal,-0.67667,0.0,val
7138,84234,JVASP-171783,AlNi12Pt3,16,123,tetragonal,-0.15211,0.0,val
7139,34116,JVASP-40097,AcMgHg2,4,225,cubic,-0.34149,0.0,val
7140,19601,JVASP-101585,MgVRh2,4,225,cubic,-0.4476,0.0,val
7141,7797,JVASP-75805,HfAsCl,3,216,cubic,0.00547,0.0,val
7142,81855,JVASP-165210,Ba2Ir3O9,28,197,cubic,-1.57538,0.0,val
7143,46435,JVASP-26040,NbSeI3,20,15,monoclinic,-0.53302,0.589,val
7144,50578,JVASP-113019,KCdP3O9,28,188,hexagonal,-2.17424,4.212,val
7145,52876,JVASP-118251,MnInF3,5,221,cubic,-2.19678,1.264,val
7146,4881,JVASP-91631,Ba3CaO4,8,221,cubic,-2.73764,2.077,val
7147,32891,JVASP-23845,USi2Ir2,10,129,tetragonal,-0.73626,0.0,val
7148,15679,JVASP-44438,Li2Co3SnO8,28,186,hexagonal,-1.58871,0.0,val
7149,34836,JVASP-25232,Hg,1,139,tetragonal,0.24189,0.0,val
7150,33803,JVASP-40036,YLuMg2,4,225,cubic,-0.06527,0.0,val
7151,85789,JVASP-164227,PrSClO4,28,14,monoclinic,-2.28098,4.828,val
7152,14154,JVASP-95088,AlSeBr3N,24,14,monoclinic,-0.59899,1.797,val
7153,77233,JVASP-158783,HfTaOs2,4,225,cubic,-0.49228,0.0,val
7154,20922,JVASP-18948,SnPd3,4,221,cubic,-0.47671,0.0,val
7155,11106,JVASP-71459,Be2TcCl,4,123,tetragonal,0.1413,0.0,val
7156,35223,JVASP-38787,CeCuO3,5,221,cubic,-2.14636,0.0,val
7157,67543,JVASP-134566,TaCl2O,4,71,orthorhombic,-1.90954,0.0,val
7158,33679,JVASP-23407,TiP2,12,62,orthorhombic,-0.82246,0.0,val
7159,59858,JVASP-135452,MgScSe,3,99,tetragonal,0.05832,0.0,val
7160,68707,JVASP-152337,HoRe2,12,194,hexagonal,-0.31146,0.0,val
7161,92681,JVASP-193809,Ti3CdH,5,221,cubic,-0.16739,0.0,val
7162,58819,JVASP-128228,TaBr,2,221,cubic,0.97862,0.0,val
7163,2327,JVASP-15433,NdGe2Pd2,5,139,tetragonal,-0.80595,0.0,val
7164,44937,JVASP-17581,DySn2,6,63,orthorhombic,-0.60137,0.0,val
7165,69211,JVASP-141973,KCoF4,24,59,orthorhombic,-2.27928,0.0,val
7166,13925,JVASP-99115,Na2Si2O5,36,14,monoclinic,-2.64681,4.672,val
7167,86324,JVASP-171208,RbIn3F10,28,51,orthorhombic,-2.6869,3.775,val
7168,65306,JVASP-137190,As2Se,3,10,monoclinic,0.07327,0.0,val
7169,37967,JVASP-28820,TeWSe,12,164,trigonal,-0.24099,0.456,val
7170,86488,JVASP-169025,La6CrGe2S14,23,143,trigonal,-1.76441,0.0,val
7171,35685,JVASP-25117,Li,3,166,trigonal,-0.00054,0.0,val
7172,17627,JVASP-101616,TiTc2Sn,4,225,cubic,-0.20396,0.0,val
7173,45846,JVASP-40566,Rb2TlAu3,12,51,orthorhombic,-0.34643,0.0,val
7174,70162,JVASP-156784,Mn2NiPt,4,225,cubic,-0.08728,0.0,val
7175,79815,JVASP-166164,Dy2Sn5Rh3,20,36,orthorhombic,-0.69908,0.0,val
7176,2719,JVASP-42243,Li2VP2HO8,28,4,monoclinic,-2.29268,0.014,val
7177,52109,JVASP-117354,Ho2MgTiO6,20,14,monoclinic,-3.5818,3.21,val
7178,77363,JVASP-113820,BaCu6Te6Se,14,3,monoclinic,-0.30743,0.001,val
7179,15946,JVASP-100822,Mn3Ga,4,187,hexagonal,0.07186,0.0,val
7180,67892,JVASP-121613,Li2MgZr2H4O4F12,25,2,triclinic,-2.53773,1.458,val
7181,26725,JVASP-12413,In6Ge2PtO9,18,225,cubic,-1.52419,1.467,val
7182,81039,JVASP-165573,Ba2TiSi2O8,26,100,tetragonal,-3.20186,3.835,val
7183,57094,JVASP-126111,Ce3Au,4,221,cubic,-0.27234,0.0,val
7184,14622,JVASP-93534,Ce2Mg,6,136,tetragonal,0.68143,0.0,val
7185,66923,JVASP-138884,NaTeF2,4,99,tetragonal,-1.83043,0.0,val
7186,54331,JVASP-120310,LiSb,2,187,hexagonal,-0.13636,0.0,val
7187,57168,JVASP-126231,NaHg,2,187,hexagonal,-0.10353,0.0,val
7188,54547,JVASP-120393,AuOF,3,187,hexagonal,0.08868,0.0,val
7189,87352,JVASP-171990,Pr2Cu3Sn6,11,107,tetragonal,-0.38914,0.0,val
7190,31897,JVASP-54833,Dy2CdSe4,14,227,cubic,-1.54826,0.592,val
7191,12749,JVASP-99266,Cu8O,9,65,orthorhombic,-0.06438,0.0,val
7192,83087,JVASP-183714,CaSnH,3,187,hexagonal,-0.3621,0.0,val
7193,93865,JVASP-189499,Zr2OsRh,4,225,cubic,-0.73177,0.0,val
7194,47769,JVASP-59504,RbMo6Se7,28,148,trigonal,-0.63763,0.0,val
7195,53114,JVASP-118430,SiHI,3,187,hexagonal,1.0756,0.0,val
7196,35709,JVASP-58430,Dy3Fe2Si3,16,63,orthorhombic,-0.65785,0.0,val
7197,33758,JVASP-20222,CaCu5,6,191,hexagonal,-0.17449,0.0,val
7198,90481,JVASP-192881,SrLa2PbN,5,123,tetragonal,-1.01857,0.0,val
7199,83355,JVASP-170722,BiPd3,4,225,cubic,-0.21536,0.0,val
7200,22556,JVASP-38339,RbAuO3,5,221,cubic,-0.31602,0.0,test
7201,31807,JVASP-35602,Cr3Co,8,194,hexagonal,0.21357,0.0,test
7202,71891,JVASP-154797,Th2Fe17,19,166,trigonal,-0.01286,0.0,test
7203,12617,JVASP-94261,Li3As,8,194,hexagonal,-0.77983,0.763,test
7204,62628,JVASP-133905,BaGaTe,3,38,orthorhombic,-0.48742,0.0,test
7205,77267,JVASP-159752,AcPPdO,8,129,tetragonal,-2.00598,0.0,test
7206,52902,JVASP-119002,Li4Ti3Mn3Sn2O16,28,8,monoclinic,-2.36803,0.0,test
7207,85335,JVASP-170083,Ti3MnCu2S8,14,166,trigonal,-1.10575,0.0,test
7208,41751,JVASP-18011,SmGe2Ru2,5,139,tetragonal,-0.63102,0.0,test
7209,7327,JVASP-67082,BeGaRu,3,107,tetragonal,-0.22221,0.0,test
7210,69413,JVASP-156959,Nb2CrRe,4,225,cubic,-0.13747,0.0,test
7211,88593,JVASP-176287,Sr2TaCoO6,10,225,cubic,-2.7867,0.676,test
7212,17453,JVASP-99606,SnGeO3,5,221,cubic,-1.39053,0.0,test
7213,35984,JVASP-39074,SmBiAu2,4,225,cubic,-0.64976,0.0,test
7214,37273,JVASP-37904,BeNi3,4,221,cubic,-0.16221,0.0,test
7215,25915,JVASP-54877,Ti2BRh6,9,225,cubic,-0.67361,0.0,test
7216,55454,JVASP-123711,SrSe2,3,12,monoclinic,-1.3679,0.079,test
7217,60113,JVASP-136223,LiCO,3,99,tetragonal,-0.46453,0.0,test
7218,35220,JVASP-38494,PrErZn2,4,225,cubic,-0.35299,0.0,test
7219,31645,JVASP-41836,ScZn3,8,194,hexagonal,-0.33478,0.0,test
7220,28383,JVASP-85153,KEuS2,4,166,trigonal,-2.05323,2.339,test
7221,21553,JVASP-107531,Pr3MgAl2,6,123,tetragonal,-0.29951,0.0,test
7222,48834,JVASP-116006,LaOF,3,216,cubic,-4.08605,4.793,test
7223,63597,JVASP-139914,Fe6O5F7,18,5,monoclinic,-1.80837,0.0,test
7224,88707,JVASP-178200,Tb6Mn23,29,225,cubic,0.08923,0.0,test
7225,9666,JVASP-16189,PrGaO3,5,221,cubic,-1.33707,0.0,test
7226,55558,JVASP-121260,NaYSe,3,187,hexagonal,-0.33564,0.0,test
7227,19834,JVASP-107286,SrIn3Au,5,107,tetragonal,-0.48551,0.0,test
7228,93351,JVASP-191351,MoPt3,4,139,tetragonal,-0.28761,0.0,test
7229,6782,JVASP-67553,K4BePb,6,216,cubic,0.56782,0.0,test
7230,67138,JVASP-130235,ZnB,2,187,hexagonal,1.14008,0.0,test
7231,44737,JVASP-109475,Rb2TlAgF6,10,225,cubic,-2.21633,0.258,test
7232,47344,JVASP-30681,Nb2MoO8,22,15,monoclinic,-2.30017,1.4,test
7233,73643,JVASP-151074,UB4Os,12,65,orthorhombic,-0.48311,0.0,test
7234,41085,JVASP-44623,Mn3FeO8,24,186,hexagonal,-1.66456,0.0,test
7235,278,JVASP-37049,Ti2GaNi,4,216,cubic,-0.2525,0.0,test
7236,81359,JVASP-165194,Hf2Ni2Sn,20,136,tetragonal,-0.58151,0.0,test
7237,16283,JVASP-100940,V2CoO6,9,12,monoclinic,-2.10583,0.0,test
7238,43487,JVASP-108947,CeCoGe2Ru,5,119,tetragonal,-0.61451,0.0,test
7239,22016,JVASP-15427,MnGeRh2,4,225,cubic,-0.3446,0.0,test
7240,79877,JVASP-176023,Th2C3,20,220,cubic,-0.4133,0.0,test
7241,11334,JVASP-14639,AlCo,2,221,cubic,-0.61841,0.0,test
7242,84412,JVASP-168250,Lu2CdSe4,14,227,cubic,-1.5509,0.667,test
7243,4083,JVASP-86063,Y3Ni13B2,18,191,hexagonal,-0.4621,0.0,test
7244,82976,JVASP-176829,Rb2CoCl4,28,33,orthorhombic,-1.4983,0.713,test
7245,42405,JVASP-48471,Na2VO3,12,12,monoclinic,-2.24209,0.0,test
7246,65978,JVASP-127582,PdF3,4,8,monoclinic,0.00869,0.0,test
7247,26668,JVASP-43490,ZrO2,24,61,orthorhombic,-3.63793,3.814,test
7248,34479,JVASP-39360,Lu3Ga5Ni,9,189,hexagonal,-0.65623,0.0,test
7249,49134,JVASP-114470,BBr2,3,25,orthorhombic,0.44941,0.0,test
7250,44698,JVASP-22952,Nb9PO25,35,82,tetragonal,-2.67483,2.166,test
7251,45404,JVASP-26825,Mg3Nb6O11,20,164,trigonal,-2.60523,0.313,test
7252,77692,JVASP-162664,AlVN2,4,156,trigonal,-1.13831,0.0,test
7253,76030,JVASP-160832,AlGaAg,3,216,cubic,0.00904,0.0,test
7254,74868,JVASP-152717,BaMo3Se3,14,176,hexagonal,-0.874,0.0,test
7255,47442,JVASP-59755,Ba2YCu3O6,12,123,tetragonal,-2.11449,0.0,test
7256,71862,JVASP-153256,PuB12,13,225,cubic,-0.2693,0.0,test
7257,40221,JVASP-44691,Li2FeCuO4,16,74,orthorhombic,-1.56125,0.0,test
7258,41439,JVASP-10726,K2TeOF4,16,63,orthorhombic,-2.42648,4.817,test
7259,79881,JVASP-180794,NaPS2,4,99,tetragonal,-0.54108,0.418,test
7260,20813,JVASP-5686,CuSe2Br,16,14,monoclinic,-0.20258,0.666,test
7261,2804,JVASP-90551,Na2BiAu,8,63,orthorhombic,-0.40778,0.387,test
7262,34434,JVASP-41560,Th3O2,10,167,trigonal,-2.20683,0.0,test
7263,34509,JVASP-59649,Yb2Sn2O7,22,227,cubic,-2.20831,0.0,test
7264,74992,JVASP-147450,Co2O3F,12,63,orthorhombic,-1.27892,0.0,test
7265,71372,JVASP-147170,Li4MnCo2O7,28,12,monoclinic,-1.84436,0.014,test
7266,40730,JVASP-14547,LiAg,2,221,cubic,-0.25357,0.0,test
7267,40691,JVASP-10118,NaAgF4,12,140,tetragonal,-1.82043,1.4,test
7268,66809,JVASP-143147,MgSiH6O6,28,4,monoclinic,-1.69699,5.602,test
7269,63039,JVASP-129942,Pu7Bi,8,16,orthorhombic,0.27596,0.0,test
7270,85959,JVASP-169011,LaGe2IrRu,5,119,tetragonal,-0.78568,0.0,test
7271,56641,JVASP-121530,Sm3B2O6F3,28,15,monoclinic,-3.58266,5.693,test
7272,46605,JVASP-10019,SrGa2Te4,14,66,orthorhombic,-0.75714,0.32,test
7273,53765,JVASP-120075,ZrCdO2,4,99,tetragonal,-2.12816,0.0,test
7274,35584,JVASP-39204,K3Y,4,139,tetragonal,0.52743,0.0,test
7275,66499,JVASP-139677,NaMgAs,3,99,tetragonal,0.11112,0.0,test
7276,44927,JVASP-108579,Na3SbF6,10,225,cubic,-2.57113,3.398,test
7277,9116,JVASP-69661,Be2InCu,4,123,tetragonal,0.31748,0.0,test
7278,78171,JVASP-179017,LiAs2Rh,4,225,cubic,-0.38272,0.0,test
7279,28506,JVASP-85210,Ba7Al10,17,166,trigonal,-0.32752,0.0,test
7280,48066,JVASP-110770,DyMg2Sc,4,225,cubic,-0.05892,0.0,test
7281,86501,JVASP-177815,MnPbO3,20,13,monoclinic,-1.5437,0.0,test
7282,41997,JVASP-29652,YbP5,24,4,monoclinic,-0.45704,0.0,test
7283,33341,JVASP-25806,K5V3O10,72,92,tetragonal,-2.47762,2.902,test
7284,857,JVASP-97443,K2Al2B2O7,39,150,trigonal,-2.82824,4.674,test
7285,41934,JVASP-20517,LiZn,4,227,cubic,-0.25307,0.0,test
7286,954,JVASP-64618,Ba4YMn,6,216,cubic,1.2297,0.0,test
7287,32976,JVASP-35643,AlV2O4,28,166,trigonal,-2.67307,0.215,test
7288,1230,JVASP-65036,YSc4Be,6,216,cubic,0.46106,0.0,test
7289,37543,JVASP-40550,LaMgHg2,4,225,cubic,-0.39289,0.0,test
7290,64834,JVASP-138818,LiNbF2,4,166,trigonal,-2.34654,0.0,test
7291,56215,JVASP-125530,PaAl3,4,221,cubic,-0.29109,0.0,test
7292,77648,JVASP-159027,Ni12P5,17,87,tetragonal,-0.43805,0.0,test
7293,85527,JVASP-170092,Te4AuO4F20,29,2,triclinic,-1.69759,0.163,test
7294,4267,JVASP-64192,Ba4ZrGa,6,216,cubic,0.73242,0.0,test
7295,22008,JVASP-18907,Br3N,4,225,cubic,1.62014,0.0,test
7296,43245,JVASP-59030,KMnBr3,20,62,orthorhombic,-1.22478,1.597,test
7297,1490,JVASP-48482,Mn3O4F2,18,12,monoclinic,-2.00213,0.0,test
7298,48626,JVASP-115839,RbAgSe,3,38,orthorhombic,-0.3499,0.183,test
7299,35134,JVASP-16441,DyAu2,3,139,tetragonal,-0.93769,0.0,test
7300,93728,JVASP-188469,MgTaRu2,4,123,tetragonal,-0.38779,0.0,test
7301,57290,JVASP-126276,BeNi3,4,221,cubic,-0.19873,0.0,test
7302,83048,JVASP-186082,SrFeBr2,4,99,tetragonal,-0.42961,0.0,test
7303,89287,JVASP-170204,Dy5Ni2Bi,16,140,tetragonal,-0.50598,0.0,test
7304,68932,JVASP-147499,NaPS3,20,11,monoclinic,-0.63215,1.914,test
7305,76936,JVASP-159865,CrCuTeO,8,129,tetragonal,-0.68854,0.0,test
7306,15753,JVASP-99915,U3Al3CoRu2,9,189,hexagonal,-0.38888,0.0,test
7307,87752,JVASP-169051,K3W2O4F6,30,15,monoclinic,-2.66652,0.049,test
7308,1216,JVASP-65082,BeTeP4,6,216,cubic,0.81053,0.0,test
7309,17354,JVASP-100506,TbCdPt2,4,225,cubic,-0.87835,0.0,test
7310,59661,JVASP-143197,Hf3TiV8,12,160,trigonal,0.03461,0.0,test
7311,67686,JVASP-133345,NaDyPd6O8,16,200,cubic,-1.28027,0.0,test
7312,74181,JVASP-147433,V4OF11,16,5,monoclinic,-2.98758,0.0,test
7313,93636,JVASP-187193,Ti2AlW,4,123,tetragonal,-0.12169,0.0,test
7314,44850,JVASP-56579,Ti3Sn,4,221,cubic,-0.25137,0.0,test
7315,69524,JVASP-152558,HoSiRh,12,62,orthorhombic,-1.0409,0.0,test
7316,64645,JVASP-136358,LiClO,3,99,tetragonal,-0.49401,1.87,test
7317,48563,JVASP-114153,LiAgO,3,99,tetragonal,-0.04856,0.0,test
7318,65349,JVASP-126260,NaTc,2,187,hexagonal,0.71038,0.0,test
7319,42739,JVASP-17265,BaIrF6,8,148,trigonal,-2.58819,0.0,test
7320,29263,JVASP-24633,Bi2SO2,10,58,orthorhombic,-1.11004,0.935,test
7321,11235,JVASP-70106,NaBe2Cl,4,119,tetragonal,0.53428,0.0,test
7322,33653,JVASP-40402,AlCuAu2,4,225,cubic,-0.26284,0.0,test
7323,7643,JVASP-67837,YBe2Pb,4,123,tetragonal,0.17509,0.0,test
7324,54156,JVASP-117576,BaTeCl2,4,99,tetragonal,-1.3047,0.0,test
7325,19264,JVASP-104906,Y2Mn3Co,6,166,trigonal,-0.00953,0.0,test
7326,15244,JVASP-99955,MnHgS2,4,160,trigonal,-0.2322,0.0,test
7327,91777,JVASP-194008,Zr2Pd,3,139,tetragonal,-0.52347,0.0,test
7328,18794,JVASP-104624,YbDyCd2,4,225,cubic,-0.42571,0.0,test
7329,2481,JVASP-97965,LaF3,24,165,trigonal,-4.42304,6.245,test
7330,29655,JVASP-9628,Ca2Fe2O5,18,55,orthorhombic,-2.25874,0.0,test
7331,9862,JVASP-69383,TiBe2Re,4,139,tetragonal,-0.21312,0.0,test
7332,57609,JVASP-127543,ClF3,4,8,monoclinic,-0.48816,2.439,test
7333,10305,JVASP-94335,ErInPt4,6,216,cubic,-0.79907,0.0,test
7334,41250,JVASP-17864,Fe4P,5,221,cubic,0.46811,0.0,test
7335,55320,JVASP-122054,LiH2N,16,33,orthorhombic,-0.48745,3.042,test
7336,56609,JVASP-121523,V5Te8,13,12,monoclinic,-0.33075,0.0,test
7337,65713,JVASP-142052,VPbClO3,24,62,orthorhombic,-2.01368,2.001,test
7338,88985,JVASP-163669,La3Zn3Ge2SbO14,23,150,trigonal,-2.41003,2.877,test
7339,50786,JVASP-113131,MgOsN2,16,33,orthorhombic,-0.1446,0.0,test
7340,18858,JVASP-102513,Li3La,4,225,cubic,0.15302,0.0,test
7341,41163,JVASP-9769,Ba2NdNbO6,10,12,monoclinic,-3.21496,3.057,test
7342,31585,JVASP-22199,Sr5As3,16,193,hexagonal,-1.16039,0.0,test
7343,89702,JVASP-188315,LiY2Ru,4,123,tetragonal,-0.27193,0.0,test
7344,64317,JVASP-111538,AlVCo,12,38,orthorhombic,-0.14763,0.0,test
7345,25178,JVASP-42353,BaOsO3,5,221,cubic,-1.87869,0.0,test
7346,26894,JVASP-57831,NdCrS2O,10,12,monoclinic,-2.04363,0.393,test
7347,31603,JVASP-40940,Ho2Mg,6,63,orthorhombic,-0.04994,0.0,test
7348,39235,JVASP-47182,LiCrO2,8,186,hexagonal,-2.19584,1.018,test
7349,49594,JVASP-116490,CaCd2Pd,16,62,orthorhombic,-0.55222,0.0,test
7350,13340,JVASP-93933,Th2Al,6,140,tetragonal,-0.24845,0.0,test
7351,24509,JVASP-9436,SmTaO4,12,15,monoclinic,-3.47015,4.047,test
7352,93482,JVASP-191847,Ti3InGa2,6,123,tetragonal,-0.36,0.0,test
7353,29591,JVASP-9627,Zn2Cr2O5,18,26,orthorhombic,-1.66159,0.0,test
7354,12895,JVASP-74546,ScBeBr2,4,123,tetragonal,-0.08134,0.0,test
7355,5293,JVASP-87076,TbBaF6,16,67,orthorhombic,-3.65495,0.0,test
7356,16446,JVASP-100149,BaErO3,5,221,cubic,-3.0126,0.0,test
7357,78965,JVASP-173020,TbNiAs,3,187,hexagonal,-1.06924,0.0,test
7358,72822,JVASP-147648,LiCo3O6,10,12,monoclinic,-1.33465,0.0,test
7359,26268,JVASP-29922,CdI2,21,156,trigonal,-0.5812,2.208,test
7360,71936,JVASP-150103,NbTl3S4,8,217,cubic,-0.72915,2.513,test
7361,88514,JVASP-173489,Sm3Bi4Au3,20,220,cubic,-0.73291,0.374,test
7362,52176,JVASP-117407,TbMnO3,20,62,orthorhombic,-2.8773,0.0,test
7363,56999,JVASP-127274,PmTl,2,187,hexagonal,-0.24467,0.0,test
7364,35458,JVASP-25383,Na,1,225,cubic,0.00079,0.0,test
7365,89355,JVASP-178252,BaAs12Ru4,17,204,cubic,-0.40997,0.0,test
7366,39192,JVASP-33813,HoI3,8,194,hexagonal,-1.32152,1.738,test
7367,8519,JVASP-91599,HfSb,8,198,cubic,-0.5061,0.0,test
7368,13177,JVASP-74648,CaBeBi2,4,139,tetragonal,0.05378,0.0,test
7369,80805,JVASP-185969,HfBeCo2,4,99,tetragonal,-0.13647,0.0,test
7370,33398,JVASP-40078,YbAcHg2,4,225,cubic,-0.50743,0.0,test
7371,69162,JVASP-100632,Yb2Al3Cu,6,166,trigonal,-0.39156,0.0,test
7372,75458,JVASP-156441,AlSnAu,3,216,cubic,-0.19261,0.0,test
7373,37360,JVASP-33824,TmI3,8,194,hexagonal,-1.30079,1.802,test
7374,76006,JVASP-161426,Li2CaGa,4,225,cubic,-0.25267,0.0,test
7375,63207,JVASP-141227,Li4MnCo2O7,28,8,monoclinic,-1.83544,0.0,test
7376,91871,JVASP-190305,Al2TcPt,4,225,cubic,-0.75508,0.0,test
7377,14896,JVASP-99149,CrBiO3,20,62,orthorhombic,-1.74433,0.69,test
7378,39983,JVASP-85274,K4CO4,18,137,tetragonal,-1.56159,3.677,test
7379,29645,JVASP-36599,TiHgO3,5,221,cubic,-1.84676,0.0,test
7380,93545,JVASP-190738,TaOs5,6,189,hexagonal,-0.09511,0.0,test
7381,39,JVASP-64584,Ba4NaGe,6,216,cubic,0.35284,0.0,test
7382,35369,JVASP-38282,Rb2HgAu,4,225,cubic,-0.26732,0.0,test
7383,69572,JVASP-157163,LiLa2Ge,4,225,cubic,-0.4317,0.0,test
7384,63342,JVASP-136883,Al2I,3,25,orthorhombic,0.27476,0.0,test
7385,56981,JVASP-125889,K3Sm,4,221,cubic,0.51216,0.0,test
7386,70232,JVASP-152178,ZnWO4,12,13,monoclinic,-2.02361,0.586,test
7387,42858,JVASP-106250,HfGeRu2,4,225,cubic,-0.62347,0.0,test
7388,26073,JVASP-34560,Zn2SiO4,14,122,tetragonal,-2.17046,2.949,test
7389,83692,JVASP-183745,CaTi2Si2,5,139,tetragonal,-0.49268,0.0,test
7390,18031,JVASP-15621,ThSi2Ni2,5,139,tetragonal,-0.81323,0.0,test
7391,17749,JVASP-101940,HfH6C5O4,16,1,triclinic,-0.59871,1.116,test
7392,92639,JVASP-189980,Ti2InW,4,123,tetragonal,-0.04559,0.0,test
7393,12502,JVASP-74677,Be2SiMo,4,123,tetragonal,0.14649,0.0,test
7394,28402,JVASP-36064,Sm2Mn12P7,21,174,hexagonal,-0.6237,0.0,test
7395,33892,JVASP-40573,SmZnAu2,4,225,cubic,-0.65379,0.0,test
7396,66186,JVASP-136408,SbClO,6,129,tetragonal,-0.91639,1.109,test
7397,18393,JVASP-101852,HC2SNO2,14,1,triclinic,-0.36301,1.425,test
7398,68642,JVASP-156935,SmScZn2,4,225,cubic,-0.35862,0.0,test
7399,72028,JVASP-150319,Hf6Ga2Co,9,189,hexagonal,-0.39692,0.0,test
7400,13870,JVASP-94838,BaFe2Se4,7,87,tetragonal,-0.77362,0.0,test
7401,41188,JVASP-594,TaS2,6,194,hexagonal,-1.14604,0.0,test
7402,23423,JVASP-52867,KPH2O4,16,122,tetragonal,-1.88763,5.998,test
7403,20895,JVASP-107578,MgInSe3,10,12,monoclinic,-0.6979,0.0,test
7404,92223,JVASP-187404,LiCrRuRh,4,216,cubic,-0.08995,0.0,test
7405,40253,JVASP-18082,MnSnPt,3,216,cubic,-0.25244,0.0,test
7406,35335,JVASP-39974,MgTaIr2,4,225,cubic,-0.59843,0.0,test
7407,63845,JVASP-111452,V2Ni21B6,29,225,cubic,-0.25901,0.0,test
7408,31878,JVASP-50036,Ti2Cu3Te3O16,24,8,monoclinic,-1.33414,0.147,test
7409,20144,JVASP-101995,H3C3O2,32,4,monoclinic,-0.42607,3.278,test
7410,52702,JVASP-118943,RbTeAu,3,38,orthorhombic,-0.32464,0.096,test
7411,73596,JVASP-155201,TiV2Se4,7,12,monoclinic,-0.89381,0.0,test
7412,10042,JVASP-70924,Mg2BeCl,4,99,tetragonal,-0.24,0.0,test
7413,79243,JVASP-168825,LiP4Ru2O14,21,2,triclinic,-1.91177,0.0,test
7414,66388,JVASP-138578,NaInCl,3,99,tetragonal,-0.52046,0.0,test
7415,20524,JVASP-107187,LiPrO3,5,221,cubic,-2.18096,0.0,test
7416,87567,JVASP-164930,Sr2MnNbO6,10,225,cubic,-2.84088,0.0,test
7417,29236,JVASP-49685,AlCoO3,20,62,orthorhombic,-2.06229,0.256,test
7418,3935,JVASP-65211,BeSeBr4,6,216,cubic,1.04373,0.0,test
7419,88594,JVASP-170508,MnZn4O5,20,156,trigonal,-1.54636,0.0,test
7420,62661,JVASP-131743,KDy8,9,164,trigonal,0.08091,0.0,test
7421,34745,JVASP-25092,Sb,1,221,cubic,0.04824,0.0,test
7422,29043,JVASP-58266,NaErPO4F,16,12,monoclinic,-3.13648,5.883,test
7423,29473,JVASP-85127,LaRh,4,63,orthorhombic,-0.80103,0.0,test
7424,42547,JVASP-19964,LuIr2,6,227,cubic,-0.88127,0.0,test
7425,28104,JVASP-81559,Y2HgPb,4,71,orthorhombic,-0.45925,0.0,test
7426,26910,JVASP-10811,CaCr2S4,14,227,cubic,-1.09664,1.213,test
7427,87496,JVASP-176258,TbHg2,3,191,hexagonal,-0.25869,0.0,test
7428,35326,JVASP-40018,VFe3,4,225,cubic,-0.13668,0.0,test
7429,58568,JVASP-124664,KSb5,6,164,trigonal,-0.06441,0.0,test
7430,60036,JVASP-135953,AgAu2,3,47,orthorhombic,0.30025,0.0,test
7431,2086,JVASP-65052,YBeCo4,6,216,cubic,-0.02726,0.0,test
7432,40496,JVASP-18256,FeCu2SnSe4,8,121,tetragonal,-0.24224,0.0,test
7433,72738,JVASP-149712,NaSbS2,8,12,monoclinic,-0.77597,0.543,test
7434,87922,JVASP-173908,In3CuAs2Se2,8,115,tetragonal,-0.31174,0.0,test
7435,19719,JVASP-107558,H3Pd4,7,166,trigonal,-0.01773,0.0,test
7436,16175,JVASP-101695,SmPaO4,6,123,tetragonal,-3.96581,2.691,test
7437,7677,JVASP-68448,BeFePb2,4,119,tetragonal,0.77787,0.0,test
7438,92750,JVASP-190569,Sc2CoRh,4,225,cubic,-0.7511,0.0,test
7439,81802,JVASP-163786,MnFeP2O8,24,26,orthorhombic,-1.96842,0.06,test
7440,13924,JVASP-107948,Lu3Mg,8,194,hexagonal,0.00839,0.0,test
7441,43689,JVASP-109667,U2SbTe,4,166,trigonal,-0.36221,0.0,test
7442,48487,JVASP-100515,TlWO3,5,221,cubic,-1.7886,0.0,test
7443,24784,JVASP-11135,TiCdO3,10,148,trigonal,-2.45671,2.957,test
7444,9760,JVASP-85706,Eu2MgH6,9,164,trigonal,-0.36453,0.0,test
7445,48709,JVASP-115898,P2Cl,3,8,monoclinic,-0.09296,0.0,test
7446,72170,JVASP-154801,Hf2Be17,19,166,trigonal,-0.29854,0.0,test
7447,71456,JVASP-154118,Cu2SiHgS4,16,31,orthorhombic,-0.40193,0.371,test
7448,49451,JVASP-116404,YSiO,3,6,monoclinic,1.31573,0.0,test
7449,74352,JVASP-151522,La2InGe2,10,127,tetragonal,-0.83594,0.0,test
7450,2435,JVASP-14845,Yb,1,225,cubic,-0.0,0.087,test
7451,48933,JVASP-112479,NaCu2S2O10,15,12,monoclinic,-1.06844,0.0,test
7452,84703,JVASP-184184,InO,2,187,hexagonal,-0.89425,0.0,test
7453,56766,JVASP-128579,MgXe,2,187,hexagonal,0.45072,0.201,test
7454,67458,JVASP-139713,SrAsO,3,6,monoclinic,0.65039,0.0,test
7455,78273,JVASP-183915,TiGaCo,3,187,hexagonal,-0.40017,0.0,test
7456,22716,JVASP-76238,Yb5Au3,16,140,tetragonal,-0.90902,0.0,test
7457,26731,JVASP-9510,MgFePO5,16,1,triclinic,-2.1967,0.0,test
7458,5980,JVASP-62203,CrB4,10,58,orthorhombic,-0.29257,0.0,test
7459,40627,JVASP-9612,Li4GeO4,18,63,orthorhombic,-2.16956,4.293,test
7460,17427,JVASP-101228,BiPd6Pb,8,123,tetragonal,-0.25077,0.0,test
7461,55344,JVASP-123653,Se2Cl,3,12,monoclinic,-0.05535,0.0,test
7462,27266,JVASP-9322,CaCo4S8,13,166,trigonal,-0.62778,0.0,test
7463,4620,JVASP-85895,ErSi2Au2,5,139,tetragonal,-0.46913,0.0,test
7464,9606,JVASP-91249,CaCu3Sn4O12,20,204,cubic,-1.58419,0.727,test
7465,33160,JVASP-40919,Pm2CuOs,4,225,cubic,-0.21579,0.0,test
7466,52187,JVASP-117419,LiCr2P2O8,26,7,monoclinic,-2.11328,0.0,test
7467,72039,JVASP-146069,V3CrN3,14,194,hexagonal,-0.93901,0.0,test
7468,20300,JVASP-19079,NaBO2,24,167,trigonal,-2.4312,4.487,test
7469,25110,JVASP-56691,Hg2MoO4,14,15,monoclinic,-1.29444,1.821,test
7470,56955,JVASP-125879,RbK3,4,221,cubic,-0.01886,0.0,test
7471,63244,JVASP-144257,Li2Co2Si2O7,26,40,orthorhombic,-2.07184,0.215,test
7472,68168,JVASP-137307,Li4Mn7O16,27,12,monoclinic,-1.92782,0.33,test
7473,55841,JVASP-123289,YMo,2,187,hexagonal,0.69405,0.0,test
7474,5701,JVASP-66672,Ba4InRh,6,216,cubic,0.60373,0.0,test
7475,79713,JVASP-166161,KCO3,20,14,monoclinic,-1.51468,0.872,test
7476,50513,JVASP-112186,CdH20C12O4,37,1,triclinic,-0.33516,3.719,test
7477,43924,JVASP-9574,GaAsO4,18,152,trigonal,-1.52691,3.198,test
7478,70131,JVASP-152368,DyCrO4,12,141,tetragonal,-2.84349,0.0,test
7479,783,JVASP-98569,Mg5Tl2,14,72,orthorhombic,-0.06445,0.0,test
7480,13968,JVASP-93458,FeO2,6,141,tetragonal,-1.27462,0.0,test
7481,52440,JVASP-115608,BaTiTe,3,99,tetragonal,0.61167,0.0,test
7482,19248,JVASP-104845,ErMgPd2,4,225,cubic,-0.87527,0.0,test
7483,2428,JVASP-97318,La2MgCu2,10,127,tetragonal,-0.29295,0.0,test
7484,86571,JVASP-173432,Li2GeN2,20,14,monoclinic,-0.54038,2.86,test
7485,5138,JVASP-89103,SnPb2O4,28,55,orthorhombic,-1.49958,2.244,test
7486,60333,JVASP-142764,Zn2Cr3FeO8,14,166,trigonal,-1.88518,0.0,test
7487,84074,JVASP-179576,BaInS3,5,221,cubic,-1.00905,0.0,test
7488,70594,JVASP-150500,Y3Co2Ge4,9,12,monoclinic,-0.77903,0.0,test
7489,87123,JVASP-169388,CdNi,24,227,cubic,-0.0377,0.0,test
7490,9838,JVASP-93182,KBaMg6,8,38,orthorhombic,0.05889,0.0,test
7491,57766,JVASP-122513,VBiPbO5,16,2,triclinic,-1.95569,2.603,test
7492,9868,JVASP-53964,Ti3SnH,5,221,cubic,-0.38674,0.0,test
7493,57131,JVASP-126131,ArLa3,4,164,trigonal,0.21142,0.0,test
7494,69,JVASP-53301,UNiSn,3,216,cubic,0.5848,0.0,test
7495,88874,JVASP-172974,ZrCu2,6,63,orthorhombic,-0.15157,0.0,test
7496,46327,JVASP-41962,Ba2Ga2O5,9,123,tetragonal,-2.36546,0.023,test
7497,4141,JVASP-61327,Al2SiO5,32,2,triclinic,-3.17031,5.923,test
7498,10307,JVASP-86022,Cr2AgBiO8,12,82,tetragonal,-1.60568,1.302,test
7499,84840,JVASP-168261,Ho3Ga8Ir3,14,71,orthorhombic,-0.67524,0.0,test
7500,45171,JVASP-109254,K2RbTaI6,10,225,cubic,-0.91039,0.0,test
7501,7214,JVASP-66998,ZrBeZn,3,156,trigonal,0.26327,0.0,test
7502,75157,JVASP-154273,WO3,16,130,tetragonal,-2.15901,0.391,test
7503,5602,JVASP-69307,Ba2SrNi,4,225,cubic,0.38536,0.0,test
7504,68344,JVASP-146548,VO2,12,62,orthorhombic,-2.49439,0.0,test
7505,7792,JVASP-67561,LiBeSi2,4,99,tetragonal,0.24488,0.0,test
7506,83388,JVASP-185137,SbCl2,3,38,orthorhombic,-0.64919,0.0,test
7507,89573,JVASP-187824,LaSi2,3,191,hexagonal,-0.62646,0.0,test
7508,28319,JVASP-49184,Ca3UO6,20,148,trigonal,-3.44654,2.364,test
7509,22619,JVASP-2289,K2PtF6,9,164,trigonal,-2.297,2.555,test
7510,28526,JVASP-80619,KTlHg2,4,71,orthorhombic,0.11095,0.0,test
7511,25815,JVASP-50800,Li3CuS2,12,137,tetragonal,-1.11974,2.153,test
7512,32621,JVASP-41525,Tm2PdRu,4,225,cubic,-0.77416,0.0,test
7513,79714,JVASP-168517,Li2YIn,4,225,cubic,-0.36561,0.0,test
7514,7784,JVASP-48715,Li2CoSiO4,16,12,monoclinic,-2.19316,0.29,test
7515,17936,JVASP-43871,VO2,9,12,monoclinic,-2.45016,0.0,test
7516,24946,JVASP-30282,TiCo3O8,12,166,trigonal,-1.44824,0.0,test
7517,10838,JVASP-16144,ThCr2B6,9,71,orthorhombic,-0.57697,0.0,test
7518,44101,JVASP-109459,K2InGaF6,10,225,cubic,-2.58993,2.367,test
7519,14643,JVASP-94367,Sr5Mg,6,187,hexagonal,0.0275,0.0,test
7520,20879,JVASP-106485,AsPt3,4,221,cubic,0.06397,0.0,test
7521,32987,JVASP-40880,PmYMg2,4,225,cubic,-0.10334,0.0,test
7522,52909,JVASP-118286,ZrMnF,3,99,tetragonal,-0.2302,0.0,test
7523,45992,JVASP-19610,NdZn,2,221,cubic,-0.35898,0.0,test
7524,70211,JVASP-146019,Lu2PbS4,28,62,orthorhombic,-1.78656,2.178,test
7525,24750,JVASP-52598,BeF2,9,5,monoclinic,-3.32672,8.433,test
7526,69353,JVASP-157309,AlV2Re,4,225,cubic,-0.20279,0.0,test
7527,25983,JVASP-14172,V5Te4,9,87,tetragonal,-0.30161,0.0,test
7528,67419,JVASP-138900,NaYF2,4,99,tetragonal,-2.611,0.0,test
7529,55692,JVASP-123914,MgCo,2,187,hexagonal,0.23341,0.0,test
7530,68881,JVASP-147497,Tb4Ge6Ir7,17,229,cubic,-0.88952,0.0,test
7531,574,JVASP-37190,MnGaFeCo,4,216,cubic,-0.10758,0.0,test
7532,46415,JVASP-17382,CaGe2Pd2,5,139,tetragonal,-0.70742,0.0,test
7533,29285,JVASP-49200,NaNb3O8,24,72,orthorhombic,-2.69051,2.247,test
7534,53500,JVASP-119192,GaFe19N5,25,83,tetragonal,-0.11969,0.0,test
7535,76167,JVASP-161230,Tm2MgHg,4,225,cubic,-0.18844,0.0,test
7536,54941,JVASP-123364,Ag3Xe,4,221,cubic,0.96502,0.0,test
7537,65999,JVASP-140815,CaAl2F8,22,15,monoclinic,-3.80429,7.37,test
7538,70895,JVASP-153011,KLaGeSe4,14,4,monoclinic,-1.26383,1.48,test
7539,29399,JVASP-36452,Ba3PN,5,221,cubic,-0.73869,0.0,test
7540,81805,JVASP-179137,BaLiSe2,4,123,tetragonal,-1.28552,0.0,test
7541,69697,JVASP-152161,RhS2,12,205,cubic,-0.45872,0.0,test
7542,32992,JVASP-42087,AcInAu2,4,225,cubic,-0.72023,0.0,test
7543,23464,JVASP-60687,BaSb2F12,15,2,triclinic,-2.74203,4.604,test
7544,89568,JVASP-191478,ZrVSi,6,139,tetragonal,-0.70461,0.0,test
7545,31714,JVASP-22209,Mn3Al9Si,26,194,hexagonal,-0.26061,0.0,test
7546,54321,JVASP-118774,Sr2TiN2,5,139,tetragonal,-0.89314,0.0,test
7547,15211,JVASP-7379,Cl,1,221,cubic,1.6885,0.0,test
7548,28010,JVASP-81543,YScAg2,4,225,cubic,-0.33517,0.0,test
7549,52289,JVASP-111903,FeMoClO4,14,129,tetragonal,-1.618,0.0,test
7550,71825,JVASP-150095,LiHg3,8,194,hexagonal,-0.04468,0.0,test
7551,60773,JVASP-141608,Cr2O3,20,60,orthorhombic,-2.08761,0.524,test
7552,16821,JVASP-102287,NdSm3,4,221,cubic,-0.00159,0.0,test
7553,21677,JVASP-107202,Na,8,223,cubic,-0.00814,0.0,test
7554,10445,JVASP-52797,Li2MoO3,12,2,triclinic,-2.22503,0.076,test
7555,18828,JVASP-101739,CaHF,3,216,cubic,-2.41571,4.717,test
7556,84930,JVASP-181501,HfGa4Ni,6,123,tetragonal,-0.28811,0.0,test
7557,84321,JVASP-183350,Na2RuO2,5,71,orthorhombic,-1.14605,0.0,test
7558,3275,JVASP-68951,BaCrCl2,4,99,tetragonal,-0.99871,0.0,test
7559,77539,JVASP-155783,KMg2Sn2,5,139,tetragonal,-0.31493,0.0,test
7560,34197,JVASP-39310,HgS,4,186,hexagonal,0.02002,0.0,test
7561,24722,JVASP-45399,SrPS3,20,14,monoclinic,-1.24279,3.097,test
7562,64994,JVASP-141273,VO2,24,62,orthorhombic,-2.4735,0.0,test
7563,54837,JVASP-121250,NaNbS,3,99,tetragonal,0.32825,0.0,test
7564,42697,JVASP-25661,Rb2AgSbS4,32,14,monoclinic,-0.73068,1.351,test
7565,72345,JVASP-154804,Er2CuGe4O12,19,2,triclinic,-2.23314,0.842,test
7566,63066,JVASP-137946,BaNaH,3,99,tetragonal,0.21092,0.0,test
7567,27393,JVASP-49667,Mg2TiSbO6,20,11,monoclinic,-2.50911,0.0,test
7568,74820,JVASP-146677,AsRuSe,12,14,monoclinic,-0.40188,0.662,test
7569,87620,JVASP-166040,Nb4CoS8,26,194,hexagonal,-1.11153,0.0,test
7570,76638,JVASP-124149,Sm2MgSe4,14,227,cubic,-1.74548,1.199,test
7571,56881,JVASP-128651,N3F,4,38,orthorhombic,0.56543,2.364,test
7572,4808,JVASP-69220,Ba2LiCr,4,225,cubic,0.44526,0.0,test
7573,32366,JVASP-35331,ErInCo4,6,216,cubic,-0.17877,0.0,test
7574,41615,JVASP-11667,Sr2Mn2O5,18,55,orthorhombic,-2.47567,0.0,test
7575,48852,JVASP-114335,LiY2P2,5,139,tetragonal,-0.69695,0.0,test
7576,45075,JVASP-109209,CuBi2O4,7,139,tetragonal,-1.14604,0.0,test
7577,14801,JVASP-99948,Nb2CuSe4,7,156,trigonal,-0.71507,0.0,test
7578,19825,JVASP-104795,Tb2SeO2,5,139,tetragonal,-3.28027,2.362,test
7579,614,JVASP-97432,KCuBi2S4,16,36,orthorhombic,-0.64739,0.632,test
7580,75652,JVASP-157569,Tl2OsCl6,9,225,cubic,-0.79092,0.0,test
7581,76517,JVASP-99037,Y3Fe62B14,79,229,cubic,0.06648,0.0,test
7582,32218,JVASP-20263,CaGa4,5,139,tetragonal,-0.38136,0.0,test
7583,44553,JVASP-109485,Na2GaHgCl6,10,225,cubic,-1.0684,0.0,test
7584,44029,JVASP-24335,Na4TiAs2O9,32,12,monoclinic,-2.04178,3.077,test
7585,76347,JVASP-161205,Tm2TlOs,4,225,cubic,-0.26288,0.0,test
7586,6006,JVASP-63804,PrAl3B4O12,40,15,monoclinic,-3.05276,5.113,test
7587,49519,JVASP-112659,NaLaScNbO6,20,12,monoclinic,-3.25205,2.959,test
7588,73197,JVASP-149118,LaGePt,6,109,tetragonal,-1.1693,0.0,test
7589,44446,JVASP-9171,SnO2,12,205,cubic,-1.70823,0.788,test
7590,834,JVASP-97507,H3NO4,32,33,orthorhombic,-0.65258,3.837,test
7591,69790,JVASP-152361,SiIr2,12,62,orthorhombic,-0.40794,0.0,test
7592,9696,JVASP-69838,NaMnBe2,4,123,tetragonal,0.2762,0.0,test
7593,62096,JVASP-124461,CdI3,4,12,monoclinic,-0.16985,0.0,test
7594,65432,JVASP-123644,BSe2,3,12,monoclinic,0.30957,0.0,test
7595,57334,JVASP-121749,Li4MnF8,13,3,monoclinic,-2.85524,2.344,test
7596,84106,JVASP-175107,K3LaTe2O9,30,194,hexagonal,-1.92286,2.781,test
7597,93160,JVASP-192806,ScTaFeOs,4,216,cubic,-0.45141,0.0,test
7598,79102,JVASP-180863,BeTeBr2,4,99,tetragonal,-0.31984,0.0,test
7599,60340,JVASP-139494,MoI2,3,47,orthorhombic,0.48165,0.082,test
7600,11092,JVASP-71417,Na2BeIr,4,99,tetragonal,-0.07942,0.0,test
7601,60630,JVASP-141391,TlIn5S8,14,8,monoclinic,-0.61436,1.517,test
7602,56622,JVASP-121526,U5Sn4,18,193,hexagonal,0.10006,0.0,test
7603,34359,JVASP-39805,Ti2RePt,4,225,cubic,-0.69102,0.0,test
7604,52134,JVASP-112336,ZnCuP2O7,11,5,monoclinic,-1.87315,0.296,test
7605,12868,JVASP-71642,BeNi2Pb,4,119,tetragonal,0.24958,0.0,test
7606,67002,JVASP-138321,RbMoBr3,5,221,cubic,-0.76708,0.0,test
7607,54501,JVASP-117893,ZrCCl2,4,99,tetragonal,-0.64835,0.0,test
7608,69922,JVASP-157326,Mg2HgGe,4,225,cubic,-0.10925,0.0,test
7609,22205,JVASP-2634,Th2SN2,5,164,trigonal,-2.19983,1.717,test
7610,86768,JVASP-163902,YMg6Zr,8,65,orthorhombic,-0.03924,0.0,test
7611,3359,JVASP-48176,MnCdO2,4,123,tetragonal,-1.1836,0.0,test
7612,91206,JVASP-187489,Li2HgHPd,5,123,tetragonal,-0.40624,0.0,test
7613,54274,JVASP-120590,LiVSiO4,28,2,triclinic,-2.55125,0.0,test
7614,79944,JVASP-179773,InBiS2,4,166,trigonal,-0.45254,0.247,test
7615,69301,JVASP-146928,Li4Mn3Fe3Te2O16,28,8,monoclinic,-1.68492,0.0,test
7616,61766,JVASP-139535,NO2,3,1,triclinic,-0.02481,0.0,test
7617,53075,JVASP-118414,HF2,3,2,triclinic,-0.81576,0.678,test
7618,81302,JVASP-162975,TbNi2As2,5,139,tetragonal,-0.7462,0.0,test
7619,47906,JVASP-110997,SrNdGaO4,7,107,tetragonal,-2.9359,3.715,test
7620,27947,JVASP-79912,TbLiAu2,4,225,cubic,-0.77499,0.0,test
7621,62081,JVASP-134692,CuH,4,63,orthorhombic,0.26256,0.0,test
7622,54037,JVASP-120203,GeO3,4,1,triclinic,-0.25249,1.545,test
7623,15683,JVASP-287,SnO2,6,194,hexagonal,-1.09791,0.0,test
7624,57894,JVASP-122711,Ga3Sn,4,8,monoclinic,0.02163,0.0,test
7625,38982,JVASP-46010,ScInO3,10,194,hexagonal,-2.6886,2.401,test
7626,53290,JVASP-117466,BaBSe2,4,99,tetragonal,-0.19922,0.0,test
7627,93202,JVASP-187917,TiAl3,4,139,tetragonal,-0.40481,0.0,test
7628,71689,JVASP-152820,La4Bi3,14,220,cubic,-1.00458,0.0,test
7629,53253,JVASP-119109,DyMoO5,28,14,monoclinic,-2.65616,2.373,test
7630,88972,JVASP-183149,LiInO3,5,221,cubic,-0.6908,0.0,test
7631,33974,JVASP-41500,Tm2MgAl,4,225,cubic,-0.26535,0.0,test
7632,89071,JVASP-166508,LiAlSi2H2O7,26,1,triclinic,-2.52126,5.105,test
7633,90419,JVASP-189673,YSc2Ru,4,123,tetragonal,-0.35016,0.0,test
7634,76632,JVASP-161351,Ca2BiPd,4,225,cubic,-0.79357,0.0,test
7635,81319,JVASP-169977,Zr3Ni20B6,29,225,cubic,-0.44056,0.0,test
7636,56832,JVASP-127059,ErLu,2,187,hexagonal,-0.00242,0.0,test
7637,46098,JVASP-16782,SmCu,2,221,cubic,-0.23689,0.0,test
7638,87120,JVASP-178995,YAl2S2,5,12,monoclinic,-0.92463,0.0,test
7639,10171,JVASP-70617,Be2CdNi,4,119,tetragonal,0.15153,0.0,test
7640,83860,JVASP-172659,MgTi2O5,16,36,orthorhombic,-3.19554,2.717,test
7641,17028,JVASP-21538,YAl3Ni2,18,191,hexagonal,-0.69593,0.0,test
7642,54648,JVASP-117986,CaPN2,4,99,tetragonal,-0.35185,0.0,test
7643,76202,JVASP-161231,Tm2TcIr,4,225,cubic,-0.49874,0.0,test
7644,55177,JVASP-121010,PHF2,4,99,tetragonal,-0.35931,0.0,test
7645,88409,JVASP-169433,PrInNi2,8,51,orthorhombic,-0.4388,0.0,test
7646,42671,JVASP-37311,Sn3B,4,221,cubic,0.91059,0.0,test
7647,4424,JVASP-86756,Fe2B,3,123,tetragonal,0.07844,0.0,test
7648,22395,JVASP-106655,Zr6NiSn2,9,189,hexagonal,-0.45974,0.0,test
7649,88823,JVASP-168427,Nd4Mg7Ge6,17,12,monoclinic,-0.6265,0.0,test
7650,65697,JVASP-140568,V2P3O10,30,11,monoclinic,-2.25086,0.109,test
7651,87330,JVASP-184812,ScPd2Pt,4,225,cubic,-0.76587,0.0,test
7652,71271,JVASP-145864,Fe2P4PbO14,21,2,triclinic,-1.99986,0.464,test
7653,79531,JVASP-172289,Yb2TlSn,4,225,cubic,-0.64197,0.0,test
7654,18942,JVASP-102455,AgPd,2,187,hexagonal,-0.06351,0.0,test
7655,85110,JVASP-170754,BaPr3Ni2O8,14,38,orthorhombic,-2.63176,0.0,test
7656,34233,JVASP-29007,Te2MoWSeS,12,156,trigonal,-0.38479,0.12,test
7657,13082,JVASP-71702,Be2SeCl,4,99,tetragonal,-0.13255,0.0,test
7658,71561,JVASP-151832,H5W,12,51,orthorhombic,0.42115,0.0,test
7659,29555,JVASP-57695,BN,4,186,hexagonal,-1.31808,5.432,test
7660,54529,JVASP-120386,AuCCl,3,187,hexagonal,1.98819,0.0,test
7661,56109,JVASP-122350,Li4Mn3CrP4O16,28,6,monoclinic,-2.21687,0.427,test
7662,40259,JVASP-9674,K3TaO8,12,121,tetragonal,-1.61258,3.232,test
7663,81777,JVASP-176797,La3B6Ru8,17,69,orthorhombic,-0.45949,0.0,test
7664,14796,JVASP-28413,MoS2,6,164,trigonal,-0.92268,1.207,test
7665,28897,JVASP-80858,Hf2NiRh,4,71,orthorhombic,0.32515,0.0,test
7666,85468,JVASP-183386,TePdO4,6,10,monoclinic,-0.715,0.145,test
7667,15534,JVASP-103281,MgSbRh2,4,225,cubic,-0.47499,0.0,test
7668,46559,JVASP-11393,K3AuSe2,12,167,trigonal,-1.04455,2.189,test
7669,59354,JVASP-140853,LiMo6Se2S6,15,148,trigonal,-0.7795,0.0,test
7670,22985,JVASP-19270,Mg2Nb2CoO8,26,15,monoclinic,-2.53095,0.0,test
7671,28808,JVASP-85184,LaAl2BRu2,6,123,tetragonal,-0.65053,0.0,test
7672,18068,JVASP-100854,PmSe2,6,129,tetragonal,-1.69913,0.0,test
7673,12389,JVASP-74288,BeTlNi4,6,216,cubic,0.26874,0.0,test
7674,89379,JVASP-165465,Ba3GeI2,24,70,orthorhombic,-1.29649,0.152,test
7675,16016,JVASP-48348,V6O11F,18,38,orthorhombic,-2.5982,0.0,test
7676,79538,JVASP-173043,DyCuSi,3,187,hexagonal,-0.63459,0.0,test
7677,82431,JVASP-166869,Ca5In2Sb6,26,55,orthorhombic,-0.83274,0.157,test
7678,53904,JVASP-118376,CaAl2Sb2,5,166,trigonal,-0.52311,0.281,test
7679,44199,JVASP-108950,AgSnSe2,4,166,trigonal,-0.32611,0.0,test
7680,53690,JVASP-120032,HfBrN,3,99,tetragonal,0.79872,0.0,test
7681,37554,JVASP-36727,RbBaSiHO4,16,4,monoclinic,-2.50127,4.107,test
7682,77079,JVASP-155023,Ce2Si5Rh3,20,72,orthorhombic,-0.91754,0.0,test
7683,76912,JVASP-160499,PuBiRh,3,216,cubic,-0.3678,0.0,test
7684,32958,JVASP-5332,ReCl4,20,13,monoclinic,-0.59943,0.184,test
7685,71878,JVASP-150545,La2Co3,10,64,orthorhombic,-0.18571,0.0,test
7686,3764,JVASP-63056,CaB2H8,22,122,tetragonal,-0.36039,5.021,test
7687,15419,JVASP-1468,CaCN2,4,166,trigonal,-1.02425,3.653,test
7688,56463,JVASP-125692,Pa3In,4,221,cubic,-0.07379,0.0,test
7689,9090,JVASP-90852,AlPt3,8,140,tetragonal,-0.70061,0.0,test
7690,11624,JVASP-70943,Ta2BeCl,4,99,tetragonal,0.11497,0.0,test
7691,80988,JVASP-184498,Sc3PO2,6,164,trigonal,-2.52543,0.0,test
7692,17661,JVASP-103065,NaBi3I2O4,10,38,orthorhombic,-1.31966,2.002,test
7693,5106,JVASP-49843,LiVS2,4,166,trigonal,-1.19682,0.0,test
7694,81224,JVASP-180527,HfTiO2,4,99,tetragonal,-2.64342,0.0,test
7695,20279,JVASP-106964,LiScIn2,4,225,cubic,-0.40113,0.0,test
7696,71266,JVASP-150520,DyB2Ir2,10,70,orthorhombic,-0.75621,0.0,test
7697,8218,JVASP-90685,CeCuGe2,8,63,orthorhombic,-0.53043,0.0,test
7698,48216,JVASP-110367,Rb2AlHgCl6,10,225,cubic,-1.49826,0.0,test
7699,20202,JVASP-105131,CaPr3,8,194,hexagonal,0.05045,0.0,test
7700,61297,JVASP-141621,Li5V2Ni5O12,24,5,monoclinic,-1.75096,0.0,test
7701,50212,JVASP-116734,ZnCrN2,16,33,orthorhombic,-0.35344,0.0,test
7702,68928,JVASP-155395,Cu3GeS4,8,121,tetragonal,-0.38589,0.0,test
7703,56384,JVASP-121448,Li7Mn2Co3O12,24,10,monoclinic,-1.84465,0.0,test
7704,61184,JVASP-136821,TePdI,3,99,tetragonal,0.14355,0.0,test
7705,90578,JVASP-191776,FeRe2,6,140,tetragonal,-0.0608,0.0,test
7706,54448,JVASP-117849,PBr3,4,1,triclinic,-0.35018,2.711,test
7707,56591,JVASP-125731,SrPa3,4,221,cubic,0.46641,0.0,test
7708,54540,JVASP-117924,SrCN,3,6,monoclinic,-0.2932,0.0,test
7709,38431,JVASP-36983,TlInCl3,10,2,triclinic,-1.06049,2.138,test
7710,12663,JVASP-94108,Mg6NiC,8,38,orthorhombic,0.18416,0.0,test
7711,51072,JVASP-105538,Ce2Al3GaPd4,10,115,tetragonal,-0.83254,0.0,test
7712,83593,JVASP-168944,RbTa2O6,18,227,cubic,-2.71095,0.0,test
7713,34042,JVASP-35440,Sm2Fe2Si2C,7,12,monoclinic,-0.67322,0.0,test
7714,55342,JVASP-122057,Dy2Mn12P7,21,174,hexagonal,-0.63944,0.0,test
7715,12781,JVASP-74200,Be2FeGe,4,119,tetragonal,-0.04508,0.0,test
7716,21924,JVASP-102357,Na2AlCuF6,10,225,cubic,-2.82392,0.284,test
7717,78508,JVASP-169501,BaFe2P2O8,13,148,trigonal,-2.25328,0.0,test
7718,60561,JVASP-133447,TbLiW2O8,12,82,tetragonal,-2.6826,3.721,test
7719,31361,JVASP-21962,Ba2SmReO6,10,225,cubic,-2.81553,0.0,test
7720,56522,JVASP-128448,Te2S,3,5,monoclinic,-0.00493,0.586,test
7721,38320,JVASP-41109,Yb2SnHg,4,225,cubic,-0.73831,0.031,test
7722,69646,JVASP-145805,VCd2BiO6,20,36,orthorhombic,-1.7723,2.279,test
7723,73866,JVASP-149754,SnO,4,129,tetragonal,-1.4398,0.384,test
7724,92004,JVASP-187758,Li2CaAl,4,225,cubic,-0.20816,0.0,test
7725,32589,JVASP-31206,MgGa2O4,14,74,orthorhombic,-2.33853,2.711,test
7726,651,JVASP-85714,Sr2CoO3,6,139,tetragonal,-2.05349,0.0,test
7727,63663,JVASP-135802,BaBiSe2,4,123,tetragonal,-1.072,0.0,test
7728,68583,JVASP-155238,FeCo2Te4,7,12,monoclinic,-0.09741,0.0,test
7729,22618,JVASP-50976,LiTmO2,8,141,tetragonal,-3.23039,4.763,test
7730,2574,JVASP-45913,LiV3Zn2O8,14,166,trigonal,-2.25605,0.0,test
7731,92181,JVASP-190688,Rh3Pt,4,139,tetragonal,-0.02641,0.0,test
7732,76060,JVASP-160960,KNaAu,3,216,cubic,-0.22414,0.0,test
7733,87235,JVASP-164646,LiHSO4,28,14,monoclinic,-1.59015,6.151,test
7734,61097,JVASP-142176,FeOF,12,6,monoclinic,-1.82629,0.0,test
7735,75600,JVASP-156486,MgInNi,3,216,cubic,-0.16109,0.0,test
7736,82803,JVASP-186629,Hg3Cl2,5,123,tetragonal,0.01889,0.0,test
7737,59480,JVASP-141561,YMoO4F,28,14,monoclinic,-3.06668,3.739,test
7738,30833,JVASP-30603,TaF5,6,71,orthorhombic,-2.99237,3.548,test
7739,20178,JVASP-106849,Ba2MnNbO6,10,225,cubic,-2.8103,0.0,test
7740,57561,JVASP-127518,TeMo,2,221,cubic,0.41452,0.0,test
7741,23875,JVASP-8070,Na2PdC2,5,164,trigonal,-0.04044,0.89,test
7742,39211,JVASP-12244,Ba2CaMoO6,10,225,cubic,-2.95982,2.148,test
7743,1240,JVASP-91799,LiNbF6,8,148,trigonal,-3.18408,5.152,test
7744,35411,JVASP-40635,Sm2MgGe2,10,127,tetragonal,-0.79254,0.0,test
7745,92738,JVASP-187043,Nb2OsPt,4,123,tetragonal,-0.39866,0.0,test
7746,76139,JVASP-160908,GaPbAu,3,216,cubic,-0.04559,0.0,test
7747,28297,JVASP-36312,MnN,2,221,cubic,0.3232,0.0,test
7748,35883,JVASP-37770,HfMgAu2,4,225,cubic,-0.61346,0.0,test
7749,40482,JVASP-18075,CeMnGe,6,129,tetragonal,-0.4004,0.0,test
7750,5926,JVASP-67531,Be2SnTe,4,99,tetragonal,0.34759,0.0,test
7751,33282,JVASP-40027,LiSm2Ir,4,225,cubic,-0.52494,0.0,test
7752,76211,JVASP-159934,PaRh,2,225,cubic,-0.75096,0.0,test
7753,39797,JVASP-14516,CaGe,4,63,orthorhombic,-0.75026,0.0,test
7754,49120,JVASP-112527,LuAgSe2,16,19,orthorhombic,-1.22877,1.299,test
7755,54935,JVASP-121973,HoNi4P2,14,136,tetragonal,-0.82883,0.0,test
7756,28073,JVASP-80523,Ce3Mg,4,25,orthorhombic,0.08357,0.0,test
7757,52942,JVASP-119018,Er5SbAu2,16,140,tetragonal,-0.80716,0.0,test
7758,80399,JVASP-185019,Rh2Se3,5,164,trigonal,-0.27342,0.0,test
7759,70910,JVASP-155643,NaAs2Ir2,5,139,tetragonal,-0.32881,0.0,test
7760,75350,JVASP-152505,Cd2As3Br,12,15,monoclinic,-0.28673,0.827,test
7761,29946,JVASP-11167,TiZnO3,10,148,trigonal,-2.58378,3.046,test
7762,8322,JVASP-68820,Hf2BeBi,4,119,tetragonal,0.1759,0.0,test
7763,14110,JVASP-96808,K2SbPO6,40,62,orthorhombic,-2.09413,2.631,test
7764,18044,JVASP-100713,Er2TcAg,4,225,cubic,-0.21866,0.0,test
7765,6069,JVASP-72816,Be2InCu,4,139,tetragonal,0.38707,0.0,test
7766,44694,JVASP-109319,Yb2Mg,6,63,orthorhombic,-0.04245,0.0,test
7767,6706,JVASP-21214,H,4,194,hexagonal,0.00073,8.619,test
7768,57061,JVASP-127309,AcAu3,4,221,cubic,-0.58749,0.0,test
7769,58294,JVASP-126549,Rh3C,4,221,cubic,1.12445,0.0,test
7770,50017,JVASP-116650,Sr6Co4O13,23,65,orthorhombic,-2.19574,0.0,test
7771,46360,JVASP-44586,Mn3CoO8,24,186,hexagonal,-1.58412,0.0,test
7772,5237,JVASP-3495,InCuTe2,8,122,tetragonal,-0.24704,0.0,test
7773,31149,JVASP-54828,LiCaGaN2,20,14,monoclinic,-0.87485,2.44,test
7774,90414,JVASP-194242,La4H,5,221,cubic,-0.25768,0.0,test
7775,4356,JVASP-12116,CuI2O6,18,11,monoclinic,-0.43524,0.524,test
7776,60728,JVASP-141607,Mn5CoO12,18,12,monoclinic,-1.62214,0.005,test
7777,72271,JVASP-150114,MnMoN2,8,194,hexagonal,-0.43975,0.0,test
7778,45029,JVASP-109790,AlTl2Cu3Se4,10,115,tetragonal,-0.38142,0.0,test
7779,67126,JVASP-133672,Li4Co3Ni3Te2O16,28,8,monoclinic,-1.37099,0.0,test
7780,41356,JVASP-18198,TaInS2,4,187,hexagonal,-0.96018,0.0,test
7781,8045,JVASP-67941,BeTlW2,4,119,tetragonal,0.59229,0.0,test
7782,9201,JVASP-86778,PrB2Rh2C,6,139,tetragonal,-0.60846,0.0,test
7783,22013,JVASP-103899,AlH16C10ClO4,32,1,triclinic,-0.49259,4.812,test
7784,47448,JVASP-57458,KIO3,5,221,cubic,-0.90167,0.0,test
7785,6757,JVASP-67828,BeReNi4,6,216,cubic,0.2293,0.0,test
7786,52571,JVASP-116020,LiNF,3,99,tetragonal,0.27683,0.0,test
7787,15314,JVASP-100524,NdTa2O6,9,123,tetragonal,-3.18222,0.0,test
7788,30698,JVASP-36466,Ba3BiN,5,221,cubic,-0.87399,0.0,test
7789,19944,JVASP-105281,ZrCoH3,10,63,orthorhombic,-0.42038,0.0,test
7790,64535,JVASP-141690,Li7Mn2Co3O12,24,5,monoclinic,-1.92448,0.233,test
7791,49532,JVASP-116456,CaAuF3,5,221,cubic,-2.36021,0.308,test
7792,81632,JVASP-170657,Er2Fe6Co6P7,21,174,hexagonal,-0.78332,0.0,test
7793,86250,JVASP-165990,BaMnSbF,8,129,tetragonal,-1.71624,0.0,test
7794,63427,JVASP-138775,SrCuSe,3,187,hexagonal,-0.23901,0.0,test
7795,5584,JVASP-68991,BaTlPb2,4,99,tetragonal,-0.30033,0.0,test
7796,14111,JVASP-94937,Cr2FeS4,7,12,monoclinic,-0.66396,0.0,test
7797,16871,JVASP-101654,SrRhO3,10,140,tetragonal,-1.85628,0.0,test
7798,67189,JVASP-139705,SbAsO,3,6,monoclinic,2.02707,0.0,test
7799,48125,JVASP-111142,Rb2NaCoF6,10,225,cubic,-2.67369,1.208,test
7800,82782,JVASP-178448,RbErMo2O8,24,15,monoclinic,-2.66263,3.103,test
7801,74385,JVASP-150200,CeAlPd,9,189,hexagonal,-0.82813,0.0,test
7802,1577,JVASP-64083,Ba4TaHg,6,216,cubic,1.02066,0.0,test
7803,64563,JVASP-143586,Yb4Si7,11,10,monoclinic,-0.29145,0.0,test
7804,8344,JVASP-68894,BeTe2Pd,4,99,tetragonal,-0.04046,0.0,test
7805,9399,JVASP-70813,BeOsRh2,4,99,tetragonal,-0.1662,0.0,test
7806,49817,JVASP-116572,As2H6CO6,30,41,orthorhombic,-0.81443,4.061,test
7807,25135,JVASP-9169,CaN6,14,70,orthorhombic,-0.22725,3.506,test
7808,44703,JVASP-19708,TiCr2,6,227,cubic,-0.11671,0.0,test
7809,3724,JVASP-88224,RbTi2P3O12,36,167,trigonal,-2.68605,2.707,test
7810,38562,JVASP-30434,VF4,20,14,monoclinic,-2.88586,0.048,test
7811,86280,JVASP-182705,Ca2Cd,3,38,orthorhombic,-0.19607,0.0,test
7812,9825,JVASP-69899,BeZnSi,3,156,trigonal,0.3682,0.0,test
7813,54143,JVASP-117571,BaSrCl,3,187,hexagonal,-0.58643,0.0,test
7814,17237,JVASP-103972,CdH10C7O4,22,1,triclinic,-0.46374,3.799,test
7815,26367,JVASP-29760,MoCl2,36,64,orthorhombic,-0.96021,2.514,test
7816,31148,JVASP-36171,CrCo2As,4,225,cubic,0.08368,0.0,test
7817,63260,JVASP-141659,MnOF,24,13,monoclinic,-2.11597,0.0,test
7818,70408,JVASP-151620,Yb2In8Ir,11,123,tetragonal,-0.37209,0.0,test
7819,44326,JVASP-110108,SmMg5Sb4,10,164,trigonal,-0.57292,0.0,test
7820,12258,JVASP-92907,HfMg6Mo,8,38,orthorhombic,0.17322,0.0,test
7821,71872,JVASP-145874,Li4MnOF5,11,12,monoclinic,-2.82222,0.197,test
7822,19618,JVASP-19866,TmAl2,6,227,cubic,-0.5164,0.0,test
7823,93616,JVASP-193645,CaCdHg2,4,225,cubic,-0.32099,0.0,test
7824,89931,JVASP-192103,YScRh2,4,123,tetragonal,-0.98046,0.0,test
7825,93054,JVASP-192320,BeGeRh2,4,123,tetragonal,-0.50859,0.0,test
7826,24541,JVASP-56902,BaSi6N8,15,44,orthorhombic,-1.23741,3.426,test
7827,68442,JVASP-145777,Li2NbNi3O8,28,186,hexagonal,-1.69031,0.0,test
7828,73483,JVASP-145919,Eu3MoO7,22,63,orthorhombic,-4.12539,0.0,test
7829,13437,JVASP-74429,BeTcPt2,4,123,tetragonal,-0.06745,0.0,test
7830,15442,JVASP-96769,Ba3P4O13,40,2,triclinic,-2.77919,5.446,test
7831,43396,JVASP-110235,HoCuSe2,4,156,trigonal,-1.26307,1.172,test
7832,38739,JVASP-47037,Li5Mn3Co2O10,20,2,triclinic,-1.83081,0.25,test
7833,3391,JVASP-65704,BaCd2Cl,4,99,tetragonal,-0.91074,0.0,test
7834,22053,JVASP-107712,DyMn2SiC,10,63,orthorhombic,-0.52876,0.0,test
7835,35120,JVASP-4567,YAlO3,10,194,hexagonal,-3.53393,3.978,test
7836,16824,JVASP-100876,Na2HgAsCl6,10,225,cubic,-0.89247,0.0,test
7837,26034,JVASP-78299,Pt2W,3,71,orthorhombic,-0.51733,0.0,test
7838,56060,JVASP-121940,TmInO3,20,62,orthorhombic,-2.76376,2.623,test
7839,14013,JVASP-93525,CaMg2,6,164,trigonal,0.06526,0.0,test
7840,92498,JVASP-187892,Sc2SnN,8,194,hexagonal,-1.41813,0.0,test
7841,60624,JVASP-137861,BaPBr,3,47,orthorhombic,-0.28868,0.0,test
7842,5727,JVASP-66242,Ba4BiOs,6,216,cubic,0.80506,0.0,test
7843,63553,JVASP-139587,NaSbO,3,99,tetragonal,0.50183,0.0,test
7844,55050,JVASP-120910,GeBr3,4,5,monoclinic,-0.50188,0.0,test
7845,67973,JVASP-133371,ErGa3Os,15,221,cubic,-0.47795,0.0,test
7846,31285,JVASP-35673,Li2MgSi,4,216,cubic,-0.27589,0.202,test
7847,34535,JVASP-41509,Tm2NiIr,4,225,cubic,-0.82504,0.0,test
7848,26438,JVASP-78681,MnO,2,225,cubic,-1.31371,0.0,test
7849,81738,JVASP-186005,Be2Os,3,191,hexagonal,-0.25667,0.0,test
7850,68690,JVASP-152128,Fe2C,12,62,orthorhombic,0.11298,0.0,test
7851,92224,JVASP-191324,ScNiC2,8,129,tetragonal,-0.37828,0.0,test
7852,15627,JVASP-99869,MoS2I2,10,12,monoclinic,-0.27645,0.0,test
7853,31529,JVASP-23483,Cr4InCuSe8,14,216,cubic,-0.35535,0.488,test
7854,74704,JVASP-151918,NbNiGe,12,62,orthorhombic,-0.48799,0.0,test
7855,67208,JVASP-134271,RbBrO,3,6,monoclinic,-0.7823,1.156,test
7856,90260,JVASP-194868,InNi6Sb,8,187,hexagonal,-0.11233,0.0,test
7857,26550,JVASP-78838,AgO,4,15,monoclinic,-0.22318,0.0,test
7858,11753,JVASP-18745,SmMg3,4,225,cubic,-0.10205,0.0,test
7859,24635,JVASP-31802,ReF6,7,229,cubic,-2.13058,0.0,test
7860,2153,JVASP-85573,VO2,12,2,triclinic,-2.36793,0.1,test
7861,78815,JVASP-166137,YbGa2S4,14,66,orthorhombic,-1.23525,2.474,test
7862,61632,JVASP-143505,NiTe2,12,205,cubic,-0.17578,0.0,test
7863,76755,JVASP-158216,RbLi2Au2,5,139,tetragonal,-0.45094,0.0,test
7864,76482,JVASP-159651,BaAcNO,8,26,orthorhombic,-1.9012,0.471,test
7865,67292,JVASP-135676,AsO,2,6,monoclinic,-0.70959,0.0,test
7866,32711,JVASP-41581,Pm2SiPd,4,225,cubic,-0.67268,0.0,test
7867,92191,JVASP-194693,Mg3PdPt2,6,123,tetragonal,-0.89424,0.0,test
7868,65030,JVASP-138261,BiPO4,6,82,tetragonal,-1.82048,3.256,test
7869,39669,JVASP-12237,Sr3V2O8,13,166,trigonal,-3.09124,3.5,test
7870,74825,JVASP-150663,MnRePb2O6,10,225,cubic,-1.45354,0.0,test
7871,69363,JVASP-145477,YGaN2,16,14,monoclinic,-1.05976,2.496,test
7872,86101,JVASP-181571,LiSiIr,3,187,hexagonal,-0.31171,0.0,test
7873,85254,JVASP-163857,Na6NiO4,22,186,hexagonal,-1.30493,0.0,test
7874,88953,JVASP-178206,Nd2Ga9Co3,28,63,orthorhombic,-0.471,0.0,test
7875,5425,JVASP-65333,BaCr2Mo,4,123,tetragonal,0.72764,0.0,test
7876,62902,JVASP-132385,HfO7,8,1,triclinic,-0.87338,0.0,test
7877,16119,JVASP-45135,Mn3TeO8,24,186,hexagonal,-1.54762,0.0,test
7878,78690,JVASP-180853,BaCdCl2,4,99,tetragonal,-1.61586,0.937,test
7879,80658,JVASP-180166,MgSiNi,3,187,hexagonal,-0.31432,0.0,test
7880,14586,JVASP-93352,TaV2,6,227,cubic,-0.10018,0.0,test
7881,25122,JVASP-42689,LiMnPH2O5,20,31,orthorhombic,-1.76159,1.908,test
7882,39965,JVASP-86276,NpMn2Si2,5,139,tetragonal,-0.21501,0.0,test
7883,22736,JVASP-22611,SiO2,12,182,hexagonal,-2.86855,5.543,test
7884,87598,JVASP-186856,AlPbSe2,4,99,tetragonal,-0.46834,0.0,test
7885,83834,JVASP-176472,La4FeNi3O12,20,2,triclinic,-2.50694,0.0,test
7886,19183,JVASP-43151,Li3SiNiO5,20,2,triclinic,-2.12777,0.256,test
7887,27435,JVASP-34237,V2CdO6,9,12,monoclinic,-2.22086,2.072,test
7888,39675,JVASP-44669,Lu6WO12,19,148,trigonal,-3.67252,2.897,test
7889,9604,JVASP-69666,NaBe2Fe,4,119,tetragonal,0.77677,0.0,test
7890,5486,JVASP-90281,NiAsPd,9,189,hexagonal,-0.26294,0.0,test
7891,67045,JVASP-141082,PrMg16Al12,29,217,cubic,-0.11426,0.0,test
7892,70737,JVASP-153215,RuCl3,16,59,orthorhombic,-0.5487,0.0,test
7893,86468,JVASP-176566,BiSb3Te6,10,160,trigonal,-0.16369,0.085,test
7894,72621,JVASP-150127,BaNdCo2O5,9,123,tetragonal,-2.20772,0.0,test
7895,58641,JVASP-126650,HoTm,2,187,hexagonal,0.00055,0.0,test
7896,90373,JVASP-193447,LaHfN2,4,166,trigonal,-1.81693,0.0,test
7897,15398,JVASP-7562,S,2,123,tetragonal,0.71781,1.207,test
7898,80299,JVASP-168124,YbLiBi,12,62,orthorhombic,-0.8735,0.426,test
7899,73668,JVASP-146315,Nb5Si3B,18,193,hexagonal,-0.62133,0.0,test
7900,43418,JVASP-21649,LuAl8Fe4,13,139,tetragonal,-0.43849,0.0,test
7901,15748,JVASP-102944,InHg3,8,194,hexagonal,0.17416,0.0,test
7902,75833,JVASP-156049,TbMn2Tc2,5,139,tetragonal,-0.08753,0.0,test
7903,24492,JVASP-13856,GaSe,4,160,trigonal,-0.58222,0.835,test
7904,18344,JVASP-15211,FeSiRu2,4,225,cubic,-0.25731,0.0,test
7905,53660,JVASP-111615,YbGa6Fe6,13,71,orthorhombic,-0.29033,0.0,test
7906,81683,JVASP-168586,CoBi6S2O16,25,5,monoclinic,-1.41426,0.413,test
7907,72988,JVASP-149453,CeCo5,6,191,hexagonal,-0.15353,0.0,test
7908,25564,JVASP-11580,Sr4MgCr2S2O6,15,115,tetragonal,-2.48967,0.341,test
7909,32563,JVASP-31202,NaBH4,12,137,tetragonal,-0.37232,6.434,test
7910,28064,JVASP-80965,MnHgPd2,4,12,monoclinic,0.03137,0.0,test
7911,91073,JVASP-187734,Hf2AsC,8,194,hexagonal,-1.02955,0.0,test
7912,14757,JVASP-96825,K17Fe5O16,38,8,monoclinic,-1.5462,0.516,test
7913,71233,JVASP-153488,Na2MoO4,14,70,orthorhombic,-2.2362,4.032,test
7914,30216,JVASP-57571,K2MnF6,18,186,hexagonal,-2.84765,2.45,test
7915,19317,JVASP-101954,CdH8C6O4,19,2,triclinic,-0.52353,4.035,test
7916,32579,JVASP-35867,ErTe2,6,129,tetragonal,-1.13816,0.0,test
7917,78343,JVASP-164024,NiGe2,12,64,orthorhombic,-0.15616,0.0,test
7918,64227,JVASP-141486,LiFeN,12,62,orthorhombic,-0.50905,0.0,test
7919,46302,JVASP-38490,Ge3Sb,4,225,cubic,0.36932,0.0,test
7920,90212,JVASP-189401,Ca3PbO,5,221,cubic,-1.75731,0.0,test
7921,11668,JVASP-70804,Be2TlCl,4,123,tetragonal,0.70047,0.0,test
7922,65539,JVASP-130870,Te2Pb,3,12,monoclinic,-0.10329,0.0,test
7923,74530,JVASP-153674,Th5Sn3,16,193,hexagonal,-0.55189,0.0,test
7924,48719,JVASP-103458,LiNdS2,4,123,tetragonal,-1.85867,0.249,test
7925,30387,JVASP-34174,CoP2O7,10,5,monoclinic,-1.72341,0.0,test
7926,4793,JVASP-66112,Ba4VRe,6,216,cubic,1.79431,0.0,test
7927,87537,JVASP-179682,BaSbAs,3,187,hexagonal,-0.75846,0.0,test
7928,28384,JVASP-79515,KC,2,225,cubic,2.14955,0.588,test
7929,65662,JVASP-111804,LiNiAsO4,14,74,orthorhombic,-1.43147,0.401,test
7930,45267,JVASP-108799,Cd2GaAgSe4,8,6,monoclinic,-0.45191,0.031,test
7931,77235,JVASP-129684,TaTe4Rh,24,31,orthorhombic,-0.3893,0.0,test
7932,64322,JVASP-139611,NaSrO,3,6,monoclinic,-1.4078,0.0,test
7933,83596,JVASP-182628,BaAgSn3,5,107,tetragonal,-0.4576,0.0,test
7934,17222,JVASP-102907,SrCeN2,8,141,tetragonal,-1.36429,0.82,test
7935,37672,JVASP-5821,SI2O6,18,15,monoclinic,-0.71437,1.85,test
7936,6924,JVASP-89945,PrAlNi,9,189,hexagonal,-0.54262,0.0,test
7937,24411,JVASP-11173,NdAlO3,5,221,cubic,-3.53647,2.981,test
7938,43180,JVASP-110242,HfZrS6,8,6,monoclinic,-1.3499,1.139,test
7939,79007,JVASP-176710,BaLi4,30,194,hexagonal,-0.04759,0.0,test
7940,91600,JVASP-187266,Hf2ZrTi,4,123,tetragonal,0.07656,0.0,test
7941,10172,JVASP-93489,ICl2,6,136,tetragonal,0.09166,0.0,test
7942,83633,JVASP-181406,CrSe3,4,8,monoclinic,-0.0968,0.0,test
7943,71885,JVASP-151222,SbRh2,12,62,orthorhombic,-0.28564,0.0,test
7944,56760,JVASP-125813,NiRh3,4,221,cubic,0.05105,0.0,test
7945,34147,JVASP-39847,Yb2Ni12As7,21,174,hexagonal,-0.5002,0.0,test
7946,35884,JVASP-40311,Sr2LiIn,4,225,cubic,-0.29419,0.0,test
7947,29210,JVASP-81245,LiCuAg2,4,71,orthorhombic,1.36139,0.904,test
7948,88805,JVASP-169894,Te8RuCl2,22,15,monoclinic,-0.2153,0.151,test
7949,71752,JVASP-150314,Ce2Si7,9,65,orthorhombic,-0.28868,0.0,test
7950,48706,JVASP-112413,Na3FePCO7,26,11,monoclinic,-1.95494,0.092,test
7951,54226,JVASP-118711,MgSnO,3,6,monoclinic,-1.21704,0.0,test
7952,78619,JVASP-174063,Li3Al2,5,166,trigonal,-0.24317,0.0,test
7953,87883,JVASP-165784,Li3VCr3O8,30,1,triclinic,-2.27366,0.0,test
7954,48483,JVASP-110781,Er2ZnHg,4,225,cubic,-0.37924,0.0,test
7955,92632,JVASP-192297,AlGaRu2,4,123,tetragonal,-0.45584,0.0,test
7956,40574,JVASP-14549,ErTl3,4,221,cubic,-0.18976,0.0,test
7957,45336,JVASP-22901,SmSnF7,36,14,monoclinic,-3.33324,5.068,test
7958,87118,JVASP-186832,SrMgSn4,6,216,cubic,-0.22099,0.0,test
7959,72966,JVASP-155178,Rb2PbCl4,7,139,tetragonal,-1.65126,2.704,test
7960,18374,JVASP-104834,CrI2,6,186,hexagonal,-0.27486,0.0,test
7961,46578,JVASP-27283,Ta2Hg3SO4F10,40,43,orthorhombic,-2.3182,2.584,test
7962,24762,JVASP-50644,Li3TiP2O8,28,14,monoclinic,-2.56772,0.247,test
7963,44004,JVASP-108573,NaLi2GaF6,10,225,cubic,-2.73469,5.494,test
7964,1407,JVASP-97596,Ba2VSi2O8,26,100,tetragonal,-3.04411,0.96,test
7965,27440,JVASP-79574,NbFe3,4,221,cubic,0.00452,0.0,test
7966,83404,JVASP-168628,Mn3TeP2Pb3O14,23,150,trigonal,-1.73542,0.821,test
7967,67115,JVASP-136170,SnBr2,3,191,hexagonal,-0.34572,0.0,test
7968,44717,JVASP-108653,Mg5In,6,155,trigonal,-0.06697,0.0,test
7969,85274,JVASP-170424,SmGa3Ni,5,119,tetragonal,-0.55202,0.0,test
7970,8280,JVASP-68012,BeCoGe2,4,119,tetragonal,0.31207,0.0,test
7971,3498,JVASP-91626,KGa,8,62,orthorhombic,-0.14047,0.0,test
7972,11258,JVASP-69633,Be2TlCl,4,139,tetragonal,0.74367,0.0,test
7973,16598,JVASP-18880,TaMn2O3,6,191,hexagonal,-1.1215,0.0,test
7974,749,JVASP-98505,Sm2Co7B3,24,191,hexagonal,-0.376,0.0,test
7975,1777,JVASP-64420,Ba4NaTc,6,216,cubic,1.08815,0.0,test
7976,49410,JVASP-114604,CaBeSe,3,99,tetragonal,0.3204,0.3,test
7977,88586,JVASP-166067,SmVO4,12,88,tetragonal,-3.20202,2.742,test
7978,70802,JVASP-148568,ReN,2,225,cubic,0.91701,0.0,test
7979,18177,JVASP-101800,H4C7S2O,14,1,triclinic,0.024,1.567,test
7980,62595,JVASP-138445,CaHfO,3,99,tetragonal,-1.01838,0.0,test
7981,1357,JVASP-91752,BC2N,8,12,monoclinic,-0.08625,2.6,test
7982,76602,JVASP-161350,Ca2AlZn,4,225,cubic,-0.32215,0.0,test
7983,58687,JVASP-129502,HoIn,2,123,tetragonal,-0.47555,0.0,test
7984,39905,JVASP-50002,Ba4OF6,22,186,hexagonal,-3.76029,3.655,test
7985,10457,JVASP-71720,MgBeIr2,4,119,tetragonal,-0.12064,0.0,test
7986,68913,JVASP-148272,Li3Co2NiO6,12,164,trigonal,-1.62013,0.0,test
7987,21218,JVASP-107154,MgO2,3,166,trigonal,-1.88888,2.526,test
7988,40782,JVASP-11478,HoVO4,12,141,tetragonal,-3.23625,2.774,test
7989,74901,JVASP-146147,Li7Mn2Co3O12,24,1,triclinic,-1.92897,0.408,test
7990,56823,JVASP-128610,SmXe,2,187,hexagonal,0.86132,0.0,test
7991,79054,JVASP-169924,TiNb4S8,26,194,hexagonal,-1.32795,0.0,test
7992,77627,JVASP-161664,K3BiO4,16,2,triclinic,-1.48513,1.096,test
7993,82296,JVASP-186609,LiHfO3,5,221,cubic,-2.57853,0.0,test
7994,3938,JVASP-69243,Ba2CdSn,4,225,cubic,-0.6208,0.0,test
7995,79353,JVASP-169152,BaGe2Au2,5,139,tetragonal,-0.55366,0.0,test
7996,26141,JVASP-78402,RbP,2,225,cubic,0.47135,0.0,test
7997,88814,JVASP-172148,Hf2Os,24,227,cubic,-0.46028,0.0,test
7998,12736,JVASP-93737,FeSb2,6,140,tetragonal,0.21236,0.0,test
7999,57509,JVASP-126333,Ni3Ru,4,221,cubic,0.13937,0.0,test
